date,txVolume(USD),adjustedTxVolume(USD),txCount,marketcap(USD),price(USD),exchangeVolume(USD),fees,activeAddresses,medianTxValue(USD),medianFee,paymentCount
2017-09-24,,,5,,,,0.699398,8,,0.170894,4
2017-09-25,,,8,,,,0.520637,16,,0.0,3
2017-09-26,,,1,,,,0.178761,4,,0.178761,1
2017-09-27,,,6,,,,0.683577,12,,0.1708065,3
2017-09-28,,,36,,,,2.245973,65,,0.0,12
2017-09-29,,,2487,,,,97.645858,4747,,0.0,548
2017-09-30,,,2528,,,,146.158702,4976,,0.0,823
2017-10-01,436003334.537,131165286.735,3096,0.0,0.021678,50068700.0,291.170785,5973,18065.296266,0.17107,1661
2017-10-02,1025157737.96,151391424.74,2943,596765346.775,0.024607,57641300.0,316.074603,5858,24206.767145,0.17107,1792
2017-10-03,604612406.44,125245327.846,1808,667797139.712,0.025757,16997800.0,182.280983,3701,21063.7437169,0.17107,1018
2017-10-04,207884312.824,48658685.9893,859,540954733.002,0.020864,9000050.0,59.948744,1769,16076.1638622,0.0,335
2017-10-05,411326650.275,105529746.38,1193,569117180.371,0.021951,5562510.0,156.805239,2454,39520.6167878,0.17107,882
2017-10-06,312314745.455,88156760.7305,889,553779286.236,0.021359,7780710.0,114.499377,1844,67195.4243861,0.17107,648
2017-10-07,185266331.519,52958699.3443,671,477418796.67,0.018414,7411240.0,81.891164,1371,36179.109054,0.17107,460
2017-10-08,214142599.597,66264825.0076,679,542632959.348,0.020929,7727460.0,90.981593,1406,54499.9077244,0.17107,521
2017-10-09,163939625.745,57131563.06,680,527453167.687,0.020344,4663310.0,87.836065,1460,30458.8381498,0.17107,492
2017-10-10,211980536.346,64279716.3825,660,573307371.873,0.022112,2725600.0,80.536581,1376,46343.1169314,0.17107,460
2017-10-11,147429298.943,61110954.7733,557,556901110.311,0.02148,3606720.0,70.54622,1172,42745.99476,0.17107,399
2017-10-12,191961300.242,66928182.473,672,584346541.285,0.022538,8680640.0,86.246889,1411,46152.572646,0.17107,492
2017-10-13,243264094.953,90728018.358,782,675685385.315,0.026061,15613600.0,110.361223,1642,106924.705593,0.17107,625
2017-10-14,379080551.684,101997900.982,930,878302735.831,0.033876,27853200.0,142.220331,1944,699264.961828,0.171246,812
2017-10-15,280089467.037,86825379.1343,726,852315171.298,0.032874,7104990.0,104.520862,1450,663027.841217,0.171246,593
2017-10-16,229827474.898,85276112.841,626,776235927.408,0.029939,6196030.0,93.112895,1311,569556.699329,0.171246,540
2017-10-17,305513404.208,94783780.9301,669,750680263.292,0.028953,7039900.0,104.33597,1343,514046.846489,0.171246,603
2017-10-18,464452866.206,210134539.479,502,705701001.385,0.027219,2336180.0,78.68741,1042,446224.390488,0.171246,449
2017-10-19,206818645.137,129830627.41,536,692353930.324,0.026704,2897720.0,82.803862,1124,414421.284199,0.171246,470
2017-10-20,189373019.895,80659810.0674,705,699559649.274,0.026982,8716410.0,111.994747,1477,394919.568082,0.171246,627
2017-10-21,154653813.895,55538537.8263,578,798714952.334,0.030806,5344520.0,84.506958,1204,433132.634977,0.17107,486
2017-10-22,128926681.227,51814314.8075,517,740601428.649,0.028565,2930210.0,75.831882,1118,388142.264806,0.171246,435
2017-10-23,65490614.3749,33508263.5887,298,717753741.753,0.027684,3517050.0,42.534358,657,194512.283729,0.171246,238
2017-10-24,131859234.357,61822211.6417,714,656958792.531,0.025339,7589560.0,113.657667,1556,200718.934725,0.171246,646
2017-10-25,119840361.528,46434947.6763,445,701028866.222,0.027038,2561430.0,69.408139,941,329960.868399,0.171246,397
2017-10-26,114449869.941,62228720.3755,429,710629837.595,0.027409,2437710.0,66.791287,910,323338.531383,0.171246,379
2017-10-27,86978314.2657,41077078.5749,450,703603506.748,0.027138,2511440.0,70.030302,960,305074.033181,0.171246,399
2017-10-28,83751961.3979,38369163.6677,372,682895750.772,0.026339,1739460.0,58.897018,791,289962.37592,0.171246,338
2017-10-29,72005519.9121,40777657.6307,411,669719817.798,0.025831,4746180.0,61.400928,881,275233.968429,0.171246,350
2017-10-30,3379714002.53,122846645.36,576,734200214.35,0.028318,3781270.0,93.926058,1195,314443.083854,0.171246,530
2017-10-31,296413605.695,111187703.289,626,740152241.675,0.028547,7304450.0,100.983941,1328,296973.219581,0.171246,579
2017-11-01,149875308.518,87059049.8258,574,755184354.576,0.029127,9382780.0,95.194351,1245,290230.570981,0.171246,538
2017-11-02,91767593.5423,56428919.1582,458,598368052.295,0.023079,6165050.0,75.110304,1017,221966.184076,0.171246,425
2017-11-03,52618111.8523,31546030.6937,377,555308450.999,0.021418,2836080.0,59.906445,830,199089.857787,0.171246,340
2017-11-04,51279920.9842,29050006.0539,355,587017469.537,0.022641,2626920.0,55.404465,774,200940.400159,0.171246,317
2017-11-05,55581018.1343,24963442.4062,379,571795614.124,0.022054,2396230.0,60.284034,813,189033.48942,0.171246,349
2017-11-06,62292930.5621,35175315.007,472,543872158.252,0.020977,4591160.0,78.82348,1046,171472.135356,0.171246,447
2017-11-07,58612520.08,35370666.2359,402,566395126.695,0.021846,2539540.0,63.690628,858,171486.603886,0.171246,362
2017-11-08,45269129.9648,26946585.9354,356,568113970.003,0.021912,6367000.0,57.969264,790,167158.142328,0.171246,325
2017-11-09,85053955.8293,37720676.1839,588,652323059.397,0.02516,18716200.0,95.284479,1333,184170.427507,0.171246,540
2017-11-10,183850727.368,119113220.519,547,835350445.85,0.032219,6766780.0,88.204026,1160,231880.588519,0.171246,494
2017-11-11,44345210.3937,21906468.9738,334,697207394.892,0.026891,5532220.0,52.508007,737,163368.469918,0.171246,303
2017-11-12,123441913.742,20151196.6355,394,712475898.052,0.02748,7280250.0,61.243157,800,225369.951328,0.171246,340
2017-11-13,356746741.016,70934318.1637,383,631677356.387,0.024364,4419440.0,62.372078,813,170820.918736,0.171246,352
2017-11-14,46429195.963,29414203.911,448,668843188.656,0.025797,3033290.0,71.83201,986,72838.2969587,0.171246,403
2017-11-15,51744248.3128,28184188.5286,442,677101132.81,0.026116,6858800.0,70.979033,1000,171049.28887,0.171246,403
2017-11-16,61825795.3375,38432722.5316,443,689219315.689,0.026583,4888130.0,71.973901,968,167099.360656,0.171246,415
2017-11-17,115083117.24,87450277.882,370,703724822.519,0.027143,3578870.0,60.749748,817,167900.210884,0.171246,348
2017-11-18,117682013.955,20712804.4098,448,663657741.63,0.025597,2930550.0,72.758308,963,199100.668479,0.171246,418
2017-11-19,50836557.0819,30160504.583,443,680416226.305,0.026243,4725050.0,73.319392,973,158312.039196,0.171246,417
2017-11-20,332733193.153,98453282.4774,678,729906292.441,0.028152,16172400.0,112.526056,1474,165948.817918,0.171246,641
2017-11-21,115178829.882,23514635.3675,542,767117774.863,0.029587,5836790.0,91.303519,1163,175129.071335,0.171246,524
2017-11-22,58731150.8052,36949591.5331,470,736308034.176,0.028399,4938480.0,77.04848,1014,160964.678734,0.171246,434
2017-11-23,63033634.6725,29750035.1704,485,739955896.762,0.02854,5132300.0,81.570962,1041,157228.674509,0.171246,462
2017-11-24,60885321.6951,32735982.8635,468,710552288.457,0.027406,5502350.0,77.661925,1029,147274.458438,0.171246,439
2017-11-25,56702989.4647,35713599.968,492,734365581.883,0.028324,6156460.0,82.420601,1085,148102.906173,0.171246,465
2017-11-26,81999172.8277,46498351.2168,774,789142246.144,0.030437,30527100.0,129.839839,1757,154744.633335,0.171246,736
2017-11-27,248551306.604,53378299.0491,1214,949423396.227,0.036619,77777296.0,203.50762,2668,184698.107026,0.171246,1150
2017-11-28,361626658.441,148186360.101,2214,1312609800.34,0.050627,240338000.0,376.086687,4719,243397.814202,0.171246,2136
2017-11-29,722991386.435,98462739.1794,1274,3065480351.3,0.118235,210624992.0,207.949075,2702,613397.452289,0.17107,1183
2017-11-30,1439135957.91,589039930.383,3217,2461256805.93,0.09493,124345000.0,544.873563,6444,414287.712873,0.171246,3126
2017-12-01,2857211194.67,939527807.67,3075,3023666820.01,0.116622,73657600.0,526.069775,6231,476847.477905,0.17107,2977
2017-12-02,919464224.767,389085784.882,2269,3412858076.35,0.131633,56712600.0,381.75557,4386,510203.73107,0.17107,2176
2017-12-03,755702161.038,361816440.808,1972,3431473712.37,0.132351,46458900.0,334.232577,3920,496588.039137,0.17107,1902
2017-12-04,4337070442.85,1108166147.92,2768,3410602420.99,0.131546,76392704.0,472.122462,5293,483666.192644,0.17107,2699
2017-12-05,3911611136.7,703539241.592,3144,3516358941.98,0.135625,50381100.0,536.204627,6005,476880.640306,0.17107,3051
2017-12-06,2506608852.05,427339222.153,3243,3286204336.41,0.126748,75688800.0,556.724766,6270,421986.394871,0.17107,3175
2017-12-07,2273088469.72,321731272.621,3080,3053327389.17,0.117766,71024600.0,529.408236,5893,377879.547277,0.17107,3008
2017-12-08,1683236055.37,569099148.286,2981,2751951121.35,0.106142,70092400.0,509.523792,5694,326147.526396,0.17107,2922
2017-12-09,1120676230.06,232211890.194,2307,2975001708.9,0.114745,63308600.0,397.817485,4509,336600.950734,0.17107,2270
2017-12-10,626919827.581,247579022.644,1925,3105907488.03,0.119794,46376600.0,331.000772,3788,336876.321033,0.17107,1878
2017-12-11,1570034525.44,276950265.32,2903,2824158012.39,0.108927,39513900.0,499.253429,5634,297121.390672,0.17107,2858
2017-12-12,1928367014.86,393683239.977,3453,3141764626.22,0.121177,60056800.0,593.232415,6598,316450.9946,0.17107,3383
2017-12-13,2197540173.18,385515530.998,3330,3467460486.77,0.133739,61575000.0,572.413354,6444,335681.02008,0.17107,3273
2017-12-14,3414740056.46,403020544.28,5011,3465593737.47,0.133667,309307008.0,865.688482,9816,577951.059664,0.17107,4929
2017-12-15,6277471268.66,712848480.81,5428,6046426193.6,0.233209,207311008.0,936.735232,10695,779613.991127,0.17107,5361
2017-12-16,4246707570.86,806976248.069,7126,5519225140.64,0.212875,581052032.0,1226.080362,13835,480193.005382,0.17107,7060
2017-12-17,13675413813.7,743392642.802,7332,10027942707.5,0.386775,628142976.0,1266.035793,15271,1541759.57746,0.17107,7232
2017-12-18,9845477473.72,1613895210.51,7110,13273078564.5,0.511939,253463008.0,1215.359591,14287,1643509.73069,0.17107,6991
2017-12-19,15207973217.0,2648804344.26,10754,13489025134.7,0.520268,279631008.0,1846.094336,21375,1065649.04541,0.17107,10644
2017-12-20,9280441500.65,2054951057.91,8367,13837407181.4,0.533705,182924000.0,1428.018715,16847,1036164.1605,0.17107,8254
2017-12-21,8988864244.99,2766406781.27,7759,12705534990.4,0.490049,162926000.0,1324.952454,15587,920576.074578,0.17107,7656
2017-12-22,5681960311.43,1562129664.43,6840,12418392684.4,0.478974,150972992.0,1167.895349,13907,887417.17744,0.17107,6738
2017-12-23,3934633549.13,1178186304.74,6153,10744696572.7,0.41442,88865000.0,1049.697771,12414,724533.24254,0.17107,6065
2017-12-24,2977420201.13,1068961747.95,4770,10802799137.6,0.416661,67372304.0,812.142518,9785,688392.134599,0.17107,4702
2017-12-25,2304227314.42,913744679.119,4218,10171967583.8,0.39233,122194000.0,719.860952,8669,586197.07957,0.17107,4156
2017-12-26,2639990337.59,927850173.961,4295,10722736343.6,0.413573,94896000.0,732.098409,8862,549672.432121,0.17107,4228
2017-12-27,2730782838.08,1100406246.24,4916,11073633316.1,0.427107,82067504.0,840.267464,10132,512908.050928,0.17107,4837
2017-12-28,2513310742.9,1044573401.36,4882,10682471602.6,0.41202,82263800.0,832.866012,10055,449142.661123,0.17107,4816
2017-12-29,3268899000.85,1296660390.91,5706,10641947592.1,0.410457,266403008.0,975.33992,11590,410436.297053,0.17107,5618
2017-12-30,2930330853.67,1085767436.93,5253,13697686198.4,0.528316,645155968.0,902.028763,11357,478061.397893,0.17107,5167
2017-12-31,5514803463.9,677209905.423,3166,16660242913.5,0.642581,305947008.0,541.155233,6930,558116.216458,0.17107,3095
2018-01-01,3381306310.98,1087988290.45,2957,18637596875.0,0.718847,150186000.0,505.895755,6335,602903.596745,0.17107,2899
2018-01-02,2102776258.52,778487920.534,3270,18788725769.1,0.724676,289712000.0,559.289502,7085,584655.511778,0.17107,3225
2018-01-03,1802784249.43,906805924.988,3345,20208480351.6,0.779681,657398016.0,572.844965,7654,607202.630046,0.17107,3268
2018-01-04,6669245902.77,5264646328.19,3366,28365401741.0,1.09,593430016.0,575.218109,8003,229381.105854,0.17107,3255
2018-01-05,7979340484.1,5229343934.99,2499,30334672529.6,1.17,508100000.0,429.038026,6204,42275.3906858,0.17107,2394
2018-01-06,6957160120.61,749006550.625,3015,25777764593.7,0.997,297615008.0,516.193856,7036,746543.377871,0.17107,2918
2018-01-07,9212376977.57,2078618248.63,4210,26406859963.0,1.02,226067008.0,718.077671,9521,1529316.11047,0.17107,4093
2018-01-08,2944338563.13,1384129219.51,2747,25909673473.9,0.999329,264460992.0,468.601695,6481,740134.033,0.17107,2663
2018-01-09,8112034890.38,3319781772.9,6445,23287305850.8,0.898185,209492000.0,1105.937569,13383,1290722.49517,0.17107,6336
2018-01-10,6488053607.89,1895641823.33,4444,21153170893.8,0.815872,236472000.0,762.284692,9549,1140596.91958,0.17107,4345
2018-01-11,3801164708.57,1807330326.4,3544,20521846726.1,0.791522,229000992.0,607.786058,7605,1078152.32824,0.17107,3467
2018-01-12,3368343118.19,1907721199.9,3769,18039251940.8,0.695769,365795008.0,646.064994,7712,921296.334244,0.17107,3704
2018-01-13,5437433115.03,2321059697.05,6444,23785753781.9,0.91741,313215008.0,1104.420143,13505,659983.021467,0.17107,6383
2018-01-14,4310328241.9,1999277130.97,5608,22866665058.8,0.881961,160712000.0,960.472907,11782,594604.582643,0.17107,5554
2018-01-15,4340492437.23,2236369469.55,5315,20631751578.4,0.795761,972993024.0,911.286102,10950,511847.557498,0.17107,5229
2018-01-16,4844124532.52,1774212300.05,5613,20239215731.0,0.780621,1632649984.0,962.698826,11752,458432.803791,0.17107,5528
2018-01-17,2506285924.41,1155434906.9,4487,16181681045.8,0.624123,1713769984.0,769.401425,9658,340464.526076,0.17107,4418
2018-01-18,4505299017.54,1154124060.2,5082,16367629995.3,0.631295,1285490048.0,871.2281,10405,323547.99357,0.17107,5035
2018-01-19,2011384758.08,956895138.812,4041,16840773105.7,0.649544,584574016.0,689.866607,8581,307005.328668,0.17107,3973
2018-01-20,2202778350.28,1185679144.15,4805,17022781140.4,0.656564,738798976.0,823.086658,10017,288772.540146,0.17107,4758
2018-01-21,1896443151.52,1222432232.7,3529,18314649284.1,0.706391,847731008.0,605.182882,7601,291831.985057,0.17107,3469
2018-01-22,4492163801.32,2138048438.99,3663,15944707620.7,0.614983,522984000.0,626.861928,7698,247084.949462,0.17107,3614
2018-01-23,2490284377.55,602289752.549,2913,14688644761.6,0.566537,375958016.0,505.942525,7650,396525.425133,0.17107,4662
2018-01-24,1844063798.0,855999602.98,2841,14606507801.6,0.563369,689838016.0,493.5483,7863,605896.765937,0.171246,4774
2018-01-25,3054464694.39,490300296.66,2486,16316864791.5,0.629337,654814016.0,431.411187,6704,736413.148117,0.17107,4076
2018-01-26,1701803084.01,647023536.724,2489,16435247795.1,0.633903,810062016.0,434.499444,6947,676030.036513,0.171246,4390
2018-01-27,1340985910.48,883752839.614,2643,16164932157.7,0.623477,331308992.0,460.902618,7484,652192.651343,0.171246,4501
2018-01-28,1839378464.26,758266923.3,2841,16089302893.4,0.62056,325145984.0,493.787165,7656,637024.155824,0.171246,4540
2018-01-29,2288714721.23,836870260.168,2845,17354880987.7,0.669373,238318000.0,493.978388,7485,679204.367154,0.171246,4386
2018-01-30,1647707242.83,923042564.283,2655,16199207745.0,0.624799,359622016.0,461.201947,7437,624798.893116,0.171246,4150
2018-01-31,1419169132.95,930506636.407,2597,13679070561.3,0.527598,505904000.0,451.201418,7246,526242.697865,0.171246,4100
2018-02-01,1398187923.12,725762726.882,2649,13376086815.5,0.515912,595624000.0,461.263202,7395,512228.579755,0.171246,4121
2018-02-02,1671994527.03,819768818.773,3833,10875369008.4,0.41946,1438809984.0,668.419952,9764,411346.410958,0.171246,5695
2018-02-03,851286257.902,622874782.134,2863,10395847838.6,0.400965,1404499968.0,498.362836,7659,384538.227901,0.171246,4570
2018-02-04,3034118489.05,246243727.286,1931,11248848458.7,0.433865,814753984.0,337.506763,5478,182072.671173,0.171246,3184
2018-02-05,1222448970.72,256355494.297,2196,9983062948.12,0.385044,658547968.0,384.825949,6138,138494.017561,0.171246,3549
2018-02-06,35679500865.0,1114983990.35,3261,8587279106.15,0.331209,1338390016.0,1074.824042,45042,313306.484955,0.171246,4941
2018-02-07,39216577043.4,998619444.477,2570,9522157414.79,0.367267,679744000.0,451.946121,6042,356003.614509,0.171246,3802
2018-02-08,1115780825.42,476445532.792,1064,8930942426.07,0.344464,346383008.0,183.243693,2429,322332.637523,0.17107,1048
2018-02-09,23911113751.4,1214554097.55,2089,9148314985.35,0.352848,401271008.0,366.265692,5062,328413.092462,0.171246,2878
2018-02-10,58147698258.4,794538364.187,2825,10025246291.6,0.386671,951824000.0,500.431586,7637,357314.169399,0.171246,5318
2018-02-11,38016580748.6,635389239.29,2204,10503159983.5,0.405104,331944000.0,388.565029,5819,371461.216478,0.171246,3643
2018-02-12,31997879557.6,1008084550.84,2958,9660296847.29,0.372595,243039008.0,519.106738,7199,338186.453861,0.171246,4217
2018-02-13,28343738946.2,729775863.928,2461,9941372218.99,0.383436,225695008.0,432.801133,5946,346795.814631,0.171246,3586
2018-02-14,24289004367.6,1121741853.71,2289,9690657446.62,0.373766,299008992.0,403.669105,5376,337339.428969,0.171246,3270
2018-02-15,26064092406.6,1110937962.12,2276,10232662856.3,0.394671,348342016.0,399.649227,5498,353504.634894,0.171246,3281
2018-02-16,24522385062.1,863659819.56,2405,10633780564.6,0.410142,192420000.0,421.525819,5516,363500.490039,0.171246,3293
2018-02-17,24924352391.9,1444066980.15,2939,10433130966.0,0.402403,341415008.0,517.500992,6376,349828.889022,0.171246,3868
2018-02-18,27890031701.7,994531282.892,2193,10846719595.2,0.418355,251314000.0,385.62001,5165,360956.350547,0.171246,3024
2018-02-19,28841449091.9,1854662461.42,1975,10031961403.6,0.38693,169966000.0,348.599566,4804,3289373.45122,0.171246,2841
2018-02-20,27881199699.6,1521388525.62,2174,10135980809.9,0.390942,281249984.0,381.622781,4985,961287.390115,0.171246,3125
2018-02-21,23193420984.2,1452524838.76,2079,9738026204.64,0.375593,242378000.0,365.519263,4608,873719.477076,0.171246,2891
2018-02-22,19942982985.7,1298509391.28,1686,9402478057.95,0.362651,208342000.0,295.943827,3987,2058876.17186,0.171246,2527
2018-02-23,14762612663.0,1129022158.29,1924,8679294279.35,0.334758,222508992.0,337.654695,4125,434549.712476,0.171246,2610
2018-02-24,13342030385.6,866715858.236,1606,8910304477.25,0.343668,133524000.0,280.832261,3738,341772.447819,0.171246,2221
2018-02-25,11854602228.4,1309458025.88,2605,8352457627.58,0.322152,247808000.0,457.527573,5400,274799.685601,0.171246,3279
2018-02-26,10248445703.2,821116329.256,2699,8951891498.31,0.345272,201812992.0,475.238518,5921,291786.66892,0.17107,3589
2018-02-27,15390949495.5,1207691480.2,2295,8792699285.65,0.339132,106757000.0,404.80439,5358,285006.083931,0.171246,3081
2018-02-28,45496098160.6,1178559669.7,3614,8672242116.15,0.334486,114757000.0,634.44936,7728,453621.522523,0.171246,4482
2018-03-01,31062848576.5,1012227401.37,3491,8088545977.41,0.311973,184691008.0,612.930118,7501,259688.922212,0.171246,4503
2018-03-02,21625794843.0,811566957.627,3677,7892822521.27,0.304424,107240000.0,649.4141,7745,250537.435174,0.171246,4500
2018-03-03,15254554988.5,677301349.69,2767,7595387167.99,0.292952,115320000.0,487.013465,5896,253904.138731,0.171246,3629
2018-03-04,12567910274.4,1049189836.34,2359,7681802094.44,0.296285,94436000.0,414.216038,5362,241012.173619,0.171246,3075
2018-03-05,14585023606.2,966058559.186,3124,7775450673.48,0.299897,202675008.0,549.912427,6731,241244.423832,0.171246,3953
2018-03-06,12129553090.6,951659850.182,2377,7673038745.02,0.295947,110305000.0,419.843069,5229,277557.031039,0.171246,3159
2018-03-07,11573202872.0,996545703.76,2778,7380762878.67,0.284674,190792992.0,488.722708,6081,318252.419015,0.171246,3630
2018-03-08,12785556930.6,752206573.495,3483,6434061824.37,0.24816,167808992.0,612.930393,8287,198106.823799,0.171246,5149
2018-03-09,10316697929.3,688902079.509,3348,5737297731.03,0.221286,246848992.0,592.465133,7572,292378.351042,0.171246,4892
2018-03-10,6576744257.34,643850057.662,2094,5839191118.26,0.225216,129138000.0,369.281428,5046,177913.001161,0.171246,3072
2018-03-11,5321887447.24,737331542.851,2049,5437451160.2,0.209721,161362000.0,361.525327,4875,164231.467584,0.171246,2888
2018-03-12,6248393126.76,1045609984.5,2217,5810360215.95,0.224104,184250000.0,390.044635,5141,174416.986047,0.171246,3076
2018-03-13,4630655111.09,951967636.4,1970,5784588707.93,0.22311,98868704.0,349.610508,4769,172006.830654,0.171246,2618
2018-03-14,4423483470.68,682080026.84,2330,5792885370.64,0.22343,144156000.0,411.064989,5060,170784.937084,0.171246,3046
2018-03-15,4443855328.38,848594561.594,2910,5153134905.27,0.198755,204232992.0,514.457786,6310,150690.914724,0.171246,3792
2018-03-16,2952413828.36,660510876.196,2385,4842865651.97,0.186788,97455296.0,421.808017,5313,116864.094731,0.171246,3101
2018-03-17,2553611869.63,657611367.079,2185,4634982400.46,0.17877,81096600.0,385.325077,5015,133565.737333,0.171246,2852
2018-03-18,3394150272.74,670678701.051,3563,3990979895.12,0.153931,189688992.0,626.17554,8432,114007.516826,0.171246,4858
2018-03-19,2780874401.81,530452440.125,2932,4167750662.16,0.160749,321964000.0,515.207687,6341,118665.879869,0.171246,3977
2018-03-20,2381346379.11,745790792.459,2495,5015514014.79,0.193447,249683008.0,439.420887,5533,140557.55472,0.171246,3355
2018-03-21,2266373150.85,761306325.402,2515,5323216487.58,0.205315,257686000.0,444.625359,5484,146396.133909,0.171246,3247
2018-03-22,2955565710.21,795388427.494,2584,5584768774.95,0.215403,201540000.0,456.02584,5910,152936.721311,0.171246,3860
2018-03-23,2234045930.7,803206717.568,2456,5244994515.75,0.202298,148850000.0,433.716537,5320,142417.757393,0.171246,3410
2018-03-24,1792302682.64,726131794.041,3837,4896171708.82,0.188844,132660000.0,678.950281,7860,42942.2195792,0.17107,4626
2018-03-25,2066154449.55,521328604.819,1810,4884556381.42,0.188396,59349400.0,318.615507,4084,129826.88179,0.171246,2526
2018-03-26,2747660516.19,549829228.257,2035,4769543896.5,0.18396,117497000.0,360.948226,4351,516140.369929,0.171246,2884
2018-03-27,971898116.39,351242006.407,1012,4361322170.36,0.168215,107510000.0,180.769555,2606,161200.206406,0.171246,1721
2018-03-28,865433307.59,438621690.413,1196,4023777639.05,0.155196,60260800.0,212.483087,2824,45473.0711102,0.171246,1692
2018-03-29,1914262610.9,494237561.444,2240,4152038857.43,0.160143,103465000.0,394.638053,4736,561593.625254,0.171246,3042
2018-03-30,1058593862.77,429879190.391,2054,3802308602.85,0.146654,119874000.0,361.444463,4228,316961.397696,0.171246,2660
2018-03-31,781039131.798,345555659.608,2107,3814260982.0,0.147115,113124000.0,370.472374,3863,128427.972778,0.171246,2583
2018-04-01,1890540443.57,206360833.731,1500,4060101465.17,0.156597,100833000.0,265.454027,3321,107477.500802,0.171246,2083
2018-04-02,1062068415.25,294300926.901,1504,3932903256.9,0.151691,102697000.0,264.875586,3363,103601.090127,0.171246,2072
2018-04-03,738554306.286,411607993.431,2390,4092951063.35,0.157864,155987008.0,420.616945,4928,105995.278956,0.171246,3030
2018-04-04,938479268.68,505187184.328,1970,4437625539.69,0.171158,154800992.0,347.61926,4149,114333.478794,0.171246,2677
2018-04-05,1332358910.62,385394412.995,3683,4034044759.05,0.155592,113407000.0,651.739925,7046,32957.7572712,0.171246,4229
2018-04-06,849858344.437,323957702.584,2562,3847421705.12,0.148394,51827500.0,451.678535,5546,98242.7672445,0.171246,3670
2018-04-07,409759522.432,246603796.418,1870,3756443615.26,0.144885,48205400.0,328.790197,3947,92878.5392384,0.171246,2296
2018-04-08,403934419.656,260008747.532,1976,3858596272.65,0.148825,51093100.0,348.515126,4098,63109.2298801,0.171246,2376
2018-04-09,478202509.566,271425276.463,1818,4072987219.31,0.157094,93021904.0,321.359673,3923,101578.936789,0.171246,2369
2018-04-10,437289593.746,258321102.601,1893,3973064288.85,0.15324,55981300.0,333.86093,4133,45795.5336069,0.171246,2374
2018-04-11,474750071.202,286603214.67,2295,4064353504.27,0.156761,91793296.0,405.152456,4339,32919.5629817,0.171246,2690
2018-04-12,786520747.161,387992669.229,3686,4323520501.32,0.166757,488007008.0,653.409519,7160,36595.3191041,0.171246,4422
2018-04-13,1946538502.96,378187401.975,2546,5486997791.96,0.211632,230412992.0,453.060047,5682,131243.114015,0.171246,3481
2018-04-14,1540741820.12,254511288.368,1712,5151060739.37,0.198675,113212000.0,302.686489,3693,122632.719468,0.171246,2229
2018-04-15,1769445503.38,291340465.76,2372,5221426808.21,0.201389,169798000.0,418.702853,4857,53848.4153874,0.171246,2956
2018-04-16,2807504980.8,416893762.329,3256,5752931754.35,0.221889,678780992.0,579.744812,7496,84957.7606754,0.171246,4829
2018-04-17,4148944471.32,512521858.816,4087,6613736423.74,0.25509,520975008.0,726.924822,9137,153053.956362,0.171246,6257
2018-04-18,1308099880.54,350332573.012,2406,6293381540.03,0.242734,181118000.0,427.506276,5473,93436.6032738,0.171246,3134
2018-04-19,2511750386.03,361952008.681,3350,6935309879.83,0.267493,240910000.0,595.067737,6612,54674.5149232,0.171246,4169
2018-04-20,1076881741.63,365820409.931,3075,7025873136.49,0.270986,349348992.0,547.517672,6655,43481.0728622,0.171246,4315
2018-04-21,689336330.16,388554308.499,2265,7837546007.14,0.302292,294632992.0,402.966162,5349,105848.249898,0.171246,3352
2018-04-22,640068082.569,324976578.837,2128,7453721654.76,0.287488,160968000.0,378.036854,4965,57553.0106553,0.171246,2939
2018-04-23,815436367.313,333491829.662,2275,7403682408.38,0.285558,127213000.0,403.07784,5244,103140.453216,0.171246,3072
2018-04-24,915148645.402,469013886.577,3503,7480971006.35,0.288539,369016992.0,624.746263,7520,34917.5084874,0.171246,4668
2018-04-25,822111830.269,466326223.837,2672,8110117299.72,0.312805,351596000.0,475.789051,6070,62604.8674613,0.171246,3763
2018-04-26,1011166763.53,291823952.901,2644,7020921066.36,0.270795,220715008.0,467.079218,5676,96265.5073169,0.171246,3394
2018-04-27,577446754.886,343374826.063,2585,7637829782.27,0.294589,197183008.0,458.924149,5798,58914.7533452,0.171246,3441
2018-04-28,1164836862.74,353049613.158,3852,7444439763.8,0.28713,636742016.0,689.12694,8187,18022.2854832,0.171246,5587
2018-04-29,1819448789.89,381848371.189,3595,9351116530.55,0.36067,671886976.0,643.835949,7963,36062.9092621,0.171246,5211
2018-04-30,2681996974.46,371514262.838,2773,9445154015.82,0.364297,298712000.0,492.95064,6129,113089.975306,0.171246,4057
2018-05-01,1357655982.27,349521196.909,2808,8891766621.75,0.342953,365521984.0,499.104297,5958,50455.2324867,0.171246,3825
2018-05-02,1052501587.29,374288543.667,2901,9271572278.76,0.357602,272855008.0,514.22308,6299,119931.7685,0.171246,3934
2018-05-03,1029777039.16,309283516.98,2358,9642951637.39,0.371926,300814016.0,421.417145,5646,37192.5364073,0.171246,3387
2018-05-04,830467879.004,294935913.803,2236,9613161433.36,0.370777,171266000.0,397.59699,5322,191610.490025,0.171246,3252
2018-05-05,1540181565.74,350138707.755,2221,9367917272.9,0.361318,139447008.0,392.268628,4963,99614.9205052,0.171246,2951
2018-05-06,1161382712.89,186938810.841,1628,9487570703.41,0.365933,148186000.0,288.427224,3775,140318.017641,0.171246,2249
2018-05-07,2947171881.19,256182022.724,1971,9073126481.0,0.349948,171384992.0,356.782759,4781,77885.594247,0.171246,2617
2018-05-08,2271158709.25,291616450.712,2262,8700995236.9,0.335595,142455008.0,401.571704,5058,94306.1782318,0.171246,3077
2018-05-09,1105607206.82,504323088.446,2217,8515124068.92,0.328426,178122000.0,391.929437,4670,75059.0989428,0.171246,2781
2018-05-10,550338942.398,266618048.748,2144,8397233678.71,0.323879,122958000.0,379.021828,4808,111026.222099,0.171246,2800
2018-05-11,581317646.984,307410703.643,2693,7695076754.65,0.296797,348752000.0,477.600684,5786,120043.795408,0.171246,3669
2018-05-12,1242726717.46,156102167.056,2040,6809719149.73,0.262649,255480992.0,360.749129,4396,74072.6080162,0.171246,2688
2018-05-13,826577484.876,158477365.928,1822,7042829440.84,0.27164,179522000.0,322.548538,4142,77876.5917752,0.171246,2397
2018-05-14,1045632020.21,196779937.838,1957,7411304966.92,0.285852,161643008.0,344.873239,4371,43200.2406447,0.171246,2431
2018-05-15,701693961.799,175921714.728,1879,7110991709.58,0.274269,97408800.0,332.884993,4342,61411.6797192,0.171246,2607
2018-05-16,387247690.41,140147233.52,1569,6717237288.94,0.259082,108749000.0,277.375729,3683,57388.6580646,0.171246,2193
2018-05-17,423279850.942,175131918.408,1655,6672383457.55,0.257352,83683800.0,292.941887,3810,64435.8409813,0.171246,2253
2018-05-18,284719378.382,145900538.769,1720,6295507559.57,0.242816,79212200.0,304.584066,4001,51536.5039229,0.171246,2345
2018-05-19,180414074.532,125694143.939,1361,6383218839.54,0.246199,57778000.0,239.71478,3134,56469.4115495,0.171246,1790
2018-05-20,334058872.322,151464355.318,1725,6303985711.52,0.243143,101310000.0,308.142522,3746,48690.5451161,0.171246,2318
2018-05-21,336051971.815,176661742.947,1615,6640700577.23,0.25613,85090304.0,286.479748,3559,45981.2748645,0.171246,2197
2018-05-22,263117186.329,132413044.552,1621,6466133610.64,0.249397,78363296.0,287.836746,3816,48632.4440473,0.171246,2256
2018-05-23,402011340.095,146763858.386,2135,5817853138.95,0.224393,124268000.0,378.31317,4864,72544.0851007,0.171246,3131
2018-05-24,346587152.775,129250911.854,1957,5271595690.39,0.203324,127678000.0,346.39657,4224,55894.5500341,0.171246,2908
2018-05-25,334005199.439,96729758.8054,2509,5420313366.88,0.20906,83368000.0,438.484732,4491,14019.7003043,0.17107,3179
2018-05-26,243206146.894,83453845.8167,1374,5179217537.29,0.199761,60616400.0,242.227355,3110,68269.2410172,0.171246,1857
2018-05-27,283839937.086,88416098.6216,1541,5090884008.29,0.196354,58991000.0,271.776996,3578,23346.1641843,0.17107,2140
2018-05-28,294040744.073,120512816.472,2026,5021969855.1,0.193696,95106200.0,357.224125,4345,44111.6155894,0.171246,2689
2018-05-29,328689366.493,105929727.723,2409,4549552702.99,0.175475,185184000.0,428.945743,5284,35395.8499469,0.171246,3341
2018-05-30,251491787.512,128398831.526,2109,5280955362.91,0.203685,222612000.0,373.264661,4699,31057.3251014,0.171246,3163
2018-05-31,480740986.18,309153838.861,2459,5454874151.57,0.210393,202076000.0,440.339412,5437,32288.3749956,0.171246,3360
2018-06-01,420984542.245,169291958.067,1841,5821482928.91,0.224533,130538000.0,324.428248,3846,13341.3763053,0.17107,2516
2018-06-02,464255669.283,144107354.957,1587,5773984535.43,0.222701,116435000.0,279.189809,3461,32850.2813977,0.171246,2168
2018-06-03,360149731.008,138426802.97,1853,5903593961.97,0.2277,117208000.0,326.765688,4022,23391.1543024,0.171246,2503
2018-06-04,361898991.918,121003966.629,1846,5915390778.62,0.228155,115605000.0,328.994612,3884,21629.41787,0.171246,2417
2018-06-05,308191242.62,117277044.623,1652,5554797081.26,0.214247,119846000.0,291.371946,3682,21423.9472582,0.171246,2264
2018-06-06,243915928.465,142940431.588,1572,5718604313.7,0.220565,84766304.0,278.50967,3802,21992.9365081,0.171246,2085
2018-06-07,268574064.136,98692063.9601,1526,5602969578.7,0.216105,76949400.0,269.038094,3286,30335.4335901,0.171246,1976
2018-06-08,138288982.456,79963246.1567,998,5466230209.07,0.210831,68728600.0,174.581022,2320,56309.0691078,0.171246,1198
2018-06-09,113524624.542,71406706.4362,809,5321790498.53,0.20526,51481400.0,141.294532,2124,75136.2259467,0.171246,1007
2018-06-10,344459821.158,187634468.389,1347,5224745473.7,0.201517,137836000.0,236.030226,3497,90922.2221093,0.171246,2025
2018-06-11,503604227.395,112848089.575,1405,4569957307.04,0.176262,89350704.0,257.601958,4504,79317.8698469,0.171246,2083
2018-06-12,376920442.956,118390218.932,1593,4701822388.39,0.181348,82885904.0,283.965219,3911,66126.2140732,0.171246,2130
2018-06-13,291463393.429,96492356.8971,1620,4307419791.05,0.166136,99731600.0,284.646707,3515,63603.8771742,0.171246,2229
2018-06-14,16145806810.2,495550303.628,2931,4154813053.73,0.16025,199562000.0,520.704644,7256,129001.206015,0.171246,3635
2018-06-15,3262095102.09,496390098.5,1388,4465108234.07,0.172218,73950496.0,256.604571,3572,81308.5235126,0.171246,1692
2018-06-16,8531444240.85,255193549.592,1130,4219397386.41,0.162741,42213400.0,197.948415,2528,58804.7988455,0.171246,1408
2018-06-17,8875408193.29,146118044.764,1041,4229664505.93,0.163137,35748800.0,182.180846,2312,56620.2657793,0.171246,1194
2018-06-18,6486575078.72,198477944.541,1128,4177421458.75,0.161122,55507800.0,203.135042,2818,51853.5356805,0.171246,1330
2018-06-19,12913460475.1,161957669.827,1395,4270240371.85,0.164702,69854400.0,254.703605,3954,67787.7398238,0.171246,1702
2018-06-20,8657270256.52,308713694.833,1356,4324142751.3,0.166781,83625600.0,237.136429,2749,66712.4113551,0.171246,1659
2018-06-21,11213024479.0,118579169.638,1303,4201507707.53,0.162051,41237700.0,228.910986,2896,46300.0819328,0.171246,1639
2018-06-22,10925246871.7,201908490.799,1386,4108403597.49,0.15846,79062000.0,244.538466,3060,53638.2213048,0.171246,1960
2018-06-23,10402380673.4,151701282.512,1230,3638449516.95,0.140334,38721800.0,215.692269,2739,56120.2202191,0.171246,1597
2018-06-24,11299206185.1,162599521.6,1456,3587139844.7,0.138355,73037504.0,257.771074,3438,43556.246096,0.171246,2033
2018-06-25,12191667963.7,147639391.347,1642,3430695901.05,0.132321,57752100.0,287.838514,3705,52442.4034091,0.171246,2186
2018-06-26,8765003909.28,88131495.8278,926,3516307087.82,0.135623,32927500.0,162.680764,2131,59933.360181,0.171246,1159
2018-06-27,9274808072.09,211671128.673,1297,3281096704.01,0.126551,37072400.0,250.328231,4750,67623.6285495,0.171246,1621
2018-06-28,8267421002.09,121206968.026,1347,3302927297.48,0.127393,42250100.0,236.537181,2830,66549.0674214,0.171246,1632
2018-06-29,9283712019.57,88915893.3503,1620,3095614440.99,0.119397,65802200.0,285.236079,3376,61250.2500063,0.171246,2052
2018-06-30,7569799603.8,69437196.6633,1613,3267744262.29,0.126036,104599000.0,283.43271,3261,29474.9842416,0.171246,1975
2018-07-01,7710710153.33,70167814.306,1554,3584780480.8,0.138264,108733000.0,274.435753,3266,35503.1465027,0.171246,1843
2018-07-02,10384318830.6,173725046.185,1981,3696966915.43,0.142591,161860000.0,349.687054,3959,37611.7727896,0.171246,2521
2018-07-03,9771303862.96,297741397.256,1503,4110011075.93,0.158522,108280000.0,264.057977,3287,60759.8702756,0.171246,2031
2018-07-04,7225957431.59,284998619.493,1395,3894245994.39,0.1502,86594896.0,246.423366,3104,35950.0111298,0.171246,1816
2018-07-05,6432614779.58,178222967.734,1356,3930466112.77,0.151597,73881296.0,240.781808,3074,31849.3012915,0.171246,1826
2018-07-06,5096595992.75,143237189.869,1153,3856625814.98,0.148749,69138800.0,203.920755,2643,66135.0951419,0.171246,1511
2018-07-07,4131508611.28,128438791.573,962,3792015555.67,0.146257,47965500.0,168.882984,2090,52007.9946495,0.171246,1183
2018-07-08,4906472008.07,132359477.771,1200,3887842007.92,0.149953,48142400.0,211.437279,2483,24630.8038933,0.171246,1373
2018-07-09,4785735918.81,236729496.092,1158,3768370067.06,0.145345,42768500.0,202.939427,2466,40315.9275712,0.171246,1341
2018-07-10,5063530311.16,150987600.695,1170,3622763639.5,0.139729,62318800.0,205.524506,2505,36713.8331162,0.171246,1479
2018-07-11,3890306373.53,119739972.874,1202,3339432612.81,0.128801,50179700.0,210.198489,2519,28506.9089765,0.171246,1433
2018-07-12,4259464506.04,90171239.9735,1168,3410965399.88,0.13156,37623900.0,205.485904,2411,27289.2062313,0.171246,1350
2018-07-13,5474997634.96,80005896.8675,1386,3300490152.16,0.127299,92778496.0,245.015643,2781,28242.0242374,0.171246,1775
2018-07-14,4520748013.11,238754530.882,1199,3587399114.79,0.138365,55022100.0,210.438873,2523,37061.5130852,0.171246,1542
2018-07-15,4092822386.25,211049893.381,1029,3552760548.87,0.137029,50143900.0,180.988343,2298,37032.1923791,0.171246,1292
2018-07-16,6116539296.53,195570634.133,1601,3688825814.71,0.142277,90578096.0,281.404459,3205,20840.2388104,0.171246,1971
2018-07-17,7053011389.29,221806515.378,1755,4016492131.96,0.154915,133441000.0,314.479817,4051,27524.7029239,0.171246,2212
2018-07-18,7716161461.61,207860430.591,2243,4415354185.58,0.170299,323366016.0,400.82872,4713,22454.0934936,0.171246,3075
2018-07-19,2492275418.2,342516172.805,1509,4640582647.18,0.178986,216980992.0,267.78309,3460,23089.1633966,0.171246,2011
2018-07-20,5887756945.33,320777588.743,1938,4664098500.85,0.179893,215667008.0,341.137997,3682,68250.0980246,0.171246,2538
2018-07-21,4384503168.47,285784928.969,1483,4200029865.1,0.161994,125996000.0,259.206499,2697,51934.8075223,0.171246,1732
2018-07-22,3484863023.09,215650704.005,1573,4248772757.35,0.163874,139332992.0,276.292942,3062,23502.8322329,0.171246,1865
2018-07-23,3266780690.98,237959701.6,2265,4395312559.81,0.169526,147071008.0,399.012751,4144,30422.0830572,0.171246,2712
2018-07-24,3165182320.29,223440363.452,1993,4271121891.95,0.164736,191390000.0,356.762248,4139,42933.4306608,0.171246,2425
2018-07-25,2377040138.24,201203929.859,1876,4468789877.83,0.17236,123649000.0,330.611046,3569,39519.0561532,0.171246,2190
2018-07-26,1734595989.21,240284280.082,1580,4470241793.68,0.172416,84282200.0,277.468714,3031,76810.7130101,0.171246,1840
2018-07-27,1043441412.56,160511190.879,1268,4263706750.11,0.16445,103693000.0,226.348262,2789,50865.6890328,0.171246,1567
2018-07-28,877754776.339,147773796.376,907,4309805081.9,0.166228,51592200.0,161.54782,2383,66217.2848165,0.171246,1189
2018-07-29,853739190.539,165612662.59,951,4256265680.96,0.164163,47319500.0,166.94181,2252,186491.723558,0.171246,1188
2018-07-30,512414255.414,157771250.394,937,4232179432.21,0.163234,69612600.0,166.012038,2209,40805.2549846,0.171246,1249
2018-07-31,911097169.017,176603711.022,1241,3994505976.7,0.154067,93183800.0,220.390264,2898,60581.2504603,0.171246,1765
2018-08-01,1082030830.27,165977113.61,1144,3709800815.13,0.143086,79987900.0,200.277117,2506,88599.8110735,0.171246,1530
2018-08-02,784374575.81,171263565.11,1223,3663909900.3,0.141316,68531400.0,216.03565,2883,54592.6682039,0.171246,1768
2018-08-03,871186814.848,107418414.677,1219,3407231901.9,0.131416,77768900.0,212.54969,2738,49816.9929496,0.171246,1620
2018-08-04,507496546.055,158151285.974,1007,3390508941.42,0.130771,54577300.0,177.672706,2252,48835.4395676,0.171246,1274
2018-08-05,333270141.008,145397403.16,756,3300308662.6,0.127292,43901500.0,132.955684,1664,31858.6399577,0.171246,920
2018-08-06,360107688.125,134375408.301,937,3394346147.82,0.130919,57534800.0,164.448941,2148,15922.6835239,0.171246,1145
2018-08-07,263773855.021,57018238.2642,637,3394449856.14,0.130923,57321700.0,112.899884,1440,12779.7656654,0.171246,692
2018-08-08,330576208.129,63300940.423,935,3256284497.33,0.125594,82209700.0,168.454377,2441,25118.7785257,0.171246,1517
2018-08-09,443551115.489,65908489.5341,1307,2968831066.15,0.114507,93016600.0,232.979101,3110,13740.8203911,0.171246,1760
2018-08-10,322659829.649,141187799.213,1176,3217316109.65,0.124091,71125700.0,208.344849,2474,19643.771494,0.171246,1510
2018-08-11,2247788510.78,212469638.561,1366,3019051801.5,0.116444,65816400.0,241.698203,2965,40204.5129881,0.171246,1823
2018-08-12,2091873751.32,61170968.7107,1009,2916717654.63,0.112497,35031500.0,176.838059,2236,38331.7701763,0.171246,1238
2018-08-13,2330095991.89,126845871.843,1326,2934503624.63,0.113183,56974900.0,234.865256,2810,37971.8194841,0.171246,1770
2018-08-14,2847131343.9,110948786.787,2078,2664749937.59,0.102779,111693000.0,369.165319,4376,33625.31385,0.171246,2924
2018-08-15,1956046017.11,88069856.8734,1739,2475760458.67,0.095489,91346700.0,307.920352,3817,21095.1867699,0.171246,2331
2018-08-16,1313856076.69,78706090.7779,1255,2463971394.27,0.095035,50188900.0,221.427368,2507,26555.0178499,0.171246,1576
2018-08-17,1327689770.1,161346237.622,1527,2480753963.03,0.095682,103569000.0,269.612322,2979,26581.2564378,0.171246,1883
2018-08-18,767416315.703,95991401.9065,1361,2848025188.16,0.109847,101454000.0,243.85841,3122,34961.3104557,0.171246,1738
2018-08-19,539498760.616,43942334.0041,1004,2586069724.03,0.099744,51106900.0,176.571576,2182,31275.7114943,0.171246,1194
2018-08-20,498829707.122,50247025.8656,1136,2650850164.26,0.102243,53939600.0,200.204739,2458,26428.9644633,0.171246,1443
2018-08-21,355496502.618,46863636.7166,1234,2415401987.99,0.093161,49545100.0,217.912002,2657,19997.1485202,0.171246,1616
2018-08-22,1251396814.5,137315354.652,1217,2463481069.38,0.095016,64566000.0,251.935262,4722,25240.7750937,0.171246,1935
2018-08-23,1216310709.43,144888975.668,1275,2338756457.34,0.090205,37397400.0,226.729044,2766,58633.2358647,0.171246,1678
2018-08-24,723626948.372,159896610.567,1130,2407232467.39,0.092846,35302400.0,199.924283,2405,86171.4470032,0.171246,1356
2018-08-25,338758047.445,91714803.3325,991,2445057573.89,0.094305,30674700.0,176.494551,2122,19499.7691921,0.171246,1244
2018-08-26,295702452.321,62536907.7453,975,2443929668.18,0.094262,26907400.0,172.089641,2094,30926.7805109,0.171246,1199
2018-08-27,573630176.238,179642914.324,1535,2415832578.2,0.093178,55515600.0,272.532834,3038,37451.5962575,0.171246,1782
2018-08-28,325802979.203,135537909.006,1644,2607355848.32,0.100565,79059500.0,293.403522,3372,43219.2854166,0.171246,2114
2018-08-29,490011452.482,355893026.851,1654,2738183847.02,0.105611,83582300.0,488.489323,5677,28522.7827678,0.171246,2052
2018-08-30,201162647.479,70447860.9486,1332,2727657455.64,0.105205,64807500.0,239.489313,2724,22714.5487863,0.171246,1708
2018-08-31,336342547.325,44421713.5837,1299,2616093271.72,0.100902,42250400.0,230.775558,2572,30698.5789718,0.171246,1620
2018-09-01,170096504.186,81366924.4967,1427,2641372164.85,0.101877,70208900.0,253.283539,2780,38370.7349704,0.171246,1756
2018-09-02,101546606.18,50084275.908,1166,2771681621.29,0.106903,58391900.0,207.657124,2361,29822.6706984,0.171246,1457
2018-09-03,156931204.292,59551824.667,1148,2713267931.57,0.10465,53687200.0,203.215843,2471,29407.0924393,0.171246,1381
2018-09-04,437490398.528,54371096.3621,1257,2683036967.37,0.103484,54317400.0,221.95193,2605,38410.2652616,0.171246,1616
2018-09-05,157589953.174,70520400.6158,1658,2729277401.41,0.105267,98708900.0,300.311392,3425,21053.1706022,0.171246,2449
2018-09-06,164357374.455,57910243.0491,1582,2269264289.88,0.087525,73239200.0,286.507262,3305,17504.8092655,0.171246,2204
2018-09-07,102252914.318,50977603.2146,1318,2295090211.1,0.088521,41868100.0,236.143608,2737,15028.9750727,0.171246,1745
2018-09-08,79629738.6513,43083919.2496,1220,2180976810.0,0.08412,35208700.0,218.075209,2568,15674.5685019,0.171246,1586
2018-09-09,76197445.6521,37477029.2024,1290,2033797193.96,0.078443,47870100.0,229.759231,2780,25037.4723899,0.171246,1621
2018-09-10,164435792.177,79724080.0222,1391,2003563503.9,0.077277,44682000.0,248.210997,3037,32021.2308171,0.171246,1901
2018-09-11,161541704.288,50515531.9883,1487,1923272820.52,0.07418,47614500.0,265.784927,3400,33700.9363149,0.171246,2053
2018-09-12,473090773.419,98665222.4802,1903,1835470031.46,0.070794,91272400.0,341.823732,4000,53099.0482507,0.171246,2854
2018-09-13,189678423.118,72216565.5418,1545,1738480391.42,0.067053,86011700.0,274.894609,3166,28562.1594765,0.171246,2115
2018-09-14,148840186.536,44807029.4018,1343,1817337407.46,0.070094,62256800.0,237.888493,2793,30199.6046568,0.171246,1778
2018-09-15,96367933.6705,30500980.0828,1111,1761168965.95,0.067928,34842300.0,196.918229,2297,35244.8322719,0.171246,1398
2018-09-16,97045889.7013,62016774.3288,1144,1792947523.03,0.069153,32643600.0,202.109274,2335,21449.8357717,0.171246,1458
2018-09-17,99112216.5624,40195230.3402,1262,1811109585.03,0.069854,48609600.0,224.766012,2715,19791.995321,0.171246,1600
2018-09-18,321395585.798,42485704.056,1434,1648141514.92,0.063568,67159000.0,255.228261,3062,30348.0551085,0.171246,1906
2018-09-19,149569787.528,44049547.0806,1533,1792729770.08,0.069145,96071300.0,271.276423,2964,26518.9447923,0.171246,1883
2018-09-20,111413705.598,57041033.1378,1577,1878140281.15,0.072439,103788000.0,294.376623,3809,15225.1379339,0.171246,2068
2018-09-21,91173766.6198,48706792.9726,1934,2120256713.37,0.081778,212274000.0,349.199022,4187,16392.3864999,0.171246,2689
2018-09-22,107948760.586,46809344.3733,1374,2272753344.04,0.08766,82526800.0,243.839127,3002,36083.0736719,0.171246,1846
2018-09-23,156576131.677,45422646.9473,1669,2164611324.16,0.083488,149996000.0,299.940324,3544,32014.656081,0.171246,2234
2018-09-24,183132858.56,76474149.7905,1357,2325776620.16,0.089705,89522100.0,240.70539,2848,34323.9255147,0.171246,1903
2018-09-25,109831665.071,41342178.4759,1572,2133862518.95,0.082303,87535200.0,279.233923,3258,25415.257778,0.171246,2222
2018-09-26,85360340.3816,54699677.1113,1708,2099885296.93,0.080992,64321400.0,304.818782,3660,17076.8050074,0.171246,2156
2018-09-27,206107055.651,35022484.8666,1510,2060330169.99,0.079466,101911000.0,269.665389,3166,28242.6756591,0.171246,1917
2018-09-28,261999768.503,76761280.5773,1797,2240190005.25,0.086403,89113600.0,321.73546,4118,28099.9510266,0.171246,2967
2018-09-29,217768597.993,63715156.5466,1369,2170404363.34,0.083712,55854000.0,243.549748,2979,26604.1733349,0.171246,1880
2018-09-30,112235764.867,43921020.0394,1390,2187420222.33,0.084368,49853100.0,246.419533,3072,24935.5169623,0.171246,1874
2018-10-01,113652456.123,31730711.0134,1478,2211379553.83,0.085292,42076400.0,262.459856,3305,9089.1590767,0.171246,1940
2018-10-02,92141665.2176,35595220.5602,1409,2193541849.59,0.084604,34775200.0,252.567675,3506,15171.8650661,0.171246,1962
2018-10-03,231580768.391,30653754.617,1424,2126841553.01,0.082032,38063700.0,252.746246,3239,19919.5608682,0.171246,1938
2018-10-04,347463559.43,87885649.3491,1195,2095376564.22,0.080818,31665100.0,211.29226,2555,32362.5669548,0.171246,1539
2018-10-05,172130401.223,53946333.4202,1188,2109965843.02,0.081381,31160900.0,209.21585,2516,34114.1857512,0.171246,1528
2018-10-06,114312007.72,39123013.2694,1114,2159958319.5,0.083309,26277600.0,196.732398,2559,34711.4633212,0.171246,1433
2018-10-07,109678305.749,34019653.1018,1018,2111871087.61,0.081454,34848400.0,180.184217,2366,23531.6475829,0.171246,1229
2018-10-08,601715755.451,70036171.4633,1504,2191646261.25,0.084531,62079800.0,271.171577,3373,14141.3305309,0.171246,1919
2018-10-09,826620301.25,64337690.3518,1264,2249764481.36,0.086773,38710200.0,223.830177,2855,18596.0734834,0.171246,1627
2018-10-10,329566318.788,77721671.7521,1057,2238659687.48,0.086345,35888200.0,187.92636,2250,10038.9321831,0.171246,1327
2018-10-11,218081085.468,56508260.4344,1301,2191494904.97,0.084525,72659700.0,233.055043,2937,11467.7885804,0.171246,1968
2018-10-12,134749390.683,53116275.0873,1132,1823681724.0,0.070339,40979000.0,204.244636,2461,11906.9556438,0.171246,1521
2018-10-13,76313464.512,30750762.0858,961,1883254318.24,0.072637,23571900.0,171.404842,2173,7194.9729592,0.171246,1283
2018-10-14,80904194.0916,41052355.111,923,1894306897.48,0.073063,26250600.0,164.819684,2018,12851.4160125,0.171246,1301
2018-10-15,383441358.384,45027747.0961,1905,1826194256.76,0.070436,71953000.0,337.721038,3987,6595.55778169,0.171246,2478
2018-10-16,630235789.662,46201464.9983,1511,1939028635.81,0.074788,26555800.0,266.09206,3116,15461.639219,0.171246,1856
2018-10-17,536122901.302,61679320.5581,1406,1966837734.41,0.07586,36907800.0,278.289788,4314,20942.7844678,0.171246,1742
2018-10-18,308950607.454,78995446.9355,1281,2010286692.63,0.077536,28634400.0,230.143132,2972,20151.4800063,0.171246,1546
2018-10-19,339226732.325,47985302.6327,1184,1945110945.27,0.075022,18153800.0,208.935096,2468,22779.3758659,0.171246,1385
2018-10-20,137519708.183,36507931.6446,1156,1964955674.55,0.075788,20363900.0,209.423295,2916,13019.8326335,0.171246,1363
2018-10-21,129633592.865,38761322.4227,1016,1978370331.99,0.076305,17620200.0,181.127767,2359,16775.435947,0.171246,1254
2018-10-22,174258352.501,61610694.5805,1201,1964081893.7,0.075754,16871700.0,211.559856,2630,15601.5100585,0.171246,1454
2018-10-23,126955022.602,43089946.8063,1252,1966933910.96,0.075864,20710600.0,221.630584,2789,15299.1603918,0.171246,1552
2018-10-24,130110369.793,40345216.1841,1251,1934462778.07,0.074612,14151400.0,221.753562,2915,14922.6090221,0.171246,1517
2018-10-25,171835157.358,60749668.9407,1231,1926101358.52,0.074289,12567300.0,218.80082,2784,14735.4726549,0.171246,1491
2018-10-26,207252955.652,48472654.4064,1264,1912061815.78,0.073748,13464800.0,224.732386,2524,13361.5470379,0.171246,2420
2018-10-27,134276732.021,51080992.6096,1149,1910482804.52,0.073687,10316000.0,200.622482,2384,14800.0382006,0.171246,1402
2018-10-28,82794495.0868,34259307.3093,1079,1893464313.13,0.07303,11226100.0,190.139883,2368,13588.2861417,0.171246,1337
2018-10-29,105922889.084,50552958.4651,1222,1893762366.74,0.073042,21315700.0,214.988102,2715,16190.7761786,0.171246,1583
2018-10-30,86331863.0014,36555252.5958,1212,1805361552.27,0.069632,11418800.0,215.031722,2669,13092.4910154,0.171246,1543
2018-10-31,153694913.77,45373658.0973,1240,1807705359.26,0.069723,16366000.0,227.713074,2891,13944.6005895,0.171246,1517
2018-11-01,172413597.586,61520733.1734,1150,1807075162.46,0.069698,11256600.0,220.991812,2619,13768.9115432,0.171246,1376
2018-11-02,342298403.52,115769062.34,1287,1835994514.59,0.070814,18823400.0,226.643836,2772,20607.695748,0.171246,1584
2018-11-03,265577850.516,55574810.2822,1038,1881288901.84,0.072561,14948900.0,182.59823,2230,17580.9421202,0.171246,1273
2018-11-04,294464491.935,101711052.281,1371,1853585421.53,0.071492,52924200.0,244.930002,3024,21447.6097223,0.171246,1765
2018-11-05,188044067.955,69672090.378,1391,1969453963.71,0.075961,34358100.0,245.736119,2982,30276.9521779,0.171246,1759
2018-11-06,153554871.0,73598764.4013,1726,1966090123.7,0.076337,49473200.0,306.249235,3780,12477.7040889,0.171246,2227
2018-11-07,142103626.74,59018268.0776,1508,2100603231.45,0.08102,36852900.0,269.266076,3235,17040.7588907,0.171246,1930
2018-11-08,99373752.5185,56354734.5961,1407,2032454300.54,0.078391,32149600.0,249.303233,3013,15319.6261557,0.171246,1755
2018-11-09,765397600.19,279607900.376,1196,1978871061.65,0.076324,23756800.0,214.219594,2683,20790.7696988,0.171246,1550
2018-11-10,40615984.6644,26397484.2882,1016,1922922814.97,0.074167,15012100.0,178.648171,2302,14169.5494442,0.171246,1301
2018-11-11,55007581.9275,34351820.313,1189,1948779781.75,0.075164,23663500.0,209.860438,2610,14040.2159518,0.171246,1441
2018-11-12,168117912.039,44340775.3111,1271,1991673566.24,0.076818,20975100.0,232.019811,2829,14746.2005792,0.171246,1601
2018-11-13,66033721.0301,34329246.806,1077,1967434586.1,0.075883,20329300.0,189.965251,2385,16101.8793425,0.171246,1387
2018-11-14,920346998.704,86844077.2581,1543,1904043446.85,0.073439,54964400.0,274.078162,3489,15574.228375,0.171246,2244
2018-11-15,772412883.82,93230363.3937,1680,1681292742.98,0.064847,60267800.0,300.405697,3716,12060.8556045,0.171246,2506
2018-11-16,520779483.988,41773450.0583,1575,1639687839.47,0.063242,27544700.0,278.260542,3316,6168.79507273,0.171246,2028
2018-11-17,304771738.269,29209998.0775,973,1583171827.27,0.061062,17926300.0,174.381742,2369,11612.4193407,0.171246,1217
2018-11-18,1241329.7879,1234324.06175,164,1576438577.7,0.060803,16669400.0,28.887637,409,912.03131136,0.17107,166
2018-11-19,88631801.3978,42067824.0356,473,1604948185.4,0.061903,53737000.0,83.917526,1064,3713.4692919,0.171246,452
2018-11-20,469056950.913,51062446.6079,1271,1365261582.24,0.052658,65556800.0,221.065904,2672,22233.7839602,0.171246,1450
2018-11-21,165214483.528,51054453.7248,772,1170578858.16,0.045149,33938000.0,134.825426,1667,24525.6082382,0.171246,792
2018-11-22,104691835.962,23729031.7253,666,1241509357.09,0.047885,18689900.0,117.349274,1378,12337.3582097,0.171246,671
2018-11-23,136136296.549,18170193.724,705,1142403845.5,0.044062,24258500.0,123.892413,1427,18005.2597576,0.171246,739
2018-11-24,146697148.308,48967515.2083,708,1125741693.94,0.04342,25740400.0,126.786607,1457,31288.3755404,0.171246,763
2018-11-25,87963230.9619,27890907.104,1288,1001518844.87,0.038628,40704000.0,229.295159,3373,13278.8133003,0.171246,2236
2018-11-26,90764815.1672,54862665.1867,1532,979032110.919,0.037761,31641100.0,271.660876,3692,6252.95215922,0.171246,2432
2018-11-27,73876425.9749,24098315.6719,1399,925132268.648,0.035682,17966300.0,247.490661,3276,5511.78349754,0.171246,2043
2018-11-28,63047348.1538,25087653.5553,1628,946588334.419,0.03651,47624500.0,288.88046,3746,6905.61883814,0.171246,2548
2018-11-29,46656384.9335,28206756.3715,1565,1095904760.65,0.042269,39544072.0,280.845615,3958,5063.44625841,0.171246,2558
2018-11-30,35919327.1759,25178357.8572,1386,1088521310.57,0.041984,28861639.0,244.327828,3131,4386.27697414,0.171246,2084
2018-12-01,62986922.9307,54178597.9743,1093,1010933776.05,0.038991,19314340.0,194.080328,2709,8900.23970728,0.171246,1596
2018-12-02,19111465.754,12337861.7925,1094,1072080720.68,0.04135,23206023.0,192.354387,2474,4140.45491478,0.171246,1405
2018-12-03,43771885.0414,26748239.0896,963,1085670129.21,0.041874,21282053.0,169.818563,2147,11919.1569299,0.171246,1138
2018-12-04,30071460.2955,19705514.1263,1336,999679375.853,0.038557,23563420.0,246.789693,3461,9264.19672113,0.171246,1846
2018-12-05,42888648.4716,21994620.8694,1580,976395937.485,0.037659,26250706.0,286.628371,3546,5093.09763647,0.171246,2145
2018-12-06,37774794.4965,27781544.9047,2948,889757383.907,0.034318,27195357.0,867.175017,5618,3535.96455806,0.218466,3513
2018-12-07,30724115.6241,16917786.2795,1692,798469843.564,0.030797,31750703.0,299.345256,3874,9265.68263235,0.171246,2525
2018-12-08,12681838.5123,9188635.07,1166,772941887.945,0.029812,19987029.0,205.661735,2782,10792.4599252,0.171246,1583
