date,txVolume(USD),adjustedTxVolume(USD),txCount,marketcap(USD),price(USD),exchangeVolume(USD),generatedCoins,fees,activeAddresses,averageDifficulty,paymentCount,medianTxValue(USD),medianFee,blockSize,blockCount
2017-07-31,,,,0.0,346.36,1075960.0,,,,,,,,,
2017-08-01,,,,4855615612.79,294.6,65988800.0,,,,,,,,,
2017-08-02,,,,6302412307.06,382.38,416207008.0,,,,,,,,,
2017-08-03,420493677.867,331352075.351,20909,7392235056.31,448.49,161518000.0,437.5,20.23473119,73260,2.95657053175e+11,12444,629.606286548,0.00033919,16479358,35
2017-08-04,447588072.612,329845060.294,26517,5969656149.71,362.18,185038000.0,237.5,21.32449804,88171,2.25505642692e+11,16108,669.144040055,0.00025842,21743417,19
2017-08-05,231673055.86,174528052.518,15194,3809332514.43,231.11,144043008.0,162.5,11.22425776,53859,2.25505642692e+11,9989,450.392564419,0.00025225,12025454,13
2017-08-06,191471418.992,130659664.519,11791,3497474586.91,212.18,107606000.0,812.5,9.15282496,41285,1.51123557512e+11,7905,380.559727158,0.00023615,8983068,65
2017-08-07,282773638.305,150298987.788,16114,3688627309.69,223.76,346545984.0,975.0,8.6803523,56637,1.44323701657e+11,12207,533.058464865,0.00019493,11194094,78
2017-08-08,312076697.58,142033060.424,12855,5297452201.45,321.35,274880000.0,287.5,8.44009814,37606,1.33028839463e+11,9440,642.954811269,0.00021661,10794377,23
2017-08-09,189875351.956,123363609.725,10798,5692395447.26,345.28,165032000.0,1187.5,5.51291228,31398,1.15459053828e+11,7460,857.203473901,0.00019493,6894409,95
2017-08-10,135296549.811,88738304.194,9949,5032212212.17,305.21,136636992.0,1250.0,5.30796253,31366,1.15459053828e+11,7609,621.5845818,0.00021382,7010906,100
2017-08-11,189923981.943,87240438.3026,10507,4548837163.09,275.88,233971008.0,837.5,4.78128428,30578,1.15459053828e+11,8549,787.660096648,0.000187,6132245,67
2017-08-12,246619061.638,84767049.8745,7543,5405527079.59,327.82,126007000.0,900.0,4.60345208,24435,1.15459053828e+11,5010,612.892537534,0.00021728,8563011,72
2017-08-13,89313124.2911,56689619.7562,7814,5215745763.5,316.29,120722000.0,975.0,4.83887706,23171,1.15459053828e+11,5244,546.09079365,0.00021681,8666790,78
2017-08-14,142244610.723,102584757.121,9833,4883059628.31,296.1,174968000.0,1137.5,5.78545113,32063,1.15459053828e+11,8689,551.096914032,0.000187,12249457,91
2017-08-15,145075437.362,127208247.066,7696,4917881691.88,298.18,133924000.0,1400.0,4.87569032,25916,1.15459053828e+11,5920,514.588914825,0.000187,8196260,112
2017-08-16,100329093.162,83416782.3456,135552,4914665035.0,297.97,106436000.0,1050.0,4.35333251,185955,1.15459053828e+11,38301,0.0122882828,7.5e-06,30708572,84
2017-08-17,270791381.501,156404422.982,10813,4965215780.33,301.02,744604992.0,812.5,8.46124586,32638,1.15459053828e+11,9243,722.443665312,0.000134,6632735,65
2017-08-18,696156355.575,306368602.727,22796,7565968051.5,458.67,3087490048.0,812.5,8.81946855,60756,1.15459053828e+11,19914,1371.08690225,0.000113,12230381,65
2017-08-19,850459716.681,466930024.716,27728,11499090679.1,697.04,3196229888.0,1637.5,11.99113257,75428,1.15459053828e+11,23583,1742.59195616,0.000134,15789341,131
2017-08-20,476531316.965,301569179.952,19530,12747049866.9,772.42,1494019968.0,5800.0,8.876545,51980,72294285468.2,16626,2306.73390824,0.0001567,13646833,464
2017-08-21,329069548.516,198149104.14,16436,11949942329.2,723.7,1123399936.0,9550.0,7.12165057,45061,68222137509.7,15262,1707.12140534,0.000134,14376178,764
2017-08-22,472089714.071,253699748.764,15033,9850964668.97,596.19,1393260032.0,10687.5,6.34074654,41384,74685287379.0,15785,1800.04609708,0.0001125,12271777,855
2017-08-23,344970799.637,207334124.39,9684,11417008464.0,690.96,501983008.0,275.0,4.19772886,32477,2.72888550039e+11,10902,1422.24595953,9.6e-05,6471527,22
2017-08-24,748264395.26,276359414.004,13311,11075904905.7,670.03,407176992.0,7112.5,7.21468871,55227,91536833682.3,14160,2949.05489932,0.00011226,17391062,569
2017-08-25,375608222.577,152986940.062,10916,10371026230.3,627.06,348632000.0,8600.0,5.53354222,29759,89420641867.3,13041,1886.95655824,7.84e-05,6820313,688
2017-08-26,266767375.951,128859377.572,8233,10621494192.2,641.88,193414000.0,8450.0,3.66496469,37466,89420641867.3,9915,822.321582696,9.6e-05,15280977,676
2017-08-27,277237421.11,180709632.123,6328,10357223585.0,625.89,402718016.0,537.5,2.93697368,21367,1.317012917e+11,7930,1169.8320095,9.6e-05,3846288,43
2017-08-28,218358917.829,175889720.661,10161,10256146061.2,619.7,216272992.0,2175.0,4.39485369,30729,1.25189898707e+11,10250,1075.55923357,9.726e-05,7451820,174
2017-08-29,586720549.1,318944489.204,12858,9867112579.42,596.13,370016992.0,1775.0,5.11311822,38572,1.19369386419e+11,11959,1578.06144021,0.0001,7802240,142
2017-08-30,762988847.786,532534001.698,15867,9092915200.9,549.32,443856000.0,1075.0,3.97986965,95981,1.19369386419e+11,9002,593.143898154,0.000113,66936991,86
2017-08-31,198901314.438,165124520.528,13568,9539399202.53,576.25,298144000.0,1075.0,4.39237606,69559,1.19369386419e+11,7305,299.8697587,0.00014894,75923072,86
2017-09-01,221605163.699,161674734.539,10362,9741313145.72,588.4,393839008.0,1450.0,3.7594561,32092,1.19369386419e+11,7979,670.107712932,9.6e-05,27172842,116
2017-09-02,210947758.461,154309063.461,7858,10298021845.2,621.96,350478016.0,1675.0,2.77770443,21439,1.19369386419e+11,6151,1126.00608658,9.6e-05,4239513,134
2017-09-03,220102637.69,141520556.344,7515,9575598536.75,578.27,344862016.0,1637.5,2.50160359,24984,1.19369386419e+11,5865,1287.94652007,9.6e-05,6114668,131
2017-09-04,382676045.729,304571248.136,7599,10073186170.3,608.26,328956992.0,1612.5,4.31505577,21675,1.19369386419e+11,6858,1427.12886322,9.6e-05,4683681,129
2017-09-05,305974479.97,207341555.511,7328,8527801718.34,514.9,338977984.0,1400.0,2.36431426,23093,1.19369386419e+11,6799,947.18856867,5.978e-05,8652978,112
2017-09-06,383228353.182,231762552.939,8578,8965564672.3,541.28,693240000.0,1750.0,2.3711804,25721,1.19369386419e+11,8300,1636.87115903,9.6e-05,6711565,140
2017-09-07,247855861.127,146460455.197,8677,10550305074.0,636.85,1082380032.0,2587.5,2.36196092,22718,1.19369386419e+11,8138,1392.58409475,7.04e-05,5515438,207
2017-09-08,250514723.559,165910944.116,7552,10841973953.5,654.37,809763008.0,2350.0,1.71427559,20043,1.19369386419e+11,8331,1232.09433553,5e-05,4227766,188
2017-09-09,492029519.093,172015285.308,6257,9689359254.25,584.73,234578000.0,1975.0,1.52744926,18302,1.19369386419e+11,6064,632.88953226,4.693e-05,4107429,158
2017-09-10,198428351.166,98269657.6371,5430,9056343980.33,546.47,289508000.0,1937.5,1.16558703,13599,1.19369386419e+11,224818,993.563009678,5.22e-05,10032758,155
2017-09-11,416016536.824,88285582.3666,7256,8903742948.25,537.19,274712000.0,2175.0,1.20747464,18188,1.1237615882e+11,7840,624.41212749,2.588e-05,4146681,174
2017-09-12,269289444.334,131676963.585,5993,8935490924.68,539.03,273824992.0,2412.5,1.31772647,14378,1.09634813602e+11,7328,635.406731298,2.6e-05,3265514,193
2017-09-13,143767433.094,107691096.273,6356,8446565741.16,509.47,340344000.0,2150.0,1.31399,16473,1.09634813602e+11,6994,619.136759623,3.42e-05,4290986,172
2017-09-14,259162452.295,148722896.393,7296,8360809736.97,504.22,257431008.0,2325.0,2.22638457,18416,1.09634813602e+11,7806,1007.88453108,7.48e-05,4331944,186
2017-09-15,272121996.663,128354398.321,8634,6127535001.07,369.49,707230976.0,2125.0,2.0176211,80261,1.09634813602e+11,9734,927.254586479,7.48e-05,37112444,170
2017-09-16,224446395.467,106294461.389,7809,7040532697.65,424.49,313583008.0,2137.5,1.84246263,17328,1.09634813602e+11,6959,424.480491424,9.143e-05,3455254,171
2017-09-17,143731606.011,83666036.9556,5027,7280591937.99,438.9,221828000.0,2212.5,0.73514599,13494,1.09634813602e+11,4977,680.295,3.74e-05,2791293,177
2017-09-18,407052193.024,104127531.954,8675,7003505594.91,422.09,458550016.0,4462.5,1.34094764,21264,1.09634813602e+11,7798,411.874459635,9.6e-05,4336847,357
2017-09-19,672074861.052,137611940.894,9520,7976565806.79,480.64,802321024.0,3325.0,1.42698773,24793,1.09634813602e+11,9788,568.065474483,7.355e-05,6137802,266
2017-09-20,264587502.297,181375159.237,8099,8743375626.47,526.74,669264000.0,3100.0,1.38372935,20860,1.20996082127e+11,8853,752.257231028,7.48e-05,4745883,248
2017-09-21,230647720.384,141676884.001,5859,7898574349.65,475.83,316731008.0,425.0,1.15108873,16152,1.67136744099e+11,8104,951.66,4.52e-05,3593046,34
2017-09-22,491961913.2,115977635.24,6746,6939423689.12,417.92,241904992.0,5125.0,1.28153827,17469,1.07766775886e+11,7441,839.910762298,4.08e-05,3926908,410
2017-09-23,174871724.019,88907167.2874,5601,6897911317.74,415.31,189127008.0,4400.0,0.88750027,14063,1.06967784187e+11,7361,419.470122892,2.6e-05,3055430,352
2017-09-24,144226129.2,83213935.7655,6580,7123327440.38,428.8,114527000.0,3300.0,1.0734338,16406,1.06967784187e+11,8961,67.006140416,3.74e-05,4383946,264
2017-09-25,257393315.052,173342634.965,8976,6972789092.27,419.65,302272000.0,3525.0,1.36306084,37282,1.06967784187e+11,31118,66.3604085375,5e-05,5344856,282
2017-09-26,195849631.467,132747352.084,6464,7401744024.87,445.36,165303008.0,3912.5,1.09161226,16177,1.06967784187e+11,8327,300.91321133,3.74e-05,4501039,313
2017-09-27,411882030.487,225562312.109,8802,7345110074.14,441.86,197884992.0,3450.0,1.13267958,20797,1.06967784187e+11,10848,407.26368758,2.6e-05,5202814,276
2017-09-28,366934794.302,209118264.976,7926,7592302057.42,456.71,300420992.0,912.5,1.27726594,19493,1.52495837056e+11,9035,1029.11536198,5e-05,4332069,73
2017-09-29,241264407.87,162090415.273,5755,7442080161.59,447.66,148724992.0,162.5,1.25288,15515,1.9679340201e+11,7676,872.93431404,3.4e-05,3191937,13
2017-09-30,272005134.712,133341084.907,8445,7261921933.63,436.64,150564992.0,7350.0,1.64584862,22787,65512203013.4,10475,803.829478146,5e-05,5621314,588
2017-10-01,402621317.595,243058373.219,7883,7213065203.07,433.38,164290000.0,12125.0,1.25746342,20089,64485451161.8,9568,1205.67113419,4.683e-05,5024852,970
2017-10-02,277158752.298,186521587.601,7252,6923816255.17,415.87,219590000.0,5462.5,1.2556313,19447,74313850887.7,9643,1295.55042066,4.52e-05,4592161,437
2017-10-03,214354167.152,154500216.115,4542,7022466668.05,421.79,130247000.0,175.0,1.02391342,14568,2.12589267721e+11,6640,1030.91883412,3.74e-05,3421173,14
2017-10-04,454621906.487,222355301.69,9481,6733855011.47,404.2,251584000.0,10600.0,1.89150925,27519,56814857740.4,11456,1356.0688943,4.52e-05,6222380,848
2017-10-05,466803431.917,165511839.634,8625,5976308521.13,358.42,268340992.0,14112.5,2.39906599,21148,56319734962.6,12227,1273.66453078,5e-05,5716268,1129
2017-10-06,352363883.999,152932469.232,6088,5926669511.53,355.43,182031008.0,425.0,1.16513427,22384,1.846200733e+11,9072,843.644041627,3.84e-05,4320838,34
2017-10-07,210554588.764,95618052.7071,5044,6063509023.2,363.6,91004000.0,1762.5,1.19532024,12750,91080818283.7,6134,727.1650944,5e-05,2961396,141
2017-10-08,358127141.719,127743898.622,6828,6005454077.78,360.09,203754000.0,1337.5,1.58498505,17908,91080818283.7,7606,1037.90483536,5e-05,4691644,107
2017-10-09,472693418.637,182426427.5,9074,5716809409.4,342.76,288075008.0,1137.5,1.84858972,22324,91080818283.7,9522,1242.60514076,5e-05,5027713,91
2017-10-10,281080274.874,111939000.655,8335,5224540922.0,313.22,367808992.0,1400.0,2.04591345,21547,91080818283.7,10379,1017.87328918,5e-05,5132341,112
2017-10-11,209360493.974,105214233.733,7284,5341300421.97,320.2,131577000.0,1250.0,1.92143734,21910,91080818283.7,8373,498.774476936,4.52e-05,5474775,100
2017-10-12,386086853.641,164218601.331,12256,5264692653.25,315.47,262066000.0,6950.0,3.01332509,44858,47740821066.3,12351,488.672844272,3.74e-05,14240806,556
2017-10-13,270662770.292,131499111.527,14947,5246293831.87,314.15,288209984.0,11612.5,4.41591041,83493,49014297675.8,14618,467.322289418,6.262e-05,40712154,929
2017-10-14,168166773.433,125762816.651,12997,5370034315.82,321.54,164136992.0,1175.0,7.54337325,174673,84768257679.7,11090,221.766961142,0.0002,123516948,94
2017-10-15,111586628.796,91938464.2394,8288,5384882608.99,322.42,133385000.0,525.0,2.91138846,38769,84768257679.7,7760,397.765607579,5.086e-05,15077093,42
2017-10-16,213585312.512,142161241.007,9968,5265621404.06,315.26,117797000.0,700.0,2.41668296,29937,84768257679.7,14708,167.77498168,1.93e-05,8394981,56
2017-10-17,358118746.56,236749057.727,13193,5239651085.53,313.7,1008160000.0,387.5,2.74179545,35805,84768257679.7,13812,684.554715802,5e-05,8540360,31
2017-10-18,400441848.591,177963246.325,10049,6241333956.55,373.65,477184000.0,1187.5,2.5634634,24607,84768257679.7,9957,1450.25938793,5e-05,6197153,95
2017-10-19,176022995.918,123519903.313,9348,5667547082.64,339.27,195578000.0,1437.5,1.77423759,19683,84768257679.7,9407,704.754334378,4.52e-05,6179519,115
2017-10-20,241984751.401,138785971.653,18183,5528351789.4,330.9,160204000.0,1500.0,2.11907119,31531,84768257679.7,9531,19.740584025,1e-05,15115831,120
2017-10-21,160118563.829,110746418.062,9069,5459227630.55,326.75,129938000.0,937.5,1.66897923,23352,84768257679.7,7957,285.101088988,5.595e-05,7114191,75
2017-10-22,168053926.921,114200044.915,7376,5405017781.01,323.5,355545984.0,175.0,1.3989601,19265,84768257679.7,6512,323.266863255,3.74e-05,6012402,14
2017-10-23,177188034.295,139718759.225,9250,5525168428.9,330.67,191558000.0,1350.0,2.01424906,30436,68756490742.7,10721,364.17711185,3.616e-05,9703716,108
2017-10-24,182691690.845,131768790.064,8717,5279083875.48,315.9,267442000.0,1975.0,1.86735472,25042,67814622099.4,9323,488.349642573,4.52e-05,8304559,158
2017-10-25,176364081.034,131815354.631,10485,5458449822.97,326.59,151935008.0,2150.0,1.98621041,27974,67814622099.4,11578,424.647566487,3.322e-05,7935003,172
2017-10-26,199960479.134,102517448.799,9350,5552425758.88,332.11,234967008.0,4987.5,1.89708771,24328,67814622099.4,10485,1484.13281928,6.78e-05,7475632,399
2017-10-27,228240103.409,118830043.331,11743,5660765442.73,338.3,501988992.0,14600.0,2.39550734,26619,68525102430.2,15121,835.177150696,5e-05,8341717,1168
2017-10-28,443407504.195,148261729.115,11800,6189209164.53,369.54,781036992.0,15675.0,2.23479462,25348,69019035780.6,14847,842.030728778,5e-05,7670149,1254
2017-10-29,734735370.457,406110496.672,12962,7042866510.03,420.47,2002439936.0,1162.5,2.45184144,31892,1.1354750283e+11,14953,1267.38296556,4.52e-05,7191547,93
2017-10-30,556797729.196,304358289.54,14855,7679329939.2,458.45,796409024.0,912.5,3.254575,33218,1.18823623365e+11,16355,481.68470445,5e-05,9358271,73
2017-10-31,350825008.695,209351745.969,11353,7527768482.26,449.37,343799008.0,962.5,2.18451816,25734,1.13081236211e+11,12379,451.526976,5e-05,6659255,77
2017-11-01,481242998.42,294959255.531,13645,7342686275.37,438.3,1152230016.0,1000.0,3.06784607,31592,1.13081236211e+11,13561,522.35932167,5e-05,8710840,80
2017-11-02,716951960.015,411064626.418,17751,8840635718.07,527.68,1632060032.0,1012.5,3.93366783,39786,1.13081236211e+11,19203,804.965539686,4.52e-05,10088240,81
2017-11-03,902567144.49,407856575.823,22425,9842466958.51,587.32,1682210048.0,4437.5,4.2538031,47136,1.13081236211e+11,23401,850.807474556,4.52e-05,11338356,355
2017-11-04,444578842.295,277617526.548,15077,10649595284.6,635.35,1161369984.0,3750.0,2.82618354,35302,1.13081236211e+11,16604,565.163641567,5e-05,8868192,300
2017-11-05,445541216.03,290373674.337,16958,10392312679.1,619.91,816028032.0,2275.0,3.10678128,42674,1.13081236211e+11,18213,218.277625938,5.595e-05,10989051,182
2017-11-06,659813587.146,326678483.216,19297,10568341181.9,630.31,794105024.0,2787.5,2.92330696,44436,1.13081236211e+11,20134,163.759290537,5.595e-05,11065745,223
2017-11-07,427648531.207,221162087.088,17192,10106712266.9,602.68,375367008.0,2775.0,3.4162994,48413,1.13081236211e+11,18423,357.77599181,5e-05,15121304,222
2017-11-08,809767593.997,294069428.654,23218,10319014629.2,615.24,837646016.0,2725.0,4.12320792,50863,1.13081236211e+11,24207,345.475975601,5.595e-05,13572224,218
2017-11-09,1118960333.74,497281725.136,24815,10438823601.0,622.31,710387008.0,1762.5,4.45365019,53176,1.13081236211e+11,27094,777.815809888,5.595e-05,14131853,141
2017-11-10,3918223561.17,908599016.612,46855,10936786927.8,651.78,5195420160.0,5675.0,8.12904659,102700,1.28916098622e+11,48969,1955.20742795,2.46e-05,27511443,454
2017-11-11,6366966068.53,1175981256.59,46787,16816709247.2,1001.64,5139769856.0,9300.0,8.19722994,99581,1.3061544971e+11,56635,1544.20944699,1.92e-05,26081561,744
2017-11-12,7083815079.86,1992702173.25,76458,22629197023.2,1346.97,8371319808.0,10862.5,14.59882916,166455,1.33771872119e+11,83021,1211.11378415,1.7e-05,42535097,869
2017-11-13,3143076570.21,1798795029.72,35112,23215716001.8,1381.82,4850570240.0,762.5,8.31108119,99554,3.26175674111e+11,43656,1291.22033606,4.499e-05,25790511,61
2017-11-14,1511310959.28,879375560.42,24406,22628481327.0,1346.73,1697910016.0,1700.0,8.0931007,65384,2.15195044733e+11,32059,1090.6896924,5.595e-05,13785734,136
2017-11-15,2027736086.16,827761661.637,24790,21338376523.5,1269.79,1321779968.0,2112.5,7.43158824,63314,1.84791755803e+11,34541,845.802255704,5.595e-05,14177110,169
2017-11-16,1404435967.45,747781929.791,28469,20203188600.4,1202.17,2034690048.0,1025.0,7.97368086,71368,1.74428949081e+11,31313,889.958444548,5.595e-05,16386073,82
2017-11-17,1956141566.76,561740366.525,22432,15280820345.0,909.16,3203429888.0,1950.0,9.22575883,80546,1.27481693173e+11,24192,1131.69481136,0.0001114,25752305,156
2017-11-18,1481122861.05,627278487.148,22013,20128424102.8,1197.43,3053769984.0,2075.0,6.2505701,47535,1.78636948619e+11,26072,1141.98236921,5e-05,11068778,166
2017-11-19,1827301432.38,598554340.128,14869,21198287544.2,1260.95,1285910016.0,1662.5,4.09528384,39717,1.62872436953e+11,17936,822.032257079,2.6e-05,11618811,133
2017-11-20,1107659038.26,553384061.599,15738,19712197488.3,1172.43,800052992.0,1762.5,3.60323072,38855,1.6722652295e+11,18013,651.720176535,2.26e-05,8874206,141
2017-11-21,1578425751.41,627766217.513,18071,20527461478.9,1220.78,772859008.0,1912.5,4.30914317,40298,1.67613711607e+11,21616,1102.16639052,3e-05,9816250,153
2017-11-22,1585017288.68,695920306.944,18927,19760822449.4,1175.06,1517619968.0,1862.5,9.38299135,43747,1.7354516291e+11,23449,1384.81887954,3e-05,10992207,149
2017-11-23,1721300584.89,1001859636.11,27057,21902076147.0,1302.23,4112090112.0,2012.5,3.40935395,65665,2.22746677749e+11,30010,1305.62565588,1.108e-05,15027424,161
2017-11-24,1700441784.33,993351935.823,24345,27785193723.5,1651.86,3128960000.0,1637.5,3.23172586,116527,2.5483975564e+11,49242,1651.85368989,1.13e-05,22603888,131
2017-11-25,1151359033.08,816715480.707,18565,27487781174.9,1634.0,1560039936.0,1837.5,2.72247894,43539,2.18451008301e+11,21302,1377.86778756,1.527e-05,9164649,147
2017-11-26,903079478.824,624137041.836,18929,26437301068.5,1571.39,1593049984.0,1762.5,2.33252906,43978,2.09029696682e+11,21475,1213.90650624,1.264e-05,9917449,141
2017-11-27,2333463864.88,1365227292.62,20146,28989460228.0,1722.93,1391459968.0,1525.0,2.52455452,46832,2.10124965792e+11,23675,1688.54453838,1.499e-05,10340385,122
2017-11-28,2603549986.9,1162920191.91,23380,27280217910.6,1621.17,1274880000.0,1812.5,2.63699524,51801,1.88897456984e+11,26313,1592.43096821,1.424e-05,12533917,145
2017-11-29,2393875824.77,1132445982.3,28233,25944476678.1,1541.63,2345250048.0,1774.85590507,3.3087131,61176,1.75995555042e+11,31350,1549.93907737,1.313e-05,14015676,142
2017-11-30,1746643605.52,935678562.689,21815,23232735633.5,1380.36,1211730048.0,1675.0,2.35942722,46825,1.64412336964e+11,25237,1399.66872414,1.13e-05,11285980,134
2017-12-01,1116284839.96,681564502.557,19169,23259714095.8,1381.81,965150976.0,1850.0,2.18879575,41420,1.65220402263e+11,22115,1389.3418594,1.264e-05,9741511,148
2017-12-02,1040892367.22,582022059.109,17581,24613030794.5,1462.06,574510016.0,1712.5,1.95560365,38613,1.54772319842e+11,19880,1117.6195276,1.52e-05,9226800,137
2017-12-03,1544018413.35,668156150.627,21761,24166079800.5,1435.36,1476739968.0,1787.5,2.25182489,44921,1.64656118232e+11,25157,1094.43550325,1.274e-05,11153881,143
2017-12-04,1602788806.22,805283959.543,21854,26270071590.5,1560.16,780633984.0,1775.0,2.2378911,44187,1.65835952921e+11,25458,731.494714205,1.391e-05,10519764,142
2017-12-05,1867736673.23,1055731737.55,20813,26609716632.1,1580.16,1032800000.0,1850.0,2.15972999,46128,1.57272427545e+11,27029,789.283883789,1.264e-05,16329846,148
2017-12-06,2312020594.5,1391006983.1,26703,25237362537.4,1498.49,1154620032.0,1950.0,3.11935041,85790,1.53886598727e+11,29154,594.53339995,1.355e-05,36294562,156
2017-12-07,1664284832.86,1086919828.1,24274,24097162388.0,1430.71,1285209984.0,950.0,2.98545942,64320,1.47168111396e+11,28609,849.288770585,1.13e-05,16293335,76
2017-12-08,12446260991.4,1342326206.92,27341,22389650356.4,1329.16,2553979904.0,2162.5,3.22386862,61505,1.17973849115e+11,30934,1344.91029346,1.547e-05,17016376,173
2017-12-09,2383547521.11,913322914.231,18108,24674346992.1,1464.63,1059609984.0,1850.0,2.63721723,42008,1.24534795151e+11,21495,944.362051625,1.13e-05,13455277,148
2017-12-10,1674209812.57,764679326.787,16352,23787280352.3,1411.84,885886016.0,1625.0,1.79230544,40221,1.30793269206e+11,20833,708.519296269,1.393e-05,9306674,130
2017-12-11,1025706854.22,614068156.36,22787,22242363000.5,1320.0,922792000.0,1825.0,2.41267119,54789,1.20720966221e+11,25676,378.3083172,1.93e-05,15098735,146
2017-12-12,1620636490.36,1037433802.54,25125,24054314813.3,1427.38,1386249984.0,1800.0,2.84742062,68373,1.21267944321e+11,29350,652.896729622,1.558e-05,15918156,144
2017-12-13,2536909430.17,1267552336.87,23160,27252830310.0,1616.99,1245190016.0,1975.0,2.40974637,52603,1.27378843912e+11,28127,1051.03979709,1.13e-05,12815171,158
2017-12-14,3785265693.85,1653291266.68,35177,26980793477.9,1600.67,2717410048.0,1887.5,3.5602122,149724,1.51604386904e+11,38758,1090.75454628,8.36e-06,75112441,151
2017-12-15,2822854266.91,1949516354.31,28591,33288102466.2,1974.66,1457229952.0,1699.99577502,3.49314199,140058,1.35927525949e+11,30437,625.432640045,1.125e-05,99850498,136
2017-12-16,1829889280.06,1196685326.88,25037,30765488309.9,1824.85,971254976.0,1550.0,3.32447723,163525,1.48137069002e+11,27787,642.761039483,1.108e-05,129183818,124
2017-12-17,1024788870.69,671107040.839,28796,30557718784.1,1812.33,1020590016.0,1862.5,3.87252355,170580,1.28308051784e+11,30771,448.059989871,1.13e-05,135237281,149
2017-12-18,2915033740.5,1344818564.16,32452,31520932167.4,1869.21,2538650112.0,2187.5,4.21425997,171739,1.42895709527e+11,36471,777.488889908,1.13e-05,130005537,175
2017-12-19,9494167287.85,2217819951.07,57288,37087421782.3,2199.06,3913339904.0,1887.5,6.67871052,243512,1.75318776382e+11,68097,2811.86206647,1.108e-05,149230878,151
2017-12-20,13936577839.5,3908635541.04,127904,47650240077.5,2825.03,11889600512.0,2037.5,32.78148611,428452,2.78279019137e+11,170891,1508.14551428,1.212e-05,158208482,163
2017-12-21,6913188586.34,3043414434.83,77136,65940139200.0,3909.0,3664329984.0,1637.5,7.75477235,327392,3.02709486051e+11,91888,787.16174076,9.71e-06,145981772,131
2017-12-22,5742147570.65,2490200141.75,54048,56077126500.3,3324.0,3877769984.0,1575.0,6.53308475,330358,2.42543620391e+11,67987,898.04853696,1.125e-05,144911695,126
2017-12-23,4013180458.72,2250669399.59,47006,46347501832.5,2746.95,2843310080.0,1987.5,4.34047209,260700,2.41401108119e+11,58025,652.954684815,1.108e-05,98531441,159
2017-12-24,2427966439.34,1712831558.07,34686,55019580378.8,3260.55,1712160000.0,1987.5,2.75322425,87628,2.43751733619e+11,44973,503.75983322,1e-05,17164135,159
2017-12-25,2030654559.08,1520962239.5,28791,49435417665.0,2929.35,1355440000.0,1562.5,3.09369754,77506,2.92585341371e+11,39282,500.676914983,1e-05,14283794,125
2017-12-26,2027095981.21,1335564488.75,31570,49751071398.0,2947.74,1544429952.0,1787.5,2.64458879,83878,2.60422162983e+11,41363,590.083339061,1.117e-05,15550513,143
2017-12-27,2722005793.25,2318648403.1,47033,52466770878.0,3108.32,1406450048.0,1775.0,5.07017577,113030,2.597090105e+11,47578,589.052128224,1.87e-05,34102162,142
2017-12-28,2890146498.76,2060408564.39,33174,48763962324.0,2888.64,3221299968.0,1837.5,3.19988789,149015,2.41297671782e+11,43423,517.297564541,1.82e-05,40204640,147
2017-12-29,2880421348.14,1824883052.25,43170,43681385900.0,2587.3,2479419904.0,1687.5,5.07105197,319074,2.3292487358e+11,55824,659.216588747,1.823e-05,152921213,135
2017-12-30,1931814672.64,1399491202.03,35630,47135251961.5,2791.55,1257760000.0,1975.0,4.99510947,330605,2.44343319723e+11,51117,657.089778384,1.824e-05,159221009,158
2017-12-31,1329870462.53,1063448161.19,28315,40139040144.4,2376.96,1300819968.0,1775.0,4.01495387,339698,2.69081652518e+11,47764,363.865916275,1.825e-05,156123764,142
2018-01-01,1642247317.68,1125888346.53,24050,42809022402.5,2534.82,922812992.0,1637.5,3.27212982,241069,2.71245073875e+11,47004,483.919773943,1.826e-05,127001476,131
2018-01-02,2406613387.11,1311339737.01,42971,41119617937.5,2434.5,1831229952.0,1987.5,4.19690237,203086,2.49515672032e+11,62240,973.79449803,1.826e-05,92753546,159
2018-01-03,7642276318.92,2393241306.95,47394,45617724357.3,2700.55,4688840192.0,1650.0,4.16219664,157831,2.71916189214e+11,70832,1129.86450771,1.827e-05,39580518,132
2018-01-04,4370271102.77,1995569455.99,51493,44073793228.3,2608.87,5377260032.0,1825.0,4.80237917,192452,2.48414953546e+11,75554,1122.38700785,1.129e-05,42941580,146
2018-01-05,5275469841.48,1693352249.64,46082,40561762688.5,2400.74,2115709952.0,1675.0,4.23417229,167316,2.35148414388e+11,70018,1082.9760947,1.13e-05,40198559,134
2018-01-06,5256568703.04,1701436224.65,40660,43658078242.8,2583.71,1669159936.0,1912.5,3.15300169,110278,2.27092540844e+11,71894,723.4388,1.108e-05,19231286,153
2018-01-07,3325338427.87,1597585116.78,36338,47059073107.0,2784.68,1444780032.0,1837.5,8.79931547,111902,2.39726579796e+11,60443,733.208137582,1.129e-05,20152743,147
2018-01-08,3948832712.23,1489167814.3,37027,47095908610.6,2786.6,1428899968.0,1575.0,12.46138623,141949,2.38086392172e+11,61610,989.937894442,1.129e-05,34836094,126
2018-01-09,5230540652.09,1314222723.54,40223,40775487836.0,2412.36,1084749952.0,1900.0,6.60752892,159728,2.28409408147e+11,59368,987.765480443,1.129e-05,46541695,152
2018-01-10,3278231085.14,1328485642.9,42595,40402600969.0,2390.02,2578810112.0,1975.0,7.66417152,172823,2.55358931119e+11,71316,784.537998817,1.13e-05,48471625,158
2018-01-11,3385134870.53,1778999557.13,35538,48886387663.3,2891.55,1947949952.0,1912.5,5.99672875,97928,2.83517512541e+11,64351,915.769441539,1.13e-05,18502318,153
2018-01-12,8200906888.16,2509998424.18,34997,41863321867.7,2475.9,1110220032.0,1687.5,5.69679194,133149,2.87384431718e+11,64471,767.726502543,8.18e-06,83220849,135
2018-01-13,3814912607.5,2505081062.44,55684,44265154132.0,2617.66,1218569984.0,1887.5,6.06170251,103254,3.06812152015e+11,1204357,34.2627611528,4.004e-05,172304955,151
2018-01-14,1800538627.93,994549533.415,110551,45444503910.0,2687.1,993310016.0,1887.5,11.45334225,99636,3.24962068663e+11,3422954,3.128375562,4.837e-05,599461994,151
2018-01-15,3435552552.53,1416948431.76,105658,42987458107.0,2541.58,1412359936.0,1575.0,10.36320726,96347,3.22873560445e+11,2557968,3.7332506146,5.595e-05,593538382,126
2018-01-16,3059440034.97,1615870655.32,34235,40713119987.7,2406.86,1704029952.0,1775.0,6.12757129,90068,3.03472412136e+11,67191,1196.2405407,1.13e-05,21472746,142
2018-01-17,2084293229.48,1058237028.69,39742,29902570660.4,1767.58,1457730048.0,1787.5,5.59885731,95346,2.68317571673e+11,61959,1738.8584335,1.905e-05,19284272,143
2018-01-18,1533142202.68,1022101515.05,40297,29646897067.0,1752.27,1024060032.0,1900.0,5.18431713,100182,2.77286113887e+11,75144,1774.68589645,1.782e-05,21248073,152
2018-01-19,811973416.011,595727063.032,25075,29445438321.9,1740.17,743246976.0,1887.5,3.29693698,66229,2.74723296802e+11,47256,396.964500299,9.86e-06,15814961,151
2018-01-20,765982717.697,548246521.998,24322,30194340579.7,1784.26,1116240000.0,1587.5,3.53660992,62083,3.10431936872e+11,39755,356.428827056,7e-06,11109659,127
2018-01-21,502762683.976,360478021.571,21762,34419177701.2,2033.7,745179008.0,1800.0,2.68572294,56801,2.96828951072e+11,39553,293.883194442,1e-05,10258983,144
2018-01-22,705655285.879,465544290.521,21865,30373478575.0,1794.46,681350016.0,1837.5,3.08441133,68883,2.87426377808e+11,51668,391.693418844,9.77e-06,22260901,147
2018-01-23,792241039.208,626788684.767,23842,27476980573.0,1623.14,578984000.0,2037.5,6.0519984,61732,3.01091800205e+11,37683,323.454145152,1.108e-05,13026549,163
2018-01-24,825188442.245,626772117.432,21773,27462796731.5,1622.15,488160992.0,1587.5,2.71300943,53674,3.14213007071e+11,33529,314.544423242,6.76e-06,9979662,127
2018-01-25,727885157.129,520803585.895,24994,28124376309.5,1661.04,522193984.0,1912.5,2.98861816,58348,3.29997839962e+11,40027,154.573608463,5.97e-06,11825749,153
2018-01-26,1162074994.91,613428977.542,22111,27723479654.8,1637.19,594667008.0,1787.5,2.85848969,84936,3.28799041054e+11,35985,366.606231791,8.17e-06,17457393,143
2018-01-27,368765668.697,223958966.49,18722,27138978500.0,1602.5,441742016.0,1825.0,2.2693748,55837,3.26963049378e+11,38596,381.275020825,6.79e-06,9835464,146
2018-01-28,1280608386.14,481265023.321,19414,27716182997.0,1636.41,580544000.0,1787.5,2.11383133,60574,3.40475358774e+11,30062,285.695716301,9.65e-06,11622180,143
2018-01-29,721887993.954,509653953.072,20970,29564674856.7,1745.36,362212992.0,1837.5,2.89573483,59491,3.28892972413e+11,44988,360.558475964,1e-05,11155073,147
2018-01-30,1479216680.31,573429217.177,27968,28082864126.2,1657.69,649822976.0,1937.5,3.0362149,67178,3.76138997611e+11,42103,745.91740006,1.145e-05,13709206,155
2018-01-31,1876119060.56,929048951.837,36542,24917920528.4,1470.74,729209024.0,1475.0,3.55814592,74622,3.49128113547e+11,48467,1148.50632245,2.26e-05,16424815,118
2018-02-01,955938011.961,587118211.854,24194,25266208284.6,1491.12,678019968.0,2012.5,2.84223906,62872,3.49446219879e+11,37700,1023.79118233,1.13e-05,11562672,161
2018-02-02,1454195873.53,708454869.709,25327,21563880438.0,1272.5,896665984.0,1624.99995,3.41397169,290199,3.33776352294e+11,46906,679.68910345,1.13e-05,29413216,130
2018-02-03,549448291.296,374733294.358,17699,20239571194.0,1194.23,453100992.0,1725.0,1.87721147,49538,3.27013013963e+11,28614,556.135690203,7.28e-06,8352060,138
2018-02-04,478799453.956,368337373.31,16009,21579817720.3,1273.17,656033984.0,1887.5,2.00226516,74352,3.28606843296e+11,28883,433.649977605,6.76e-06,14065519,151
2018-02-05,537576383.743,412638654.635,20821,19661767820.9,1159.89,568116992.0,1675.0,2.33756986,50302,3.16211092831e+11,27912,341.329436684,1e-05,10097548,134
2018-02-06,327884443.562,234967576.907,21160,15104804203.2,890.97,777420032.0,1937.5,2.51286255,56664,3.14503188949e+11,37557,355.493002816,9.7e-06,11348085,155
2018-02-07,304562339.108,233479368.684,21149,16464770647.0,971.08,866222016.0,1825.0,2.34672504,54626,3.36115523057e+11,34648,471.871145896,6.76e-06,10046160,146
2018-02-08,437108989.496,264385748.682,22268,16135939014.8,951.57,2203709952.0,2050.0,3.41336554,60438,3.67756128165e+11,39652,491.151789742,1.114e-05,11046504,164
2018-02-09,896930527.124,501430542.011,22390,21603242863.0,1273.87,1133760000.0,1575.0,2.8309052,60946,4.17087709412e+11,38084,754.134135504,7.34e-06,11061813,126
2018-02-10,517422719.372,351066758.355,23849,22252235993.0,1311.99,734606016.0,1937.5,2.41950994,118686,4.20257446406e+11,30916,324.17828399,1.125e-05,35930983,155
2018-02-11,333793051.951,266183082.757,16767,21297866901.1,1255.59,651555008.0,1762.5,1.70621204,47814,4.25481028445e+11,30498,394.649628263,6.96e-06,8662750,141
2018-02-12,480487766.803,214078447.939,19744,20737669249.0,1222.43,466212992.0,1862.5,2.15766164,54402,4.33481112049e+11,32413,288.180696836,6.99e-06,11171817,149
2018-02-13,289614061.62,210213888.411,20706,21805228245.6,1285.23,442663008.0,1700.0,2.14401108,52763,3.96514328316e+11,31372,285.58900475,1.06e-05,9634380,136
2018-02-14,376177834.329,285015302.754,21342,20856449674.3,1229.18,629852032.0,1762.5,2.4699299,58685,4.26541232116e+11,38857,336.678523316,6.68e-06,10715355,141
2018-02-15,898761199.781,407903638.783,23467,23055764023.5,1358.65,502454016.0,1837.5,2.76765234,62771,4.26014701572e+11,36910,360.725284115,3.9e-06,10583676,147
2018-02-16,480869820.655,302012031.036,21584,23304567775.9,1373.16,961009984.0,1887.5,2.83892717,54800,4.19176630885e+11,29620,550.287704512,5.37e-06,11553984,151
2018-02-17,229730754.938,158204237.657,19905,26282680091.6,1548.48,641718976.0,1725.0,2.52008212,53350,4.01485356075e+11,32596,418.2909024,5.22e-06,9970319,138
2018-02-18,312842466.104,209043240.564,19746,26346878099.0,1552.1,907873024.0,1762.5,2.23481324,48820,4.09022003123e+11,27714,407.961972836,9.6e-06,9471771,141
2018-02-19,268045537.777,202763798.084,18498,25182366512.0,1483.34,578905984.0,1812.5,2.46637838,52207,4.65336857575e+11,33563,553.919784683,7.7e-06,10163702,145
2018-02-20,413015066.874,314645197.648,20715,26202467567.2,1543.27,820947008.0,1737.5,2.97570468,57600,3.89463748925e+11,32739,771.554549335,9.6e-06,10162037,139
2018-02-21,337701556.923,249033092.242,19156,23990599194.1,1412.85,575353984.0,1762.5,2.6931827,52920,3.85291863115e+11,28271,685.228816774,1e-05,10769936,141
2018-02-22,913023844.998,554293110.863,18988,22155833969.8,1304.66,475079008.0,1775.0,2.40135795,53642,3.48333554473e+11,35564,498.184708025,6.7e-06,9347254,142
2018-02-23,358833666.668,275918781.561,17589,20675444419.4,1217.36,492542016.0,1762.5,2.25431197,51518,3.6531317451e+11,29629,528.549262297,9.6e-06,8769760,141
2018-02-24,282622303.682,218636872.4,15909,21513360695.6,1266.56,413263008.0,1825.0,1.92867463,43821,3.9951624486e+11,25068,492.770936672,6.76e-06,7760879,146
2018-02-25,313473803.326,180762541.033,14810,20237953881.6,1191.35,362664992.0,1750.0,1.91500568,43401,3.68822218667e+11,25918,314.3667307,7.4e-06,7321707,140
2018-02-26,299417517.088,214836388.348,32393,20006230454.5,1177.58,460182016.0,1862.5,2.26935268,49762,3.59340254916e+11,31965,403.534233101,2.26e-06,11967803,149
2018-02-27,626800051.81,296966813.785,19160,21331256791.8,1255.45,420912000.0,1650.0,1.29397776,52688,3.56904992185e+11,30035,627.723581341,6.7e-06,9597729,132
2018-02-28,309542036.155,236616414.898,19562,21126452987.2,1243.26,375300992.0,1862.5,1.12765071,51154,3.51939068423e+11,29782,312.610988531,4.86e-06,9285462,149
2018-03-01,408849272.986,332480384.254,19482,20475894348.0,1204.84,482240000.0,1912.5,1.25300514,53457,3.52665964026e+11,30588,446.019599116,4.52e-06,9929853,153
2018-03-02,323647657.818,251068368.904,18261,21839620551.8,1284.95,421497984.0,1787.5,1.31817248,48835,3.58976969609e+11,27931,453.475379457,5.22e-06,9058796,143
2018-03-03,357387356.316,244694236.644,17814,21667095594.0,1274.67,371664000.0,1725.0,1.24305882,49960,3.44909726099e+11,30011,388.284762,5.22e-06,9330637,138
2018-03-04,155988820.974,100085676.427,15001,21553540759.2,1267.86,367584000.0,1762.5,1.02411811,43831,3.36204457062e+11,27071,336.277208342,5.2e-06,8022083,141
2018-03-05,530088677.577,313745097.785,38489,21882952425.5,1287.1,350078016.0,1775.0,1.70834409,47200,3.6648562124e+11,25773,599.479760355,2e-06,12824681,142
2018-03-06,277861229.798,192192533.447,18850,21495717874.5,1264.19,401782016.0,1825.0,1.32567367,51202,3.62135139998e+11,32010,429.970146195,5.22e-06,9442704,146
2018-03-07,231036710.275,172146524.782,17901,20505776463.0,1205.84,455224992.0,1825.0,1.84017905,48285,3.59331289361e+11,29293,324.670936817,4.54e-06,8700489,146
2018-03-08,264924383.619,197798579.219,18593,18616802457.1,1094.64,446519008.0,1837.5,1.49898895,49453,3.60227662414e+11,31835,233.077447997,3.9e-06,8974021,147
2018-03-09,260880801.148,205448207.031,18891,17599029276.1,1034.69,510887008.0,1762.5,1.14652492,60433,3.90174910705e+11,27806,236.011309393,4.52e-06,12156702,141
2018-03-10,159591854.934,123316698.409,14639,18221212145.8,1071.15,370367008.0,1887.5,1.36846792,44229,3.60585088803e+11,28413,239.33647062,3.9e-06,8859447,151
2018-03-11,180051348.397,134802413.62,13530,17056069852.8,1002.55,514167008.0,1800.0,0.85447338,44933,3.91536549344e+11,26046,188.624890056,4.08e-06,8663164,144
2018-03-12,202031598.888,156236147.819,15893,19463524232.2,1143.94,425558016.0,1775.0,1.20808356,46268,3.66582601661e+11,26697,214.872004218,5.84e-06,9776028,142
2018-03-13,268545461.994,206801414.649,16918,17885296164.0,1051.07,458028000.0,1812.5,1.43420417,47639,3.73666109138e+11,27881,256.188758274,4.52e-06,8410114,145
2018-03-14,239094651.114,168013486.332,19661,18234729384.3,1071.5,406616000.0,1725.0,1.27392944,47665,3.75296567106e+11,29766,296.78126267,3.82e-06,9765978,138
2018-03-15,186933288.617,146330213.15,17474,16164826924.8,949.77,374740992.0,1800.0,1.72811614,47142,3.61970139337e+11,28708,287.47650707,3.9e-06,8916146,144
2018-03-16,231225079.712,166529607.132,18341,16061675751.1,943.6,472032992.0,1812.5,1.19225271,46104,3.68017509163e+11,29238,275.896948796,4e-06,9157570,145
2018-03-17,178513420.423,92100995.9426,16278,16592787980.4,974.7,411316000.0,1887.5,0.98908975,44783,3.85289655631e+11,27905,207.612211158,3.9e-06,8643400,151
2018-03-18,116562571.889,75912193.9528,14658,16144849387.0,948.28,435070016.0,1812.5,1.96758974,40787,3.93452362331e+11,23320,240.548129832,4.52e-06,7425203,145
2018-03-19,253983685.312,189744131.836,15976,16049884051.8,942.6,425419008.0,1850.0,2.28122108,53359,3.82716780242e+11,29515,224.913993372,5.18e-06,11401712,148
2018-03-20,393356212.027,242387449.509,19091,16997724635.9,998.17,503262016.0,1725.0,1.21683475,49062,3.94716776414e+11,28314,167.904661143,4e-06,10158196,138
2018-03-21,432151040.585,214763118.01,18557,18155143843.2,1066.03,389291008.0,1737.5,2.87886565,57287,4.13580430158e+11,35537,205.896136347,4.54e-06,10672754,139
2018-03-22,349569847.149,205915871.545,17059,17598871792.5,1033.26,344283008.0,1750.0,1.70544521,49523,3.89905942261e+11,29634,268.578805549,4.58e-06,9612148,140
2018-03-23,189734927.575,141352723.79,14926,17235777825.0,1011.83,303600000.0,1887.5,1.05906788,42716,3.81097097755e+11,25880,316.411959703,4.52e-06,7433165,151
2018-03-24,105750942.947,83252673.8739,14397,17515131515.5,1028.12,264080000.0,1762.5,0.78143666,42464,3.84284939797e+11,27477,211.447857708,4.52e-06,7616548,141
2018-03-25,116070722.123,88129143.2544,13298,16587933455.3,973.6,237008000.0,1775.0,0.70205131,40906,3.79098806704e+11,25990,177.202852496,4.52e-06,7005834,142
2018-03-26,223885087.828,195226241.19,15207,16492592957.4,967.9,347366016.0,1800.0,1.57398763,43561,3.82638611427e+11,26802,235.255780126,4.52e-06,8663029,144
2018-03-27,289365706.706,207589194.965,18438,15626883807.3,916.99,339011008.0,1937.5,1.02306664,48728,3.85453110882e+11,31011,135.683232301,3e-06,8703721,155
2018-03-28,476710445.38,245847620.818,78109,14935880162.0,876.36,337268000.0,1550.0,1.04675104,46655,3.87200324469e+11,30038,269.979760729,2e-06,20114908,124
2018-03-29,474149999.674,251878288.498,21654,14686015166.9,861.61,452656000.0,1812.5,1.15085215,51284,3.54845901983e+11,32308,187.217220733,2.99e-06,10693392,145
2018-03-30,281070260.41,173678444.43,21062,12144203152.3,712.41,416567008.0,1725.0,1.05358472,50492,3.57631802525e+11,37671,130.259238623,2.92e-06,10534196,138
2018-03-31,724304032.089,133363721.601,16902,11893296340.9,697.62,306972000.0,1850.0,0.81035573,44465,3.3541424217e+11,28450,150.310502773,3e-06,8486462,148
2018-04-01,1039816351.95,113175416.137,13651,11730782374.7,688.01,318440000.0,1912.5,0.72322394,41902,3.38769779389e+11,32698,185.197630507,3.74e-06,7986433,153
2018-04-02,315281763.345,117290254.269,16925,10989397774.0,644.46,282036000.0,1637.5,0.89417064,50288,3.43178081237e+11,28984,115.995730274,2.6e-06,8883731,131
2018-04-03,771626157.771,151089409.655,22117,11326315908.5,664.15,303771008.0,1875.0,1.09134152,93929,3.2089988714e+11,38035,344.019824089,3.79e-06,16531284,150
2018-04-04,894857410.87,190953458.82,20109,12117506279.0,710.47,282960000.0,1837.5,0.96137787,50229,3.26483917967e+11,34567,178.902889429,2.95e-06,9607761,147
2018-04-05,243901102.665,133121033.965,16564,11063959398.0,648.63,243988992.0,1637.5,0.72532756,44714,3.58967364284e+11,26937,181.14826427,3e-06,8186835,131
2018-04-06,199629670.832,128920885.891,16843,10949546361.6,641.86,225186000.0,1825.0,0.81978377,48980,3.29021067416e+11,32576,139.27972391,3e-06,8840440,146
2018-04-07,153391724.749,81877846.7154,12991,10427679182.6,611.2,231143008.0,1900.0,2.50550357,42412,3.24083031051e+11,25940,56.170966912,2.91e-06,7995491,152
2018-04-08,152746796.684,94934549.0588,11220,10935343182.3,640.89,198906000.0,1750.0,0.44711149,34613,3.36559195732e+11,22250,67.2088845645,3.74e-06,5783968,140
2018-04-09,131820318.547,105348654.884,11934,11195936844.7,656.09,254947008.0,1812.5,0.79360465,50518,3.41140549072e+11,28505,161.401354841,4.24e-06,14351562,145
2018-04-10,149418676.941,97777142.9501,11522,10883216122.6,637.7,225054000.0,1812.5,0.98872564,36392,3.29219221663e+11,23345,176.369926138,4.52e-06,6314242,145
2018-04-11,178220477.719,111965729.382,11968,11075644204.0,648.9,252158000.0,1875.0,0.79313598,37022,3.43606472357e+11,24559,183.5108667,4.6e-06,6487410,150
2018-04-12,192144105.816,161888163.642,14686,11375216646.4,666.39,417016992.0,1512.5,0.88421478,40574,3.4997120883e+11,23551,260.834175543,4.58e-06,7573697,121
2018-04-13,268266921.476,165805713.013,15111,12561095439.0,735.78,384095008.0,1912.5,0.87435559,44648,3.34056918544e+11,28948,294.66945664,4.35e-06,7510888,153
2018-04-14,90778779.9114,74611394.2334,11368,12612750534.5,738.72,267415008.0,1900.0,0.58956557,37176,3.50917694857e+11,27178,122.005768925,3.82e-06,6104981,152
2018-04-15,96625111.528,68033089.081,14279,12668391486.0,741.91,327336000.0,1800.0,0.684176,43357,3.76620293354e+11,31777,66.7719,2.94e-06,7244756,144
2018-04-16,293915646.962,171472339.315,17182,13339423966.6,781.12,382080000.0,1775.0,0.74230518,43955,3.64627813343e+11,30951,50.4115241888,2.72e-06,8675931,142
2018-04-17,184100316.643,124400524.481,16306,13094515336.0,766.7,331700992.0,1787.5,0.83733981,41155,3.59646755499e+11,24918,91.020883591,3.74e-06,7894148,143
2018-04-18,269886562.126,166135047.996,18182,12951610675.2,758.25,634652992.0,1925.0,0.86848972,47663,3.83109832343e+11,29943,170.056556663,3.74e-06,8885455,154
2018-04-19,521460637.497,229068695.454,19306,15215002032.0,890.66,658164992.0,1912.5,0.97918364,47507,4.21201344414e+11,28854,136.676925015,3.73e-06,9396348,153
2018-04-20,702077844.111,316904789.326,21846,16574721705.0,970.15,1006640000.0,1850.0,1.12529917,56500,4.73234273304e+11,35216,194.740178904,2.92e-06,10960995,148
2018-04-21,288361526.981,193340337.604,18421,19254276504.6,1126.86,1093510016.0,1937.5,0.90915945,46121,4.71280109221e+11,28763,225.368574346,3.13e-06,8756402,155
2018-04-22,283459086.067,185944724.319,19243,19608683293.5,1147.48,968409024.0,1825.0,0.82163989,47599,4.96401891187e+11,34648,122.462381817,2.72e-06,10309693,146
2018-04-23,1152518553.5,486501802.741,27823,20417952313.0,1194.71,1934290048.0,1812.5,1.60122914,72102,5.64400460558e+11,73595,538.897791912,3.82e-06,19264976,145
2018-04-24,1310306894.25,805833806.395,28861,24510009294.6,1434.01,2053920000.0,1637.5,1.45172973,73448,6.15590720194e+11,42441,541.344826522,3.82e-06,14493978,131
2018-04-25,634207155.903,422313497.027,26093,24387966734.1,1426.71,1830969984.0,1912.5,1.20342737,63881,5.1471607371e+11,39191,291.6008769,3.74e-06,12718992,153
2018-04-26,500263763.514,283237353.693,21587,22045524501.5,1289.54,1281929984.0,1800.0,1.11500082,61650,5.53726387299e+11,33198,99.3264832196,3.82e-06,11642234,144
2018-04-27,530620544.701,247312128.533,19505,24313670850.0,1422.06,905273024.0,1850.0,1.06301293,49120,5.67561689469e+11,31294,197.076398409,3.74e-06,9603521,148
2018-04-28,352159819.059,214093152.564,17959,22878246326.5,1337.96,808801984.0,1862.5,0.72113941,44587,5.75566062835e+11,28388,96.3298687572,3.74e-06,8414352,149
2018-04-29,459970446.217,328377752.449,18793,23838744963.9,1393.99,1049449984.0,1737.5,0.91679707,45992,5.91718756138e+11,30284,69.769478298,2.84e-06,9073539,139
2018-04-30,588699995.809,417849304.015,21532,24644630807.7,1440.96,753113984.0,1837.5,0.94401788,50146,5.74220392358e+11,32031,46.261588512,3.74e-06,10369180,147
2018-05-01,484545821.89,343587050.524,18868,23068116324.0,1348.64,774633024.0,1812.5,0.92413306,46139,5.64787152774e+11,29240,103.486137168,3.17e-06,9172827,145
2018-05-02,508577079.574,332609639.023,22533,23154433525.5,1353.54,1165139968.0,1825.0,1.02843011,55111,5.99363585876e+11,32738,157.93528378,3.15e-06,11226093,146
2018-05-03,923652852.903,745399390.092,25575,24970309798.5,1459.55,1282659968.0,1662.5,1.15262236,57230,6.23880937931e+11,33252,109.766099952,2.82e-06,11981225,133
2018-05-04,536844385.223,381742172.261,22938,25689029070.5,1501.4,960185024.0,1812.5,0.87024672,53966,5.98291889483e+11,33562,63.329487406,3.74e-06,10466261,145
2018-05-05,517513072.441,323954298.615,23115,25954416961.9,1516.74,1664400000.0,1937.5,1.07417652,55654,6.46120511765e+11,32852,198.69294,3.74e-06,10959194,155
2018-05-06,627333921.009,349704877.019,20260,30100088971.0,1758.83,1946960000.0,1725.0,1.08991072,51422,6.94995299833e+11,29683,255.405965735,3.74e-06,13704550,138
2018-05-07,835229736.743,544754022.617,19494,30237357563.0,1766.66,1407629952.0,1837.5,1.20876175,60124,6.74274464004e+11,32331,247.023411166,3.82e-06,12252445,147
2018-05-08,859074604.864,443319472.105,19668,28638399284.8,1673.07,1060739968.0,1725.0,0.98576483,52581,6.65855481974e+11,31699,160.649754086,3.74e-06,10003460,138
2018-05-09,504643110.718,317710782.538,18394,27525307415.1,1607.87,1273219968.0,1837.5,1.04895437,49164,6.65518974917e+11,29857,210.957689184,3.76e-06,9034149,147
2018-05-10,618896639.227,394229177.843,20798,28183487228.0,1646.15,1070040000.0,1750.0,1.60470528,51134,6.71586103871e+11,30910,181.620371499,3.82e-06,10219227,140
2018-05-11,658848940.468,404326624.004,19102,26154695742.4,1527.49,1513260032.0,1812.5,2.41190216,50153,6.50090785372e+11,31753,198.5737,3.82e-06,9388691,145
2018-05-12,283420934.124,223674842.99,16556,23564116623.1,1376.05,1461449984.0,1800.0,2.11074231,43741,6.52920516868e+11,26929,177.432386683,3.82e-06,7722822,144
2018-05-13,339914889.231,199399438.147,15385,25257108450.0,1474.76,921628032.0,1775.0,1.91394087,41821,6.74252581443e+11,25368,105.992210503,3.74e-06,7347575,142
2018-05-14,739157470.163,374114594.179,19064,25509337323.5,1489.33,1158710016.0,1812.5,2.32913806,49653,6.52285871717e+11,33098,253.181066065,3.82e-06,12165777,145
2018-05-15,812406125.031,571926395.751,20332,24500428222.2,1430.28,939358016.0,1750.0,2.076592,50195,6.36606127001e+11,41883,103.333467766,3.82e-06,9871870,140
2018-05-16,407451020.092,279172307.363,20461,22988806592.4,1341.89,913177984.0,1850.0,1.97333124,49800,6.19624054099e+11,30409,71.2275212,3.74e-06,9469656,148
2018-05-17,349949312.564,260006274.604,16498,22105694070.8,1290.22,804139008.0,1612.5,1.39850233,43275,6.22074245401e+11,27102,116.2230176,3.82e-06,7617402,129
2018-05-18,525364660.355,312276562.005,15221,20599862303.0,1202.2,876974976.0,1862.5,1.6261896,43708,5.67594368995e+11,27089,158.706593634,3.89e-06,7280283,149
2018-05-19,273058793.039,181084651.897,12495,20677615239.5,1206.61,595862016.0,1812.5,1.18918032,36862,5.76527238304e+11,23307,109.575270625,3.82e-06,6122112,145
2018-05-20,350963802.048,238124268.878,14395,20278583790.3,1183.2,805598976.0,1850.0,1.40056365,38374,5.96180788756e+11,26426,75.29642244,4e-06,7149708,148
2018-05-21,343678483.606,255953687.306,15508,22214861421.0,1296.03,622772992.0,1900.0,1.54866331,44274,5.82751034932e+11,27375,102.17124198,3.82e-06,8702450,152
2018-05-22,341772277.477,278900766.855,15170,21148393825.0,1233.7,634201984.0,1575.0,1.47924085,45453,6.15936790952e+11,27927,123.33854065,3.82e-06,8455672,126
2018-05-23,820581282.44,419110687.445,16111,19582833947.0,1142.25,858105984.0,1812.5,1.61525033,44611,5.48958506177e+11,28154,269.712102142,3.82e-06,7517170,145
2018-05-24,311615174.253,194372208.35,15130,17231838646.9,1005.01,785384000.0,1862.5,1.54681536,41345,5.48879713898e+11,25923,195.217323242,3.89e-06,7142388,149
2018-05-25,271174410.45,203780430.077,15209,18395050517.0,1072.74,620339968.0,1775.0,1.41751321,41961,5.70580007678e+11,27624,105.010304052,3.82e-06,7252442,142
2018-05-26,182560455.809,127094998.227,11872,17418467640.0,1015.68,486185984.0,1837.5,1.24986646,34680,5.76005208212e+11,22335,101.566852282,3.82e-06,5918408,147
2018-05-27,266936638.204,152949655.807,11560,17309174025.6,1009.2,507305984.0,1762.5,1.27192377,33034,5.69269729673e+11,22366,100.52878362,3.82e-06,5870024,141
2018-05-28,439020308.712,254392284.804,14257,17095673538.1,996.65,566168000.0,1850.0,1.44688184,39501,5.3994004765e+11,24744,153.006116626,3.82e-06,6578725,148
2018-05-29,321604673.415,177266612.767,15350,15385508483.1,896.85,688334016.0,1837.5,1.77820761,42826,5.38412313977e+11,26250,133.15722979,3.82e-06,8053089,147
2018-05-30,413600346.793,326754125.505,15741,16986326846.2,990.07,591774976.0,1750.0,1.41835512,46412,5.63932549523e+11,27760,141.177388134,3.82e-06,7918110,140
2018-05-31,665926879.832,451179707.651,15869,16876665962.3,983.57,705260032.0,1750.0,1.51560049,57341,5.5853866326e+11,26484,114.342166518,3.8e-06,12227456,140
2018-06-01,325790657.342,257579274.905,14552,17085824298.0,995.66,538528000.0,1787.5,1.1821347,40214,5.54940822073e+11,27569,92.21006392,3.79e-06,7463357,143
2018-06-02,223072117.126,155807658.437,14000,17219362667.9,1003.33,689121024.0,1912.5,1.72611546,39422,5.80063535162e+11,24716,95.1132258415,3.76e-06,7849711,153
2018-06-03,390701930.888,238266942.789,13935,18590856859.1,1083.13,842262016.0,1850.0,1.43634606,40457,6.12665030261e+11,27877,119.898591732,3.82e-06,7203988,148
2018-06-04,388025977.433,266126246.53,15324,20097492402.0,1170.78,910656000.0,1837.5,1.76769446,42785,6.13650317028e+11,27817,150.811660724,3.82e-06,9040370,147
2018-06-05,221477916.295,163719854.382,16233,19057459746.0,1110.07,727427008.0,1912.5,1.20707119,41418,6.40506925205e+11,27083,68.8412352654,3.82e-06,7914355,153
2018-06-06,239331891.102,183019629.025,15798,19870777435.0,1157.33,608502976.0,1687.5,1.41522638,45594,7.06979474867e+11,29943,70.59134335,3.74e-06,8387760,135
2018-06-07,183305880.483,126385278.7,15307,19491916059.0,1135.15,561721024.0,1725.0,1.38155895,38588,7.13617244953e+11,24997,70.5225445785,3.82e-06,7339088,138
2018-06-08,221454091.798,191845365.106,16067,19669024037.6,1145.34,503856000.0,1862.5,1.25777565,39264,6.99335065132e+11,27847,47.496848931,3.82e-06,7853609,149
2018-06-09,98590018.4168,70293798.8628,12834,19190374515.0,1117.35,407028000.0,1825.0,0.9951704,34221,6.76742896619e+11,22281,39.415124619,3.82e-06,7292214,146
2018-06-10,281883403.883,223431174.128,15242,18678704354.6,1087.46,757265984.0,1612.5,1.31940363,36957,6.96559144327e+11,26841,90.9269130638,6.76e-06,7576207,129
2018-06-11,251672237.919,186775964.752,17091,16107026964.9,937.63,619150976.0,1862.5,1.54074322,39358,6.70122764316e+11,28338,66.5488143228,5.22e-06,8494488,149
2018-06-12,596074975.282,306540720.462,16269,16443991670.5,957.14,523140992.0,1875.0,1.45577333,43563,6.5666022422e+11,29623,75.2006999482,3.82e-06,8173940,150
2018-06-13,270798313.305,167779465.117,14523,15066814478.6,876.89,547672000.0,1800.0,1.39424143,38522,6.56322734258e+11,24611,112.361063044,3.82e-06,7205829,144
2018-06-14,334991110.952,198999873.254,14325,14509387915.5,844.36,522806016.0,1787.5,1.50639926,38985,6.39647345083e+11,25986,79.379381268,3.82e-06,7402743,143
2018-06-15,276186745.5,149652810.954,12739,15405563098.2,896.43,371601984.0,1712.5,1.15214958,35743,6.68422178459e+11,23864,89.6408216751,3.74e-06,6502877,137
2018-06-16,123484878.283,95807806.2714,11207,14560420743.7,847.16,311148000.0,1750.0,0.80606187,30306,6.47844651795e+11,21548,26.6834814012,3.32e-06,5184404,140
2018-06-17,129672276.967,101563133.204,11092,14663378726.7,853.06,290560992.0,1800.0,0.91989351,29200,6.34835051902e+11,20659,25.4483238386,3.82e-06,5277738,144
2018-06-18,198998185.313,173460600.706,13355,14609045969.2,849.81,381404000.0,1862.5,1.25133907,36933,6.2874753086e+11,25933,49.956335793,3.82e-06,14713116,149
2018-06-19,274979553.057,220296279.03,14102,15232760073.0,885.99,397230016.0,1912.5,1.41570449,40408,6.50821670213e+11,28345,49.4422821144,3.82e-06,8296891,153
2018-06-20,237353489.436,163102901.396,14151,15573430240.8,905.71,430131008.0,1800.0,1.24904022,36847,6.39713998936e+11,25348,62.9625590685,3.82e-06,7470341,144
2018-06-21,354494734.763,303292990.695,20775,15315905183.0,890.64,361313984.0,1762.5,1.93018559,40516,6.42591122559e+11,194284,8.807583492,1e-05,40345947,141
2018-06-22,261872920.014,204444675.871,14477,15047844523.6,874.97,589187968.0,1562.5,1.38166733,37662,6.64425608371e+11,24810,102.229709861,3.82e-06,7795537,125
2018-06-23,118071777.333,84809474.8908,14122,12990026005.6,755.24,397206016.0,1887.5,1.05481463,32277,6.10687220733e+11,22696,26.153281484,3.82e-06,6362068,151
2018-06-24,185681522.018,119806510.225,12984,13152947192.0,764.62,642142016.0,1937.5,1.2028947,31654,6.02948297555e+11,22443,65.2135834256,3.74e-06,6038784,155
2018-06-25,206950386.886,166170635.596,13187,12879006853.9,748.63,447070016.0,1687.5,1.31257997,46230,6.24900775523e+11,22385,59.8887006099,3.85e-06,9406791,135
2018-06-26,202631304.897,165752925.783,13693,13028685354.4,757.25,357417984.0,1762.5,1.01395705,34625,6.38247489811e+11,23420,39.4936089275,3.82e-06,6562147,141
2018-06-27,207331472.925,166685001.854,14345,12015471670.7,698.28,333936992.0,2037.5,1.25941669,38656,6.19678262461e+11,23361,51.6711418872,3.74e-06,7232167,163
2018-06-28,115461694.316,85960377.3549,13010,12299147227.5,714.7,340686016.0,1500.0,0.94346187,35449,7.32937322454e+11,22338,67.893391055,3.74e-06,6528538,120
2018-06-29,189418743.135,155955138.636,13754,11410618880.1,663.0,407536000.0,1737.5,1.14681893,34366,5.82641872519e+11,22916,97.14049254,3.75e-06,6362325,139
2018-06-30,158167250.356,107877526.286,17196,12341935922.7,717.04,576081024.0,1800.0,1.28167278,37587,5.9857809507e+11,22744,22.0103243736,2.49e-06,7298054,144
2018-07-01,156239744.08,106589856.756,42258,12896762035.1,749.18,558793984.0,2025.0,0.83280977,59086,6.41673569621e+11,24111,0.0256669068,1.92e-06,11719458,162
2018-07-02,303699051.413,175878870.571,62609,12727056188.9,739.25,413921984.0,1712.5,1.24937202,82273,6.94851490395e+11,26330,0.023907345,1.92e-06,16423935,137
2018-07-03,569710447.282,180999875.407,72761,13345034621.3,775.07,478640000.0,1812.5,1.27931625,43630,6.46496821471e+11,30878,0.0,2.6e-06,19883944,145
2018-07-04,374493470.775,209439131.434,16833,13051232153.7,757.93,420710016.0,1787.5,1.07006162,37489,6.33386117481e+11,24049,27.3005552277,2.78e-06,7810638,143
2018-07-05,336269463.278,233400145.64,49648,13145143823.6,763.29,469756992.0,1875.0,1.03037734,36800,6.72741886848e+11,25576,0.0,2.6e-06,15006543,150
2018-07-06,329424823.631,223436239.15,14837,12891275644.0,748.48,375967008.0,1675.0,1.03818729,31550,7.29946322977e+11,21845,20.566246928,2.78e-06,6707096,134
2018-07-07,215744813.013,161806403.07,52584,12690697150.3,736.76,772953024.0,1837.5,0.89578519,31232,7.00622603896e+11,21114,0.0,2.6e-06,14519049,147
2018-07-08,119560150.807,82175495.2238,15447,13364387936.9,775.78,328903008.0,1900.0,0.94104904,32238,6.23130091853e+11,22171,2.9254896534,2.6e-06,6678613,152
2018-07-09,190660079.783,158929297.295,20197,12948654077.7,751.57,338876000.0,1725.0,0.96981895,32046,7.24037990049e+11,21463,0.1085868336,2.6e-06,8442379,138
2018-07-10,129869540.51,102458371.113,15124,12627498410.7,732.86,374505984.0,1750.0,0.98531703,34070,7.29242161622e+11,22911,30.2769236668,3e-06,6920261,140
2018-07-11,167768464.709,91967448.8171,43587,11870771447.1,688.87,321031008.0,1775.0,1.08090916,33730,6.66474414646e+11,24197,0.0,2.6e-06,13532981,142
2018-07-12,169147260.618,118479153.267,20483,12184074791.2,706.98,336003008.0,1862.5,0.81679625,35205,6.84574789622e+11,26290,0.0689588292,2.6e-06,8717599,149
2018-07-13,147023125.114,112308104.973,15252,11835031087.9,686.65,352371008.0,1875.0,1.00636286,35936,7.2810405205e+11,21193,14.0163323895,2.6e-06,12572841,150
2018-07-14,64018864.7453,49454791.7558,14120,12004706228.7,696.42,272856000.0,1837.5,0.61323978,32259,7.42007090781e+11,22294,5.690343357,2.6e-06,5896642,147
2018-07-15,75432389.2613,53027650.0502,13733,12119236795.5,702.99,322284000.0,1650.0,0.77548487,28262,7.0093707272e+11,17608,9.7795610262,2.6e-06,5719966,132
2018-07-16,184473919.94,140195291.958,39399,12490912401.0,724.48,534068000.0,1825.0,1.15757713,39350,7.2906100653e+11,25918,0.0,2.6e-06,13324280,146
2018-07-17,193229157.022,135692518.185,51396,13848111610.2,803.12,752280000.0,1637.5,1.5184469,41711,6.64866424293e+11,30986,0.0,2.6e-06,17206624,131
2018-07-18,437138279.363,364590363.628,33677,14654018237.4,849.77,720550976.0,1825.0,1.27966482,44754,6.20750537234e+11,30495,0.0,2.6e-06,13771156,146
2018-07-19,192776060.782,148189585.428,100695,14287538890.3,828.43,684182976.0,1712.5,1.35760212,46995,6.20391455343e+11,26250,0.0,3e-06,34571420,137
2018-07-20,293749002.528,157429726.506,98845,14202209178.7,823.4,612099008.0,1912.5,1.47251772,48885,6.23380159587e+11,28261,0.0,3.14e-06,33801944,153
2018-07-21,168886512.081,104631688.249,94877,13245910881.1,767.88,513512992.0,1700.0,1.21440981,33260,6.3871626037e+11,25301,0.0,3.1e-06,27674290,136
2018-07-22,130035324.739,92724621.8184,26923,13602457756.5,788.47,529767008.0,1737.5,0.89420912,30660,5.57655620456e+11,22439,0.0,2.6e-06,10369733,139
2018-07-23,272276233.69,208932446.357,21305,13624846934.7,789.69,608630016.0,1700.0,1.114371,36130,5.31835701156e+11,20975,0.2493525144,2.6e-06,8845567,136
2018-07-24,317664768.617,189584306.473,30590,13555785647.7,785.6,905811968.0,1887.5,1.83809838,40414,5.25644129573e+11,28717,0.076627424,2.6e-06,11490772,151
2018-07-25,238069890.52,154670797.971,21890,14896314670.4,863.2,692334016.0,1812.5,1.31619178,39344,5.57349563592e+11,24126,1.140494368,2.6e-06,9105671,145
2018-07-26,149337435.73,94636871.3631,15800,14337716474.4,830.74,597276992.0,1825.0,1.25777893,44157,5.17525649905e+11,33947,36.17706552,3.74e-06,7549026,146
2018-07-27,188234028.997,147266979.886,16400,13883583159.5,804.35,589747968.0,1662.5,1.16528873,36913,5.24037715419e+11,26671,8.989785601,3.75e-06,7416602,133
2018-07-28,183627606.916,149996083.415,14207,14181053274.0,821.49,525351008.0,1900.0,0.83027812,39267,5.20414091963e+11,22050,9.0787706691,2.6e-06,7239752,152
2018-07-29,166948494.4,124059412.147,37976,14174268996.5,821.01,565436032.0,1850.0,0.92250016,34285,5.65725713609e+11,22467,0.0,2.6e-06,11847040,148
2018-07-30,171515145.337,128604356.323,16210,14306009588.7,828.55,568282000.0,1912.5,1.14800582,37977,6.01519158431e+11,25150,49.7989786335,4.38e-06,7745321,153
2018-07-31,165602053.561,108054864.301,19074,14103282304.7,816.73,420759000.0,1725.0,1.45631204,41072,5.9289805635e+11,24297,33.9327384811,3.07e-06,8409709,138
2018-08-01,176377125.389,121774517.317,687613,13469582501.1,779.95,499193000.0,1737.5,3.27871062,47198,5.93303104544e+11,61078,0.0,2.89e-06,166075410,139
2018-08-02,199515986.907,171348203.602,58780,13258784764.0,767.67,387197000.0,1662.5,1.17875025,36990,5.83755431075e+11,24515,0.0,2.6e-06,17799104,133
2018-08-03,142736197.963,100393918.25,19013,12657839307.3,732.8,361851000.0,1812.5,1.15558903,34768,5.68176490357e+11,20331,12.27396032,2.84e-06,7821142,145
2018-08-04,162450183.304,98001244.1637,14284,12494571232.5,723.27,327670000.0,1937.5,0.83236863,29073,5.90824207752e+11,19129,40.3179194838,4.48e-06,6201710,155
2018-08-05,80396591.9969,60430239.7207,12927,12026001835.6,696.07,313362000.0,1787.5,0.85662402,28960,5.96881879683e+11,21152,13.1881389799,3.74e-06,5632486,143
2018-08-06,141354431.362,126430361.745,17215,12285515126.7,711.01,316406000.0,1937.5,0.96817882,34444,5.87617726579e+11,21136,18.6133317072,3.74e-06,7388266,155
2018-08-07,151673194.951,110529150.13,18475,11969134585.6,692.63,378007000.0,1637.5,0.58141884,45856,5.96144208745e+11,21348,13.8449256596,2.84e-06,9630741,131
2018-08-08,264006737.682,220666987.781,16542,11407145429.8,660.05,450595000.0,1762.5,0.8710883,48236,5.62251721606e+11,24754,51.56759434,3.27e-06,10028040,141
2018-08-09,192822447.961,164966733.808,17161,10206616060.9,590.52,355208000.0,1725.0,0.61704123,35813,5.89744960447e+11,21241,17.0293803288,3.04e-06,7626466,138
2018-08-10,107054570.344,81069661.0513,15028,10550457979.7,610.35,345223000.0,1887.5,0.61091472,32878,5.42960057525e+11,19947,47.30761815,3.21e-06,6397763,151
2018-08-11,94276702.6698,68105056.4778,18505,9886750827.51,571.89,341530000.0,1787.5,0.44233261,27921,5.85918445172e+11,17674,0.8045462898,2.29e-06,6906911,143
2018-08-12,68788525.3516,51959529.466,15331,9758861232.93,564.44,324257000.0,1725.0,0.4802778,34896,5.75942073799e+11,16547,1.1610643688,2.6e-06,7059296,138
2018-08-13,198392443.166,170936186.168,14280,9873694237.67,571.02,379411000.0,1937.5,0.62422942,36882,5.72985798624e+11,19225,48.6309411408,3.28e-06,7154510,155
2018-08-14,166746667.278,121233373.439,26864,9251378501.89,534.98,420396000.0,1700.0,0.89434434,92342,5.19666376215e+11,23864,0.0088057708,2.6e-06,18954357,136
2018-08-15,167852795.151,145385073.276,20366,8876633604.58,513.25,378019000.0,1725.0,0.57297595,35369,5.59252499428e+11,22282,1.1496953975,2.46e-06,8204216,138
2018-08-16,91130628.3953,65979294.3214,19736,8870885615.91,512.87,402136000.0,1887.5,0.58477082,31778,5.20647675515e+11,20570,1.0357460937,2.6e-06,7297502,151
2018-08-17,117517311.489,86580200.7579,20550,8935794750.89,516.56,463256000.0,1862.5,0.7448296,43842,5.41802428948e+11,18694,5.2479706576,2.26e-06,9148075,149
2018-08-18,83350570.1168,68117692.1029,66701,10339941230.4,597.67,413731000.0,1800.0,0.58599016,29171,5.94365542406e+11,21230,0.0,2.6e-06,17767930,144
2018-08-19,56308737.5419,43503278.8505,128532,9601373092.51,554.93,383846000.0,1687.5,0.74798268,32508,6.04365330907e+11,22877,0.0,2.1e-06,30842136,135
2018-08-20,160723935.463,140890740.159,43166,9865069418.0,570.11,374592000.0,1712.5,0.91144711,32836,5.48618595474e+11,19389,0.0,2.6e-06,13018370,137
2018-08-21,161573460.913,143461624.311,27521,8896144105.53,514.06,304026000.0,1950.0,0.55523664,29768,5.26094439572e+11,18556,0.0,2.6e-06,8911141,156
2018-08-22,110452493.41,79876144.4261,21346,9262150940.91,535.15,319315000.0,1762.5,0.5521317,32574,5.78628223829e+11,20077,0.954054717,2.6e-06,7894428,141
2018-08-23,72169548.911,57887279.8761,33625,8985560930.43,519.12,282362000.0,1762.5,0.51652254,32833,5.40837073255e+11,21729,0.0,2.6e-06,11074513,141
2018-08-24,109286189.412,90512363.5263,19820,9201807782.46,531.55,304350000.0,1850.0,0.54556678,35303,5.20720225111e+11,19014,0.200192361,2.6e-06,7925191,148
2018-08-25,63158700.3853,51011306.313,28156,9262177694.13,534.99,272027000.0,1725.0,0.54423205,27978,5.4857251394e+11,17519,0.0,2.6e-06,9488565,138
2018-08-26,105716720.999,87819493.9351,20265,9289140577.96,536.49,257257000.0,1675.0,0.48589642,28890,5.35282679191e+11,19831,0.0523292346,2.6e-06,7501928,134
2018-08-27,92561656.6692,71670704.9428,22443,9056780335.49,523.02,305426000.0,1900.0,1.01616552,55036,5.24346936006e+11,21293,0.0878464392,2.6e-06,13758951,152
2018-08-28,107648198.308,79226111.3578,22908,9439744476.08,545.08,429636000.0,1787.5,0.73721242,44070,5.36428738461e+11,29246,11.928094656,2.6e-06,12244359,143
2018-08-29,119599927.613,94311021.1943,26021,9775500078.98,564.41,299414000.0,1737.5,0.73123437,54535,5.36226200149e+11,27097,3.2281599273,2.6e-06,12713669,139
2018-08-30,100438805.582,79637530.8599,60724,9597550884.85,554.07,337841000.0,1800.0,0.712077,34432,5.16148944309e+11,24792,0.0,2.6e-06,17300763,144
2018-08-31,134061408.623,98596385.84,534090,9330796336.29,538.62,307222000.0,1837.5,1.95143711,40160,5.08569529478e+11,46562,0.0,2.6e-06,126586116,147
2018-09-01,121548979.459,92018578.0628,2103739,9424457209.78,543.96,490619000.0,2000.0,6.05853455,57270,5.40614379984e+11,188538,0.0,2.6e-06,484937952,160
2018-09-02,105067966.173,78918611.3086,1370438,10674205922.9,616.03,570200000.0,1825.0,4.18329207,72791,5.60882358787e+11,209262,0.0,2.6e-06,313760227,146
2018-09-03,108923329.93,91617570.055,448407,11235061631.0,648.33,397157000.0,1762.5,2.183725,38312,5.8606303639e+11,180949,0.0,2.1e-06,147580402,141
2018-09-04,155269583.781,125842728.355,1526043,10871920959.1,627.32,386332000.0,1662.5,3.96695973,65402,5.76499187043e+11,250343,0.0,2.1e-06,342992255,133
2018-09-05,233678709.923,152210122.366,1511603,10853923358.2,626.2,520184000.0,2062.5,4.51843876,47317,6.12552867707e+11,305780,0.0,2.1e-06,387860667,165
2018-09-06,148719470.81,119469806.337,663949,9186281429.77,529.95,441732000.0,1300.0,2.32269741,47021,6.34049922465e+11,167073,0.0,2.1e-06,171858673,104
2018-09-07,210656556.293,164224129.183,40446,8993482543.51,518.77,368854000.0,2000.0,0.78081925,32817,5.6471303042e+11,22260,0.0,2.6e-06,25916540,160
2018-09-08,103266835.791,74360276.6433,21803,8700419722.76,501.82,311599000.0,1712.5,0.62169118,30756,5.55691086625e+11,18916,29.9009447,2.6e-06,7460510,137
2018-09-09,58781180.4368,44244779.8088,51924,8229874092.95,474.63,286768000.0,1825.0,0.59321288,31155,5.40602647523e+11,19322,0.0,2.6e-06,14351381,146
2018-09-10,122307939.687,75815482.2796,57771,8397089392.4,484.22,300172000.0,1862.5,0.79080182,38602,5.2121396384e+11,24327,0.0,2.6e-06,17313130,149
2018-09-11,155295658.443,108062966.858,114119,8122850102.51,468.35,355090000.0,1749.99999,1.6237408,53797,5.24322180167e+11,36418,0.0,2.6e-06,33003183,140
2018-09-12,252714178.642,181211222.076,20374,7640665709.6,440.51,319094000.0,1775.0,0.65120601,38289,5.60582312958e+11,23966,5.28612,3.5e-06,8276854,142
2018-09-13,192623846.56,154060179.439,14728,7520537285.88,433.54,393614000.0,1800.0,0.55583058,46000,5.21099145645e+11,19968,56.8309854214,3.82e-06,7687855,144
2018-09-14,199335846.194,158348713.214,18964,8104111444.7,467.13,314701000.0,1687.5,0.5897558,36390,4.9683556982e+11,22357,9.8746470561,2.6e-06,7893252,135
2018-09-15,73456631.1659,41813100.1136,26091,7765777740.37,447.58,276833000.0,1825.0,0.5766379,44199,4.84358520036e+11,30600,0.044758,5.2e-06,9961095,146
2018-09-16,117464644.752,70026737.069,19656,7782702498.5,448.51,277244000.0,1912.5,0.59752395,35220,4.84507247048e+11,21058,6.1315039633,2.6e-06,7827060,153
2018-09-17,196217555.39,142804116.111,14430,7815926068.56,450.38,365115000.0,1650.0,0.55781394,35865,4.86232305785e+11,20675,47.6288830108,3.82e-06,6594159,132
2018-09-18,139751614.157,98467498.7078,21791,7264426974.0,418.56,332161000.0,1800.0,0.59454952,36132,4.86249654615e+11,24471,1.8328072704,2.6e-06,8685514,144
2018-09-19,245782502.166,184705888.483,25602,7519091606.09,433.19,337321000.0,1825.0,0.75810663,41014,4.83524425786e+11,22542,0.22742475,2.6e-06,10572672,146
2018-09-20,185151495.094,145282373.389,43898,7461314319.45,429.81,369099000.0,1825.0,0.83826012,34204,5.04153654348e+11,21856,0.0,2.6e-06,13759379,146
2018-09-21,221854323.528,185479923.21,22381,7943120340.43,457.52,597228000.0,1837.5,0.7663257,43868,5.1130966558e+11,26333,9.87739928,2.6e-06,9915608,147
2018-09-22,127646984.942,102589398.975,24974,8687620830.5,500.35,412279000.0,1800.0,0.69492375,33164,5.07623652743e+11,18672,0.0,2.6e-06,9261702,144
2018-09-23,62650949.0137,43936759.5921,16739,8469001673.96,487.71,384226000.0,1850.0,0.80272877,29450,5.20273160558e+11,17088,6.6760329663,2.6e-06,6473678,148
2018-09-24,144447754.184,105725876.149,20099,8473541966.87,487.92,385322000.0,1737.5,0.88899407,33312,5.05139844375e+11,20096,2.6503228896,2.64e-06,8195751,139
2018-09-25,186132964.616,134731936.924,19024,8026021887.04,462.11,414548000.0,1687.5,0.7784356,37137,4.96533882807e+11,21538,6.4144241403,2.6e-06,8459009,135
2018-09-26,229394687.994,116062415.948,27608,7726380462.47,444.8,856458000.0,1962.5,0.81376851,45066,5.02290306113e+11,25506,3.561820512,2.6e-06,11539200,157
2018-09-27,293344593.679,220887549.304,23359,8942668090.47,514.77,1083230000.0,1837.5,1.18824744,45721,5.78776373652e+11,26742,32.4587451345,2.61e-06,10607085,147
2018-09-28,171522191.419,127100497.608,20373,9875915067.58,568.43,673844000.0,1762.5,0.66518267,38311,5.74462265909e+11,22908,12.9086758205,2.6e-06,9027260,141
2018-09-29,133522775.474,85645151.1145,105008,9365403853.63,538.99,581112000.0,1862.5,0.89350122,34231,5.63153379815e+11,23970,0.0,2.6e-06,27557921,149
2018-09-30,95651808.2926,74164086.413,14609,9324172790.72,536.56,477471000.0,1762.5,0.61339658,34485,5.64937862939e+11,23626,28.5947525744,4.52e-06,7036321,141
2018-10-01,128367874.439,99219723.5675,288522,9239594019.46,531.64,450906000.0,1737.5,1.31038095,37016,5.72929423597e+11,32655,0.0,2.6e-06,65842347,139
2018-10-02,124394498.713,94284014.7175,25367,9232044547.88,531.15,536291000.0,1787.5,0.61795794,34386,5.66775054475e+11,19720,0.053115,2.6e-06,9574780,143
2018-10-03,115269400.144,99831430.3303,17439,9241514825.97,531.64,512420000.0,1787.5,0.70006075,34888,5.57253301616e+11,21437,7.6274443964,3.74e-06,7410929,143
2018-10-04,1405539832.88,149708905.091,13627,8984258493.0,516.79,466791000.0,1875.0,0.97111769,39428,5.70533937589e+11,18752,49.8553824554,3.76e-06,10875888,150
2018-10-05,101757371.193,76348115.7384,14125,8935031649.62,513.9,384914000.0,1875.0,0.57037221,36086,5.66017338393e+11,21713,28.216743273,3.35e-06,7137234,150
2018-10-06,56160502.5922,40709395.694,15070,9040661024.77,519.92,391070000.0,1812.5,0.81669049,35510,5.63617268327e+11,19263,16.51109944,3.24e-06,6847554,145
2018-10-07,50923817.2342,40224311.8311,24237,8862507890.95,509.63,382426000.0,1725.0,0.48307049,27786,5.78524721192e+11,29298,0.253642851,2.6e-06,9837663,138
2018-10-08,92014971.5536,70395230.5641,19108,9021260693.67,518.71,397869000.0,1737.5,0.56201691,30401,5.72534718157e+11,18347,1.9508527487,2.6e-06,8041706,139
2018-10-09,157432314.217,141297875.133,13674,9164714185.51,526.9,372000000.0,1762.5,0.63614522,29250,5.74822423765e+11,19147,25.521797785,3.85e-06,5923064,141
2018-10-10,194908898.244,165120879.136,13543,8987661411.12,516.66,369806000.0,1912.5,0.47786064,31605,5.6795452482e+11,19259,41.1673241352,3.81e-06,8046304,153
2018-10-11,287475177.217,148421210.675,16451,8903322554.47,511.77,487652000.0,1675.0,1.18687673,38735,5.43664188311e+11,20198,46.8283060728,3.79e-06,11201250,134
2018-10-12,97282568.8579,66620470.4933,15168,7487610480.6,430.35,289722000.0,1700.0,0.59540297,32489,5.27534015599e+11,20010,24.4671490245,3.82e-06,6828402,136
2018-10-13,78711889.4625,45789385.6695,15341,7711692083.63,443.18,245372000.0,1887.5,0.45983114,30241,5.27635354009e+11,20312,11.4951496584,5.41e-06,6675073,151
2018-10-14,335709985.834,115793217.292,15948,7799764734.01,448.19,242400000.0,1825.0,0.53098046,29547,5.27365182871e+11,22068,4.6823036766,4.52e-06,7395428,146
2018-10-15,392151100.713,118105217.079,21859,7634445712.85,438.65,571575000.0,1737.5,1.06417636,42678,5.12536389586e+11,26322,2.806008958,2.46e-06,9303807,139
2018-10-16,334550356.898,234939835.628,23488,7995027730.07,459.32,302192000.0,1787.5,0.73822756,36884,5.16994448712e+11,24727,2.575682832,2.6e-06,8963239,143
2018-10-17,270696017.909,165940084.522,16609,7987708458.89,458.85,292950000.0,1812.5,0.76519379,33064,5.00686952262e+11,20810,23.7540725835,3.82e-06,7190870,145
2018-10-18,365305613.835,234258616.939,16762,7820735549.81,449.22,327540000.0,1800.0,1.13422148,42079,5.45281265999e+11,22537,25.831340433,3.9e-06,9935073,144
2018-10-19,145987671.023,101709673.858,40161,7631609151.27,438.31,303766000.0,1812.5,0.74555447,40294,4.9091069491e+11,26472,0.0,2.6e-06,13140206,145
2018-10-20,150426710.057,124795627.917,32530,7677153490.05,440.87,266812000.0,1850.0,0.58087246,30601,4.84445985254e+11,20161,0.0,2.6e-06,10242001,148
2018-10-21,75835166.8934,64250395.7908,31552,7793960068.7,447.54,295702000.0,1625.0,0.5794161,36669,5.21715635604e+11,20463,0.0,2.6e-06,11405453,130
2018-10-22,72479408.4869,59524819.717,26263,7788731235.97,447.19,261566000.0,1937.5,0.67379872,36048,5.13061410411e+11,25652,0.23477475,2.6e-06,10487422,155
2018-10-23,229634309.032,117086250.633,20699,7789219241.33,447.17,262509000.0,1725.0,0.63258327,34133,4.92294046629e+11,23064,1.878114,2.6e-06,8517557,138
2018-10-24,66532102.9637,55259596.4859,24112,7687096601.84,441.27,249002000.0,1812.5,2.87901791,42299,5.15566771705e+11,23579,3.4595568,3.72e-06,27665178,145
2018-10-25,294924992.992,228669705.955,25210,7703858023.45,442.18,226378000.0,1950.0,0.62469165,32745,4.92046141451e+11,22295,1.0144360906,2.6e-06,12900541,156
2018-10-26,159552080.413,137792159.105,16427,7651265303.25,439.12,259970000.0,1600.0,0.73555357,34532,5.35135948703e+11,23572,14.81722616,3.78e-06,8490423,128
2018-10-27,117977235.522,87143249.4214,23355,7642930887.03,438.6,235687000.0,1762.5,0.5565065,34749,4.96077429569e+11,19316,0.250502004,2.6e-06,9331879,141
2018-10-28,112514755.806,82613445.1722,14168,7648868727.88,438.89,226911000.0,1737.5,0.513793,29539,4.91415731509e+11,18942,16.4156841697,3.96e-06,6265285,139
2018-10-29,245614877.422,129165294.044,17949,7672642062.02,440.21,294419000.0,1875.0,0.80785925,48521,4.714024356e+11,23139,32.3148168233,4.52e-06,10962397,150
2018-10-30,221779093.434,186017901.568,27018,7280943500.33,417.69,243462000.0,1812.5,0.65804249,35658,4.99119807633e+11,20078,4.7327409675,2.6e-06,10444834,145
2018-10-31,220987289.425,155434927.666,77158,7360755127.85,422.23,286666000.0,1812.5,0.75760016,34021,4.74794041448e+11,24104,0.0,2.6e-06,21766645,145
2018-11-01,153852116.886,121017255.848,733782,7376151412.5,423.07,228640000.0,1737.5,2.19807626,33038,4.86232537777e+11,52316,0.0,1.92e-06,156998089,139
2018-11-02,336126422.128,254970828.302,78553,7397350910.89,424.24,524499000.0,1875.0,1.01380791,38802,4.87409134224e+11,26525,0.0,2.6e-06,22882591,150
2018-11-03,279458553.675,141548038.535,31871,8052695481.23,461.77,470238000.0,1912.5,0.79075909,48139,5.23311991502e+11,31357,0.046177,3.06e-06,12558966,153
2018-11-04,351151606.255,241005634.719,37812,8346021566.65,478.54,1452890000.0,1887.5,1.29350322,56596,5.9968703987e+11,32643,128.00071186,2.29e-06,17383749,151
2018-11-05,462040964.921,333032094.275,24781,9727870794.57,557.72,907963000.0,1837.5,1.20079767,48863,6.15401851611e+11,29167,82.068721088,3.9e-06,12498234,147
2018-11-06,257167806.534,181925698.19,68800,9595442196.44,558.55,958116000.0,1862.5,1.07491359,50584,6.2443478427e+11,30112,54.5602978565,1.92e-06,20499676,149
2018-11-07,434903591.184,330995124.587,22252,10994146319.3,630.18,935156000.0,1687.5,1.15712607,49157,6.84894970288e+11,27749,105.659854407,4.09e-06,11722024,135
2018-11-08,396378070.923,283112206.644,21341,10757089973.5,616.53,824619000.0,1787.5,1.17248573,45984,6.61359316533e+11,31093,89.3070770667,5e-06,10662681,143
2018-11-09,406728734.203,282897766.133,21261,10016183447.3,574.01,860474000.0,1837.5,1.09632381,44416,6.40572043458e+11,28399,98.675303852,4e-06,10657723,147
2018-11-10,299454427.131,184826964.057,1567326,9473971864.1,542.88,656843000.0,1825.0,4.04162289,41422,6.33969919602e+11,91430,0.0083929248,1.92e-06,308558253,146
2018-11-11,379612495.01,284527670.913,17950,9700157683.33,555.78,693990000.0,1850.0,0.94506847,46391,6.34946670894e+11,28247,111.15248747,4.83e-06,10237221,148
2018-11-12,706204803.001,497260057.383,119014,9313370216.97,533.57,951132000.0,1737.5,1.65913131,54814,6.97131922179e+11,125402,0.0272227414,5.01e-06,42469042,139
2018-11-13,784879460.258,582994663.829,52634,8982958737.75,514.58,972530000.0,1937.5,1.38338308,87118,7.06752247599e+11,35301,0.0,2.6e-06,24970059,155
2018-11-14,1191142028.55,906167828.929,29320,8932155760.0,511.63,1167480000.0,1450.0,2.06317267,79714,7.18897893385e+11,35453,120.239169095,4.31e-06,20503923,116
2018-11-15,1042702278.67,680051003.723,386713,7681811590.0,439.96,979243000.0,1950.0,1.67612441,45100,5.57494238393e+11,81941,0.0024021816,1.92e-06,97147789,156
2018-11-16,99549996.1829,96037704.2649,41256,7355078640.0,421.2,502805000.0,1925.0,0.15947115,14130,8.8321702455e+11,38174,0.0,1.92e-06,11410748,154
2018-11-17,117373982.441,100911162.49,877450,6802103344.93,389.5,356307000.0,1537.5,1.9092384,9628,8.2691428651e+11,88795,0.00212667,1.92e-06,183661315,123
2018-11-18,78761392.8262,60073238.2557,658085,6770177130.3,387.63,275157000.0,1762.5,1.29691177,10583,6.29581202919e+11,23718,0.0021164598,1.92e-06,127674811,141
2018-11-19,77939096.4917,74668643.962,282507,6701137280.46,383.63,107950000.0,1950.0,0.64555845,272846,6.10207910886e+11,134669,0.013005057,1.95e-06,59717515,156
2018-11-20,168425116.905,125238241.651,329111,5875039303.7,336.31,142641000.0,1512.5,0.79169581,342875,6.98579972233e+11,27118,0.0100893,1.95e-06,65204366,121
2018-11-21,75457933.6667,60965737.4229,4704,3955039487.17,226.38,80873000.0,1762.5,0.10450978,10961,5.95634206081e+11,5917,0.90552,2.78e-06,2193624,141
2018-11-22,121459767.26,79154415.1282,4192,4127152001.71,236.21,59981900.0,1825.0,0.34312592,11118,5.40364428554e+11,8012,3.6080888532,3.73e-06,2321676,146
2018-11-23,256531992.491,188654307.266,5997,3676821327.35,210.42,103947000.0,1537.5,0.12105528,13494,4.83834456241e+11,6803,2.3586419682,3e-06,2858418,123
2018-11-24,33430321.7006,29620577.6974,3818,3628937054.3,207.66,97740700.0,1387.5,0.0904888,13675,4.29662899121e+11,5814,21.7072210266,3.42e-06,2382752,111
2018-11-25,113969375.861,95065333.5831,5831,3165704781.83,181.13,164581000.0,1675.0,0.12585788,19102,2.79301455952e+11,9158,17.5905504393,2.78e-06,4369160,134
2018-11-26,107904031.035,95973952.0727,7541,3230682948.42,184.83,283429000.0,1775.0,0.20833989,48649,2.80287374521e+11,36953,12.7531757367,3.42e-06,6008117,142
2018-11-27,158989301.356,128748530.614,9174,3181538428.3,182.0,136514000.0,1762.5,0.33089061,55842,2.74049570118e+11,42423,25.82090238,3.74e-06,7071072,141
2018-11-28,65669930.9021,57301474.6087,18598,3131850243.7,179.14,127871000.0,1837.5,1.3944778,36942,2.72372385284e+11,22521,0.0019902454,3.28e-06,9690357,147
2018-11-29,68159837.782,51042446.0503,8542,3323818821.44,190.1,89166901.0,1725.0,0.42362023,25492,2.50636481114e+11,12953,14.019063273,3.42e-06,5297988,138
2018-11-30,558033913.58,269912894.818,10605,3166503226.93,181.09,97441740.0,1862.5,1.69173138,65384,2.64636601452e+11,15117,10.7563367366,3.74e-06,13038332,149
2018-12-01,190106448.868,137335658.23,8825,3017066153.38,172.52,68660039.0,1812.5,0.27585544,21967,2.67548978461e+11,11660,3.2688865324,3.8e-06,4425070,145
2018-12-02,540058656.205,388963996.396,5577,3007221370.13,171.94,71004464.0,1675.0,0.3228294,14697,2.70296072487e+11,8632,33.839184714,3.79e-06,2608609,134
2018-12-03,939304124.937,635720609.75,7135,3014059308.03,172.32,69403051.0,1650.0,0.32753422,18295,2.4953653191e+11,11365,34.464,3.84e-06,3777957,132
2018-12-04,1248162180.21,816561567.77,11831,2792557373.98,159.64,73451486.0,1725.0,0.4531556,18662,2.02805921548e+11,11691,0.15964,2.6e-06,4838928,138
2018-12-05,2677147792.26,691195656.131,16558,2621605677.4,149.85,95942782.0,1750.0,0.4530954,21703,1.89787897345e+11,14707,0.0376677945,2.6e-06,6864739,140
2018-12-06,2609159769.9,726419390.815,30281,2283694765.67,130.52,123685568.0,1725.0,0.54797734,23403,1.74531043012e+11,14843,0.0,2.6e-06,10650879,138
2018-12-07,1898581362.25,626627330.46,9716,1880933498.49,107.49,211041228.0,1862.5,0.73212088,27316,1.56971829021e+11,15678,46.8761707953,3.8e-06,7397769,149
2018-12-08,2052643731.14,571319365.259,6898,1859139821.5,106.24,112407720.0,1537.5,0.27244191,20437,1.68886042519e+11,11522,50.1656876416,3.9e-06,3597994,123
