date,txVolume(USD),txCount,marketcap(USD),price(USD),exchangeVolume(USD),medianTxValue(USD),activeAddresses,paymentCount,blockCount
2017-06-20,,1,,,,,2,1,
2017-06-21,,,,,,,,,
2017-06-22,,,,,,,,,
2017-06-23,,,,,,,,,
2017-06-24,,,,,,,,,
2017-06-25,,,,,,,,,
2017-06-26,,,,,,,,,
2017-06-27,,,,,,,,,
2017-06-28,,,,,,,,,
2017-06-29,,,,,,,,,
2017-06-30,,,,,,,,,
2017-07-01,,,0.0,1.03,13613000.0,,,,
2017-07-02,43805833.2079,13430,0.0,0.996521,320452000.0,303.374325532,8274,13430,
2017-07-03,115767930.243,25440,435552942.279,2.72,414950016.0,248.805591061,12510,25440,
2017-07-04,64268039.193,15360,669328232.552,4.1,218559008.0,66.1009344418,7174,15360,
2017-07-05,77512692.3777,13733,560701592.64,3.36,124339000.0,3.36,5758,13733,
2017-07-06,96279511.9036,20241,509157190.521,3.01,177463008.0,31.239285,9250,20241,
2017-07-07,47604785.3616,11415,575649024.304,3.35,96596496.0,60.1149599405,5357,11415,
2017-07-08,82262221.4372,8490,532857517.274,2.82,151162000.0,56.4,3824,8490,
2017-07-09,88548363.1793,8924,536670870.742,2.6,87525104.0,80.6,4472,8924,
2017-07-10,42827979.9981,11608,469612058.607,2.25,79608800.0,292.5,7129,11608,
2017-07-11,66540266.169,13162,375736916.982,1.79,111023000.0,197.035685812,8069,13162,
2017-07-12,86440534.9106,18155,349336241.546,1.64,104621000.0,307.9798968,11870,18155,
2017-07-13,24739184.2788,8664,446072451.126,2.08,51203900.0,83.2,4446,8664,
2017-07-14,26216280.8565,10261,376673103.135,1.73,41025200.0,112.171315707,4836,10261,
2017-07-15,18677267.6436,7194,342147383.923,1.55,34208800.0,84.3295945,3551,7194,
2017-07-16,14510090.0731,7227,287649603.552,1.29,30802800.0,11.61,2884,7227,
2017-07-17,12352143.679,7914,279980094.156,1.25,62295100.0,0.625,2809,7914,
2017-07-18,18354027.8538,8893,347780331.541,1.54,58108000.0,0.0,2850,8893,
2017-07-19,27620826.7512,8208,387936348.269,1.7,55057600.0,0.0,2896,8208,
2017-07-20,23032064.1422,6403,362706410.466,1.57,45949800.0,17.113,2804,6403,
2017-07-21,20821369.8318,8498,409047898.286,1.76,58164900.0,10.56,3471,8498,
2017-07-22,27790392.2442,11755,426742682.786,1.82,41809000.0,182.0,6290,11755,
2017-07-23,30488789.2973,9791,463160033.561,1.96,60205000.0,22.365460051,4329,9791,
2017-07-24,36880491.6788,13750,450431399.701,1.88,36585400.0,14.654664202,5695,13750,
2017-07-25,19333392.2593,9570,452557912.606,1.88,42547000.0,0.0,2826,9570,
2017-07-26,32028439.5025,10056,397881732.736,1.64,48693200.0,4.92,3792,10056,
2017-07-27,43100577.6788,14681,429718157.436,1.75,69371696.0,102.5675,7047,14681,
2017-07-28,67773874.7954,19258,483446361.773,1.96,64730400.0,209.577997159,9982,19258,
2017-07-29,16073234.924,8317,456657340.0,1.83,44021100.0,0.0,2565,8317,
2017-07-30,75470974.017,15427,461114072.14,1.83,27580200.0,183.0,8317,15427,
2017-07-31,79213795.5737,24688,448846641.19,1.77,29657700.0,353.6586024,15844,24688,
2017-08-01,17060062.0682,11401,447460603.792,1.75,39175500.0,0.0,2766,11401,
2017-08-02,110321000.28,9723,458117403.0,1.78,28880800.0,0.0,3028,9723,
2017-08-03,18861870.6055,8384,463104694.467,1.78,25878000.0,0.0,2915,8384,
2017-08-04,23953691.2494,8456,469643166.298,1.8,34183300.0,0.0,2918,8456,
2017-08-05,21431508.3439,11255,474284931.832,1.8,52324800.0,0.0,3968,11255,
2017-08-06,32053351.4117,11742,506079894.253,1.9,38436700.0,0.0,3795,11742,
2017-08-07,22686132.0884,9376,465585063.851,1.73,46022400.0,0.0,3127,9376,
2017-08-08,31203340.8635,9449,490781499.037,1.81,76270800.0,0.0,3350,9449,
2017-08-09,17732397.1934,9126,513729768.765,1.88,36813700.0,0.0,2848,9126,
2017-08-10,15401801.5817,7636,502700731.0,1.83,43519300.0,0.0,2739,7636,
2017-08-11,27645340.6382,8574,506585567.581,1.83,49178400.0,16.47,3571,8574,
2017-08-12,19974077.4403,7335,499858523.623,1.79,38131800.0,30.9541184295,3274,7335,
2017-08-13,50489905.9386,10886,469068857.778,1.67,40514200.0,31.2650775778,4502,10886,
2017-08-14,117611255.945,12843,456246984.006,1.61,39205300.0,90.5239512387,5766,12843,
2017-08-15,32547026.7515,10251,473133518.921,1.66,58304700.0,230.610609258,4820,10251,
2017-08-16,15621430.8321,7455,471141195.675,1.64,24022000.0,0.0,2665,7455,
2017-08-17,19721296.9703,8843,462366165.677,1.6,25713300.0,0.0,3138,8843,
2017-08-18,17882785.0957,8711,449609323.761,1.54,26841700.0,0.0,3165,8711,
2017-08-19,24960348.0733,9205,418292080.757,1.42,24769900.0,29.6537109284,4621,9205,
2017-08-20,28484507.43,9591,413888869.197,1.4,15673200.0,159.8058,5738,9591,
2017-08-21,13534346.0238,6759,408014222.0,1.37,20152300.0,0.0,2365,6759,
2017-08-22,15410527.6706,6020,402679212.5,1.34,23774300.0,0.00268,2181,6020,
2017-08-23,20903338.674,6301,389116708.851,1.29,36567800.0,4.5402320388,2488,6301,
2017-08-24,11947149.3045,6519,427962886.326,1.41,18034600.0,0.0,2134,6519,
2017-08-25,19418612.4525,6386,420934596.0,1.38,20444500.0,0.0,2222,6386,
2017-08-26,12248521.2729,6787,424546267.456,1.38,16466000.0,0.0,2411,6787,
2017-08-27,12802911.843,5949,420066519.407,1.36,18124100.0,5.44,2650,5949,
2017-08-28,15050415.9924,6655,419319368.396,1.35,18414400.0,12.8644382925,3044,6655,
2017-08-29,18277580.875,4927,422136816.244,1.34,18993200.0,1.1656506168,1976,4927,
2017-08-30,25655471.6045,9534,414426709.333,1.31,24068700.0,60.3786056511,5092,9534,
2017-08-31,14304077.0198,5398,391333755.277,1.23,22926100.0,0.0,1943,5398,
2017-09-01,20893472.432,7306,417868424.0,1.3,25853000.0,0.0,2757,7306,
2017-09-02,20422167.9796,5831,421203688.618,1.3,38741300.0,0.0,1940,5831,
2017-09-03,21945477.741,8643,403873672.256,1.24,22618600.0,0.0,2388,8643,
2017-09-04,62520262.7529,12564,408725302.048,1.25,43045400.0,0.0,4166,12564,
2017-09-05,53702081.4069,19529,278750568.053,0.848252,30273900.0,41.5219354,7870,19529,
2017-09-06,72331343.517,26189,294909972.113,0.891735,26208300.0,267.254548954,14165,26189,
2017-09-07,58100192.9196,23188,306636197.931,0.921946,22912100.0,92.1946,11936,23188,
2017-09-08,191736833.416,25699,326870654.074,0.977746,18650200.0,230.6502814,14434,25699,
2017-09-09,51804295.6531,18620,280476013.484,0.83378,10281100.0,252.3077395,10836,18620,
2017-09-10,17072094.5132,11247,268356368.074,0.793394,9494440.0,0.0,3852,11247,
2017-09-11,13358000.926,12113,251455127.457,0.739553,7763470.0,0.0,3790,12113,
2017-09-12,17849678.5084,13857,249492370.414,0.730094,15475800.0,0.0,4288,13857,
2017-09-13,14625311.0395,9144,288920738.824,0.841224,12370500.0,0.0,3025,9144,
2017-09-14,16825402.9399,8256,251437802.372,0.727394,13131300.0,0.0,2899,8256,
2017-09-15,12627744.5071,9683,209790747.787,0.60337,13121900.0,9.8288973,4318,9683,
2017-09-16,11649221.6782,8245,232850548.74,0.666501,5602950.0,3.94174023408,3396,8245,
2017-09-17,7568535.22423,7316,219357202.747,0.624291,8685770.0,0.2253066219,2874,7316,
2017-09-18,11189285.9598,8664,229847210.308,0.650438,9065170.0,0.0,3219,8664,
2017-09-19,9179459.52409,7907,251486331.344,0.708194,5520750.0,0.0,2743,7907,
2017-09-20,6429109.7691,4979,232798839.447,0.651858,6087520.0,0.64166294088,2071,4979,
2017-09-21,9560875.43658,7509,221765941.106,0.615818,6972060.0,0.0,2127,7509,
2017-09-22,4772802.19254,4999,198009113.129,0.547718,4556540.0,0.0,1885,4999,
2017-09-23,6087634.5614,5360,207312341.967,0.57079,4809880.0,0.0,1580,5360,
2017-09-24,7900336.819,3795,212311087.261,0.580243,7534280.0,1.9314233611,1454,3795,
2017-09-25,6144175.05859,4675,200793438.774,0.546514,5592430.0,0.0,1522,4675,
2017-09-26,8140331.72954,6452,211151083.253,0.570981,5789570.0,0.0,2765,6452,
2017-09-27,5105262.92199,5320,207918031.585,0.560208,11395600.0,0.0,1786,5320,
2017-09-28,12631026.154,7545,236403302.999,0.63294,22672400.0,0.0,2640,7545,
2017-09-29,12583629.4155,4562,306691435.129,0.816964,15499400.0,66.9047252391,2350,4562,
2017-09-30,9149147.17822,2964,271199753.775,0.718682,10179600.0,171.010042023,1899,2964,
2017-10-01,9187801.29002,2278,273648821.174,0.721765,8938190.0,116.710936171,1404,2278,
2017-10-02,9732838.23858,2289,269982656.124,0.707986,8299880.0,108.068201827,1529,2289,
2017-10-03,7797188.60452,1795,250190804.518,0.652812,7114830.0,97.3118979856,1305,1795,
2017-10-04,6471493.98135,1994,243402759.94,0.631988,5449300.0,80.552332373,1282,1994,
2017-10-05,5466697.95023,1688,232125483.532,0.599336,8038660.0,132.921007781,1174,1688,
2017-10-06,5046469.05621,1901,236161814.511,0.606706,6785670.0,67.764206552,1218,1901,
2017-10-07,4707603.14955,1850,234581422.078,0.599816,6250760.0,94.0230394968,1195,1850,
2017-10-08,6183728.3645,1793,230856296.454,0.587396,5854700.0,188.85436924,1335,1793,
2017-10-09,7217093.5361,2240,238412389.079,0.603543,6657950.0,109.861150631,1492,2240,
2017-10-10,5491937.17547,2084,221244923.461,0.557554,7701180.0,98.8667463442,1495,2084,
2017-10-11,11510904.4924,2214,221869145.68,0.556461,8705650.0,140.631483859,1490,2214,
2017-10-12,7197768.17818,2442,244519498.613,0.610294,8681880.0,183.0271706,1739,2442,
2017-10-13,7793926.17526,2297,238184840.878,0.591619,8587370.0,177.4857,1824,2297,
2017-10-14,7626053.39328,2194,237387653.656,0.584829,6436220.0,106.385836168,1499,2194,
2017-10-15,5019206.43972,2040,237694046.057,0.58344,6573060.0,115.316916,1413,2040,
2017-10-16,5102915.33733,2187,234159429.212,0.571853,6005900.0,85.77795,1501,2187,
2017-10-17,8857903.53999,2464,231765876.314,0.562389,6374050.0,61.1897882456,1571,2464,
2017-10-18,5599113.99275,1658,229180716.653,0.554269,7320330.0,154.583622477,1357,1658,
2017-10-19,6411524.83079,2342,227089875.131,0.545624,8084770.0,191.245849804,1686,2342,
2017-10-20,7258751.62652,2137,237084809.553,0.566626,6150650.0,113.3252,1468,2137,
2017-10-21,5154074.16131,2150,226891895.112,0.540259,7066060.0,200.71192417,1537,2150,
2017-10-22,4982556.82747,2170,222077526.557,0.526479,5538990.0,114.790067243,1455,2170,
2017-10-23,5891267.76531,2195,219400128.101,0.517658,6162350.0,144.507420617,1556,2195,
2017-10-24,4654167.14985,2205,209723986.238,0.49279,7089410.0,147.837,1608,2205,
2017-10-25,4571744.63454,1915,220269108.709,0.514902,5046620.0,145.893092413,1381,1915,
2017-10-26,11170573.8737,2356,216874388.877,0.50434,5314240.0,55.9081968109,1429,2356,
2017-10-27,3457809.44961,1900,223814358.626,0.518989,4730120.0,116.385598006,1330,1900,
2017-10-28,5360674.55935,2048,226306102.895,0.522242,5960600.0,144.570897647,1432,2048,
2017-10-29,10985541.5519,3459,233965782.304,0.536399,19902600.0,265.388388944,2403,3459,
2017-10-30,10983533.1939,4297,292525859.385,0.667644,20481800.0,227.41563662,3193,4297,
2017-10-31,10026050.5851,3336,313596029.975,0.712702,16200000.0,233.269931353,2343,3336,
2017-11-01,26875146.3831,7755,345759071.372,0.785862,74917400.0,245.16899564,5227,7755,
2017-11-02,34762487.0969,9482,464728950.0,1.05,68358600.0,245.734021239,6397,9482,
2017-11-03,30530374.0987,8829,500301732.231,1.12,59247900.0,223.142473882,6002,8829,
2017-11-04,18722511.845,5944,537897997.5,1.2,37546000.0,238.8,3894,5944,
2017-11-05,17324010.0059,4719,501098702.45,1.11,32996400.0,222.999,3147,4719,
2017-11-06,18562643.5394,5190,485483418.801,1.07,26059800.0,271.165759722,3331,5190,
2017-11-07,20339233.2655,3908,422514025.499,0.921145,16941200.0,228.82213608,2742,3908,
2017-11-08,16766603.4148,4540,439157885.817,0.95102,37971000.0,299.314762239,3254,4540,
2017-11-09,16862216.2773,5079,523100917.695,1.13,24725800.0,168.758268,3346,5079,
2017-11-10,17194323.0933,3797,548607358.544,1.18,23024200.0,351.64,2962,3797,
2017-11-11,16580673.6856,3602,482723277.138,1.03,27539300.0,334.935422392,2629,3602,
2017-11-12,19473111.8691,6278,545824716.404,1.16,29229800.0,294.774380708,4759,6278,
2017-11-13,21910648.7464,3373,512496378.28,1.09,20848600.0,492.0914,2743,3373,
2017-11-14,42562641.3633,8107,559844510.707,1.18,107326000.0,544.21623921,6136,8107,
2017-11-15,47072672.5385,8873,803101369.293,1.68,64150700.0,406.223999832,6722,8873,
2017-11-16,39792065.6246,9642,802011091.248,1.67,64675200.0,498.328,8073,9642,
2017-11-17,50636969.5448,8193,800484890.766,1.66,50782500.0,498.0,7187,8193,
2017-11-18,37120478.3662,6359,842218675.865,1.74,52951400.0,348.0,4667,6359,
2017-11-19,35159489.8493,6645,934867602.383,1.92,55081600.0,362.593032173,5088,6645,
2017-11-20,39144610.5788,7123,925504520.834,1.89,55477200.0,378.0,5375,7123,
2017-11-21,62773249.2072,7297,983537027.368,2.0,56022900.0,514.40812784,5516,7297,
2017-11-22,41516143.8026,6121,938644039.397,1.91,44297600.0,404.248805525,4621,6121,
2017-11-23,41359969.0083,7994,935524485.0,1.89,42235000.0,808.1419815,6906,7994,
2017-11-24,32640814.4876,4532,940325844.016,1.89,44111800.0,718.692345,3613,4532,
2017-11-25,112743331.135,7604,939234560.293,1.88,48591800.0,910.760643983,5779,7604,
2017-11-26,81696776.9002,9305,1024468704.17,2.05,116846000.0,633.8395,7732,9305,
2017-11-27,63188616.9488,10370,1237364386.74,2.46,126962000.0,430.868494864,8561,10370,
2017-11-28,180023449.381,12577,1443146947.84,2.86,98904096.0,560.56,9666,12577,
2017-11-29,88233196.8704,10986,1416747932.63,2.79,133125000.0,557.163,8533,10986,
2017-11-30,125375374.673,10537,1409297385.47,2.76,92059600.0,874.92,7977,10537,
2017-12-01,152080709.62,9876,1449493390.36,2.83,74402000.0,849.046122406,6953,9876,
2017-12-02,112499465.916,12175,1664796973.96,3.24,163479008.0,710.4672,9293,12175,
2017-12-03,136442394.511,12710,2032386441.31,3.94,132280000.0,592.096667519,9879,12710,
2017-12-04,91096775.7522,9272,1874085052.83,3.61,163900000.0,714.47491251,7433,9272,
2017-12-05,79892068.9674,6045,2109014964.5,4.06,181418000.0,1624.0,5230,6045,
2017-12-06,94572240.9248,7239,2226816821.8,4.27,200252992.0,1061.13343,6137,7239,
2017-12-07,70673436.0271,4951,2373610085.58,4.52,183666000.0,1134.017602,4419,4951,
2017-12-08,128796198.245,7063,2101547766.72,3.99,149508000.0,1126.43125292,5989,7063,
2017-12-09,241478642.041,13820,2263704115.77,4.28,133142000.0,3296.59556258,12328,13820,
2017-12-10,99966861.8298,8142,2160678222.01,4.07,98890000.0,1083.42222069,7097,8142,
2017-12-11,92470408.5145,6971,2010133339.35,3.77,153155008.0,1068.795,5904,6971,
2017-12-12,148589147.631,10291,2342668082.52,4.38,266450000.0,1228.4643505,7805,10291,
2017-12-13,461446034.068,17911,2855407527.33,5.32,663820992.0,1545.607364,14164,17911,
2017-12-14,376134858.416,16510,3904595768.89,7.24,613600000.0,1504.7978,12751,16510,
2017-12-15,324844513.995,13671,4547429242.79,8.41,640457984.0,1330.31903,11098,13671,
2017-12-16,238320593.896,14767,4419849508.13,8.14,540462016.0,773.3,12188,14767,
2017-12-17,166759225.277,12094,4689775057.83,8.6,361464000.0,1075.00272866,9897,12094,
2017-12-18,217823833.191,10508,4498576343.37,8.22,577649984.0,1639.00224,8459,10508,
2017-12-19,403315124.207,16567,5074950877.89,9.24,1688240000.0,1841.553252,12848,16567,
2017-12-20,341845080.228,12371,6862297508.24,12.45,775977024.0,1875.4462125,9632,12371,
2017-12-21,297755831.368,12324,6614982642.05,11.96,349756000.0,2192.30800614,10040,12324,
2017-12-22,517925271.411,13440,5935360451.2,10.66,612398016.0,3141.9817,9642,13440,
2017-12-23,225432209.559,10791,4452516121.01,7.97,233174000.0,1435.54843,8253,10791,
2017-12-24,185108525.37,9102,4771511883.41,8.51,192175008.0,2047.8399324,7080,9102,
2017-12-25,176279936.441,8044,4614813350.09,8.2,337892992.0,2454.52158,6662,8044,
2017-12-26,179382834.176,7553,5517768018.51,9.77,336595008.0,1609.6936714,5979,7553,
2017-12-27,169914974.991,8048,5574419158.87,9.83,530216000.0,1677.89323745,6362,8048,
2017-12-28,253557471.326,9598,5994529166.4,10.54,478886016.0,2098.514,7415,9598,
2017-12-29,179374909.412,7357,5484356822.03,9.6,448089984.0,1644.22283986,5851,7357,
2017-12-30,198481654.603,7991,5423461247.45,9.46,499400000.0,1889.72014,6340,7991,
2017-12-31,173161060.237,7065,4892174933.74,8.51,312308000.0,1702.0,5802,7065,
2018-01-01,188556811.515,8883,5063610228.74,8.77,331072992.0,1043.42130943,7477,8883,
2018-01-02,525673017.3,8552,5162882715.2,8.91,552188992.0,1477.24980569,6952,8552,
2018-01-03,165216649.389,12256,5416153271.96,9.32,529459008.0,989.327408121,10228,12256,
2018-01-04,192413354.514,9776,6091609857.44,10.45,1204969984.0,1666.775,8328,9776,
2018-01-05,167075702.707,8387,6569254485.24,11.23,618755008.0,1684.5,7669,8387,
2018-01-06,172271529.214,9341,6343842588.87,10.81,688819008.0,1562.219041,8297,9341,
2018-01-07,204175737.851,9775,7522755946.52,12.77,781497024.0,1792.80904272,8757,9775,
2018-01-08,505012108.539,12520,7394023061.01,12.51,697174976.0,2414.43,9647,12520,
2018-01-09,230127510.014,10403,5732477886.35,9.67,546937024.0,1825.7927,8384,10403,
2018-01-10,245048026.389,9468,5549901333.2,9.33,1211789952.0,2066.72946078,7339,9468,
2018-01-11,251132944.723,10956,6766183674.97,11.33,1161849984.0,2051.762163,8304,10956,
2018-01-12,389209087.027,15847,6826798290.11,11.4,2449370112.0,1697.46,13026,15847,
2018-01-13,328130722.825,19493,8369396530.72,13.92,3379130112.0,1404.50016,16410,19493,
2018-01-14,373672680.735,15255,9771610388.2,16.17,1162419968.0,1614.4128,12756,15255,
2018-01-15,210160248.134,10759,8140149501.27,13.42,806380992.0,1342.0,9196,10759,
2018-01-16,320959195.801,13550,7887100859.44,12.96,1599730048.0,1628.42934626,11420,13550,
2018-01-17,271714617.233,13927,6234921110.76,10.2,1625250048.0,1392.184332,11181,13927,
2018-01-18,300445152.054,14278,6250542368.85,10.2,1266300032.0,2027.9673468,12102,14278,
2018-01-19,187616780.621,9358,6385684886.25,10.38,845596032.0,1394.62014661,7517,9358,
2018-01-20,336737012.239,14486,6943205731.31,11.25,2777449984.0,1811.93623058,10783,14486,
2018-01-21,575535803.089,11496,9697572342.8,15.66,2887800064.0,2944.76017065,9158,11496,
2018-01-22,285712185.143,11768,8413913906.53,13.54,2902200064.0,1885.2404783,9306,11768,
2018-01-23,289293170.997,10790,8461927661.31,13.57,1614680064.0,2046.6549471,8606,10790,
2018-01-24,237101263.61,9882,8140846529.71,13.01,1050800000.0,1866.39658226,8124,9882,
2018-01-25,251193340.781,10451,8761574151.29,13.96,1546860032.0,1653.7016,8244,10451,
2018-01-26,235212764.018,9557,8992602574.57,14.28,1444039936.0,1694.0638176,7568,9557,
2018-01-27,250225262.404,9091,9057978400.08,14.34,653830976.0,1861.20294,7620,9091,
2018-01-28,310627453.593,10884,9085776535.75,14.34,646950016.0,1740.3711066,8839,10884,
2018-01-29,313202617.591,8966,9552077921.01,15.03,565307008.0,1888.06460751,6976,8966,
2018-01-30,389769716.127,13228,8949712361.33,14.03,980342016.0,3183.31414701,10456,13228,
2018-01-31,302865094.733,9936,7332761117.61,11.46,1008809984.0,1784.9713809,7313,9936,
2018-02-01,452801572.173,10570,7853388453.56,12.24,919859008.0,2444.5947096,7809,10570,
2018-02-02,369947473.542,11829,6542119314.47,10.17,1534140032.0,2222.7552,8315,11829,
2018-02-03,262768788.992,8063,6307335286.12,9.77,736278016.0,1753.3242,6201,8063,
2018-02-04,461252651.931,9306,6323824757.94,9.77,588172032.0,2432.13010783,6620,9306,
2018-02-05,269208892.108,10194,5637142839.21,8.68,640158976.0,2593.59438128,7096,10194,
2018-02-06,373620939.569,11722,4672430504.31,7.17,1304850048.0,2151.0,8252,11722,
2018-02-07,175055151.661,8092,5473033041.56,8.35,762883968.0,1850.82927,5937,8092,
2018-02-08,95619564.2465,5573,5037557584.69,7.66,542067968.0,1513.77526591,4384,5573,
2018-02-09,134613221.953,7084,5603423976.32,8.5,507606016.0,1653.65744085,5542,7084,
2018-02-10,178768764.106,8362,6353394032.26,9.61,609065984.0,2007.1729495,6432,8362,
2018-02-11,194093349.714,6968,6036620259.87,9.09,408012992.0,2727.0,5388,6968,
2018-02-12,124021748.726,6102,5626804091.05,8.45,353976000.0,1690.44785004,4830,6102,
2018-02-13,121568315.908,6026,6128653460.72,9.18,365436000.0,1101.6,4774,6026,
2018-02-14,341017590.353,8084,6176014963.45,9.23,480308992.0,1620.92086585,5828,8084,
2018-02-15,136864808.702,10791,6674728582.03,9.94,392064992.0,397.6,5143,10791,
2018-02-16,136850827.24,14640,6840905003.51,10.15,249798000.0,223.3,4438,14640,
2018-02-17,177780279.225,17660,6765171947.52,10.01,276848992.0,281.699383355,4968,17660,
2018-02-18,161871355.107,17766,6888174070.27,10.16,353808000.0,232.13216403,4522,17766,
2018-02-19,114256923.651,20459,6371191485.42,9.37,225362000.0,234.25,4278,20459,
2018-02-20,153776428.5,17540,6598480251.88,9.69,305780992.0,290.7,5073,17540,
2018-02-21,129420887.739,5910,6329360905.65,9.27,298552992.0,1674.34631912,4659,5910,
2018-02-22,131872579.309,5946,5999867668.72,8.74,295638016.0,1568.83,4567,5946,
2018-02-23,102585678.315,5894,5543139879.41,8.05,284364992.0,1230.96068248,4621,5894,
2018-02-24,123236127.776,5743,5920473776.44,8.57,241756992.0,1310.60444028,4498,5743,
2018-02-25,146730129.16,5563,5660898608.51,8.18,173548992.0,1254.3908936,4496,5563,
2018-02-26,119922148.58,6557,5486348059.29,7.9,251184992.0,1476.43673749,5060,6557,
2018-02-27,149071038.812,6830,5692119927.81,8.17,330184992.0,1465.5346,5263,6830,
2018-02-28,197592549.944,6370,5959041616.52,8.53,380052992.0,1370.29558668,5046,6370,
2018-03-01,128319881.289,5854,5882579219.79,8.39,214126000.0,1520.51816786,4666,5854,
2018-03-02,178197852.001,6709,6107150316.2,8.68,211631008.0,944.734238,5223,6709,
2018-03-03,90078281.6829,6178,5720276269.76,8.11,141850000.0,813.57057654,4871,6178,
2018-03-04,155730520.899,7144,5656286564.3,8.0,195810000.0,1194.4,5628,7144,
2018-03-05,126135732.082,6905,5808483651.88,8.18,183715008.0,1539.1464889,5607,6905,
2018-03-06,147841641.01,7345,5697591755.03,8.0,233026000.0,1760.0,5535,7345,
2018-03-07,170481488.994,8216,5177115342.36,7.25,423460000.0,1740.0,6029,8216,
2018-03-08,155244627.441,8987,4667363183.7,6.51,299364992.0,1700.7020205,6631,8987,
2018-03-09,198881690.705,8611,4456801146.62,6.2,429200992.0,1630.67291659,6133,8611,
2018-03-10,93072947.4426,6081,4445653916.52,6.17,309652992.0,1271.800621,4773,6081,
2018-03-11,85164713.0278,5302,4178590300.63,5.79,271828992.0,1095.53692995,4295,5302,
2018-03-12,125459397.186,5769,4457706932.57,6.15,206551008.0,1168.5,5045,5769,
2018-03-13,352434435.969,7019,4229203447.64,5.82,199199008.0,1743.09,5775,7019,
2018-03-14,124945531.744,6475,4276668281.43,5.87,210732992.0,1572.573,5137,6475,
2018-03-15,168644233.546,7183,3907562441.56,5.35,293299008.0,1636.26164088,5292,7183,
2018-03-16,107105335.485,5593,3792143387.17,5.18,184719008.0,1374.59588,4149,5593,
2018-03-17,81155541.3884,4996,3741229950.06,5.09,140080000.0,1198.33369449,3868,4996,
2018-03-18,110079910.452,6511,3424567122.0,4.65,333500992.0,1699.09869171,4769,6511,
2018-03-19,123751750.937,7383,3474780625.9,4.71,660668992.0,1385.682,5071,7383,
2018-03-20,170235577.809,7847,4572221771.93,6.17,667072000.0,1530.16,5501,7847,
2018-03-21,336654107.27,13127,4506956804.68,6.07,765790016.0,2119.644,9013,13127,
2018-03-22,445095976.496,19202,5217760192.34,7.01,1062430016.0,2103.0,13485,19202,
2018-03-23,273338575.477,15827,5237694987.97,7.02,846830016.0,972.555898992,12049,15827,
2018-03-24,160675227.216,8895,5239661465.38,6.99,357179008.0,1565.76,6102,8895,
2018-03-25,119903534.173,7002,4961415456.17,6.6,274460000.0,1096.919208,4756,7002,
2018-03-26,230514613.006,9441,4924692196.12,6.53,553672000.0,2232.92972703,6424,9441,
2018-03-27,175511890.482,9195,4458377388.16,5.9,877542976.0,2293.507,5996,9195,
2018-03-28,176353412.327,8237,4454001914.31,5.88,616041984.0,1475.88,5790,8237,
2018-03-29,199072330.362,8054,4787130057.65,6.31,626902976.0,1442.595355,5538,8054,
2018-03-30,177142478.769,10311,4592963250.65,6.03,506609984.0,853.0012674,7745,10311,
2018-03-31,147134085.256,5884,4665802353.77,6.11,224212992.0,1408.13461465,4312,5884,
2018-04-01,140905829.363,6282,4595550408.13,6.0,401303008.0,1868.8355301,4288,6282,
2018-04-02,118595080.575,6659,4357040610.93,5.68,314995008.0,1243.92,4814,6659,
2018-04-03,133197056.946,6896,4542905375.74,5.9,306368992.0,994.863284099,5124,6896,
2018-04-04,104785469.413,6050,4716884556.67,6.11,260820000.0,972.065309413,4488,6050,
2018-04-05,109379808.699,7476,4425649361.17,5.72,542464000.0,1428.2423391,5376,7476,
2018-04-06,208097699.318,11742,4931373160.03,6.36,451440992.0,1265.64,9108,11742,
2018-04-07,109136974.135,7095,4570743631.43,5.88,220028000.0,1293.37159552,5132,7095,
2018-04-08,127985163.766,14504,4608971055.56,5.9,166915008.0,751.78619392,12486,14504,
2018-04-09,170412131.519,13272,4682982539.28,5.98,226564992.0,1149.58826166,10358,13272,
2018-04-10,198680917.511,11640,4614127446.74,5.88,225494000.0,1699.32,8610,11640,
2018-04-11,630325512.789,25756,4719570337.81,6.0,1818530048.0,1741.0782189,16378,25756,
2018-04-12,850133368.834,37730,6705092651.09,8.5,1717360000.0,2126.7,26798,37730,
2018-04-13,557468269.002,27613,6891953300.93,8.71,936742976.0,1231.21076,20028,27613,
2018-04-14,811995956.603,36260,6939070493.17,8.75,811486976.0,874.125,26192,36260,
2018-04-15,550287208.145,26791,6860105540.24,8.63,861262976.0,862.999999137,20751,26791,
2018-04-16,363872633.269,12991,6702521378.86,8.39,455204000.0,855.78,9617,12991,
2018-04-17,237343947.078,12368,6506499400.84,8.13,798768000.0,1401.46458928,8236,12368,
2018-04-18,210214737.959,9407,6809426268.44,8.49,518188992.0,1305.852843,6521,9407,
2018-04-19,241797618.095,9865,7258026391.05,9.02,554115968.0,1547.73147048,6850,9865,
2018-04-20,568481335.017,14315,7670716387.7,9.51,1512339968.0,1817.7114435,9682,14315,
2018-04-21,529833636.548,11641,9366852953.38,11.58,1142259968.0,2214.681948,8110,11641,
2018-04-22,335202985.699,11477,8972265328.87,11.07,1001900032.0,1910.26747201,7913,11477,
2018-04-23,379101104.528,10239,9206057492.74,11.33,662115968.0,1356.3164527,8003,10239,
2018-04-24,546556352.994,23527,9555272838.34,11.73,3223780096.0,1550.7911598,15996,23527,
2018-04-25,517453660.085,17551,12333916594.9,15.1,3005040128.0,2448.012,12758,17551,
2018-04-26,543377565.859,13373,11814165223.2,14.43,1566850048.0,2164.5,9773,13373,
2018-04-27,602981523.308,15945,12697852550.1,15.47,2486409984.0,2311.53454822,11797,15945,
2018-04-28,612534449.474,21861,13729365061.4,16.69,2728300032.0,1891.5798917,16798,21861,
2018-04-29,2030260439.82,29523,15575080761.4,18.88,4870720000.0,2832.0,20512,29523,
2018-04-30,1090941816.01,23260,17893409761.7,21.64,4073370112.0,3539.94310386,15934,23260,
2018-05-01,577347664.083,15329,14650265425.3,17.67,3330129920.0,2297.1,11211,15329,
2018-05-02,592407768.906,14521,15728499997.8,18.93,2410370048.0,1906.251,10956,14521,
2018-05-03,1874543035.11,20461,16048212223.6,19.27,2266540032.0,2335.03592289,14809,20461,
2018-05-04,456290958.542,15618,14787162293.3,17.71,1749309952.0,2100.28867036,11340,15618,
2018-05-05,396950738.394,14491,14342679348.5,17.14,1614729984.0,1714.0,10868,14491,
2018-05-06,431359227.51,12570,14885286045.2,17.74,1434829952.0,2212.23308847,9379,12570,
2018-05-07,574524849.721,13998,14859803709.3,17.67,2000850048.0,2703.51,10010,13998,
2018-05-08,610945225.35,15059,15153231246.1,17.98,1449939968.0,1986.7736382,11679,15059,
2018-05-09,604111678.993,18745,15328765830.2,18.12,1199539968.0,1902.6,14157,18745,
2018-05-10,698626020.167,21771,15242025611.8,17.97,1287810048.0,1831.8618,16650,21771,
2018-05-11,983639901.232,19949,14846999618.1,17.46,2919820032.0,3492.0,13859,19949,
2018-05-12,1350601125.37,19296,12769386456.8,14.98,3091069952.0,3314.3117394,12169,19296,
2018-05-13,567244364.672,13973,12158236921.1,14.23,1589949952.0,1768.6337507,9775,13973,
2018-05-14,673738104.281,17905,12789917057.5,14.93,1702960000.0,2530.635,12469,17905,
2018-05-15,663393431.424,15596,12064861638.2,14.05,1371869952.0,2327.18061977,11295,15596,
2018-05-16,479332574.901,28139,11128450098.1,12.93,1534140032.0,827.52,23681,28139,
2018-05-17,482822166.024,16514,11105293037.0,12.87,1644329984.0,1274.13,12201,16514,
2018-05-18,552018331.137,17754,10703520512.9,12.37,1343680000.0,436.823636059,14163,17754,
2018-05-19,270806389.411,10397,11301547929.9,13.04,1018750016.0,1429.51087655,8000,10397,
2018-05-20,360337407.164,14387,11440235253.8,13.17,1228359936.0,1744.38283923,10602,14387,
2018-05-21,447527477.289,16068,12221800434.0,14.03,1063000000.0,1931.10785702,11932,16068,
2018-05-22,566459144.825,13283,11799688671.3,13.52,991158976.0,1962.1381312,10045,13283,
2018-05-23,532505865.874,17371,10796222473.0,12.33,1591750016.0,1759.86089988,12970,17371,
2018-05-24,684237849.995,19888,9578905698.29,10.92,2161890048.0,1852.90434425,15469,19888,
2018-05-25,450227972.33,24317,11259988763.8,12.81,1624390016.0,1637.6304,18594,24317,
2018-05-26,465078240.256,21424,10815611614.9,12.27,1085629952.0,1239.27,18347,21424,
2018-05-27,733344984.725,17421,10854880939.1,12.29,939929024.0,1265.87,15032,17421,
2018-05-28,1319246286.8,30984,11075233443.9,12.5,1580160000.0,1516.54358731,25908,30984,
2018-05-29,929289719.612,37769,10390094610.3,11.7,1877299968.0,1753.83,31267,37769,
2018-05-30,1163797515.86,44229,10842179404.2,12.18,1269209984.0,1199.73,34369,44229,
2018-05-31,1157757824.44,57471,10673141719.6,11.97,1142809984.0,362.691,50224,57471,
2018-06-01,2276723319.07,18093,10985414895.6,12.29,1058150016.0,508.5390612,15457,18093,
2018-06-02,257282543.905,9204,11010822218.7,12.29,2884720128.0,325.015940573,7781,9204,
2018-06-03,,,13272700215.5,14.81,1631840000.0,,,,
2018-06-04,,,13080306451.9,14.6,1297159936.0,,,,
2018-06-05,,,12173223893.5,13.58,1445139968.0,,,,
2018-06-06,,,12768756146.5,14.25,1022289984.0,,,,
2018-06-07,,,12536529888.0,13.99,1017480000.0,,,,
2018-06-08,,,13056898100.8,14.57,1105590016.0,,,,1
2018-06-09,65954167.308,25103,12577477189.5,14.04,1175320064.0,140.4,163932,163931,13337
2018-06-10,1037.98422,12975,12578956320.7,14.04,2317139968.0,14.04,57,51,80482
2018-06-11,11199.138249,14362,10137637003.6,11.31,1570569984.0,11.31,197,223,172800
2018-06-12,16235.07963,10237,10352248346.3,11.55,1052700032.0,1.155,254,416,172800
2018-06-13,4120.21593,8200,9191323274.26,10.26,1266409984.0,0.1026,233,404,172682
2018-06-14,3571.761969,8898,9114082295.4,10.17,1409440000.0,0.1276335,246,324,172291
2018-06-15,10592.420254,117776,10117527766.0,11.29,936732992.0,0.1129,459,797,172503
2018-06-16,9111.38172,14462,9544620576.1,10.65,680969984.0,0.001065,283,1100,138696
2018-06-17,279346.836189,60225,9529445198.67,10.63,432120992.0,0.001063,346,3299,172750
2018-06-18,523896089.139,62825,9357371634.79,10.44,720630016.0,10.44,522,534,172792
2018-06-19,433789822.022,52127,9603947082.14,10.72,715926016.0,53.6,791,800,170453
2018-06-20,530486092.339,46448,9613469306.48,10.73,852286976.0,1287.6,1506,1744,172746
2018-06-21,327718578.344,22361,9348184717.96,10.43,662139008.0,104.3,1172,1608,172604
2018-06-22,224619067.341,115952,9335203581.23,10.42,1258310016.0,1042.0,1066,2581,172771
2018-06-23,238935064.152,13605,7769967161.86,8.67,709977024.0,1231.14,1089,1926,172728
2018-06-24,57475824.6598,11904,7581593388.57,8.46,1397600000.0,795.24,1216,2199,172653
2018-06-25,208869761.779,112690,7235805663.07,8.07,905011968.0,393.947541,1430,2876,172778
2018-06-26,97351774.6559,66819,7397857966.35,8.26,629339008.0,518.211337,1341,2916,172762
2018-06-27,93155062.5384,280735,6704738011.93,7.48,716035968.0,374.0,1728,4228,172602
2018-06-28,442035939.876,144743,7181279208.11,8.01,724915008.0,364.824261,2232,5304,172629
2018-06-29,25396521.3113,215778,6694799611.62,7.47,802745984.0,298.484019,1855,4414,172705
2018-06-30,149229583.994,115583,6940309304.41,7.74,832537984.0,215.767206,1725,4184,172348
2018-07-01,34393192.1941,137605,7304498748.3,8.15,621643008.0,143.44,2125,5485,172641
2018-07-02,80698652.8853,136374,7292187021.43,8.14,1024129984.0,260.48,3598,8820,172661
2018-07-03,367355792.985,154296,7986778472.69,8.91,1006099968.0,406.9878615,6495,15278,172423
2018-07-04,86784379.7551,121373,7926676527.44,8.85,935387008.0,447.952485,4290,9309,172721
2018-07-05,180269128.84,132903,7953877599.16,8.88,958548992.0,427.000128,4318,10324,172715
2018-07-06,149232024.547,164583,7974756486.01,8.9,604649984.0,355.11,4503,10083,172415
2018-07-07,106251198.763,132155,7771778152.53,8.67,490260992.0,211.771686,3404,7329,170416
2018-07-08,117476094.962,148823,8105814018.09,9.04,491667008.0,350.176152,2577,4867,170154
2018-07-09,66518537.775,124232,7800990302.88,8.71,707878016.0,448.889012,2861,5490,172762
2018-07-10,64185777.6701,607513,6941401820.56,7.75,707110016.0,644.270675,2551,5207,172610
2018-07-11,158411186.479,676522,6458982246.0,7.21,599606976.0,657.4254645,2646,5162,172041
2018-07-12,94097809.8847,353890,6422020856.37,7.17,597379968.0,179.25,2948,5718,172778
2018-07-13,76244885.4214,936254,6188994292.0,6.91,586718016.0,0.000691,66769,71921,172417
2018-07-14,100781361.25,2262137,6236709698.61,6.96,396983008.0,69.6,3854,6846,170900
2018-07-15,137337562.808,3235261,6258234111.16,6.98,501440000.0,62.82,5086,9029,171027
2018-07-16,261566163.584,2207468,6627540421.01,7.4,716972032.0,74.0,5848,12144,171175
2018-07-17,92287149.5752,6321479,7228384569.57,8.07,847793984.0,20.175,7009,13040,164498
2018-07-18,85008072.3754,6742775,7861001883.93,8.77,929459008.0,0.000877,12274,20206,168334
2018-07-19,510843579.318,8307320,7689320056.26,8.58,852908992.0,66.07887,5011,9493,163750
2018-07-20,191725694.743,5766056,7524654200.35,8.4,810102976.0,0.81396,9507,17413,168419
2018-07-21,56083295.3229,7025941,7075781759.43,7.9,551660032.0,0.79,6805,19187,170205
2018-07-22,53707107.7001,7545182,7183798295.8,8.02,497159008.0,8.24055,5393,10545,169867
2018-07-23,79164683.5537,7166509,7058034135.99,7.88,630787008.0,0.000788,19249,28757,170213
2018-07-24,350678149.433,6941005,7145990573.58,7.97,1007480000.0,0.000797,13417,20726,171849
2018-07-25,97454560.8288,7274451,7669966968.93,8.56,835307008.0,0.856,9637,15234,170390
2018-07-26,71415602.2122,7077989,7636827164.29,8.52,644028992.0,0.000852,31975,42982,168620
2018-07-27,73398070.4619,3698243,7448410215.12,8.31,694945984.0,0.000831,86939,92324,171699
2018-07-28,76570500.4594,5653858,7557037212.5,8.43,527104000.0,0.000843,71139,77620,171606
2018-07-29,34595288.073,8416821,7478152436.0,8.34,615336000.0,0.000834,7281,10916,170963
2018-07-30,126230798.153,8083187,7472847923.61,8.34,849398000.0,4.347642,4174,10251,170039
2018-07-31,68393450.3058,7271418,7043731608.83,7.77,708842000.0,0.000777,14166,19772,170142
2018-08-01,50425711.6091,7661172,6665673606.48,7.36,699077000.0,0.000736,10796,16676,170708
2018-08-02,203854767.625,8216194,6557748174.03,7.24,559363000.0,0.000724,28846,38622,168679
2018-08-03,39000821.2889,8361138,6391557069.06,7.05,521404000.0,0.000705,28265,35364,162113
2018-08-04,42863960.7475,7215324,6521576345.41,7.2,465467000.0,0.00072,67031,86935,168018
2018-08-05,89511936.2277,3364039,6339914984.56,7.0,481289000.0,0.0007,64403,78604,170414
2018-08-06,50950606.9636,5985614,6399873307.64,7.06,477949000.0,0.000706,40912,77157,170405
2018-08-07,55602082.5097,7390761,6396299839.4,7.06,572786000.0,0.000706,12504,17222,171412
2018-08-08,266709172.782,6763662,5986236007.19,6.6,885000000.0,0.78408,9791,17844,171604
2018-08-09,61311407.3761,7358344,5086059957.91,5.61,711726000.0,17.8959,5017,11393,172136
2018-08-10,76892621.05,6806950,5252916633.45,5.8,771704000.0,0.00058,58708,65693,169937
2018-08-11,55043207.0982,7337851,4782267183.49,5.28,651458000.0,0.000528,33862,50919,166506
2018-08-12,28798178.5477,7666177,4562197971.17,5.03,602163000.0,0.000503,74243,86156,163082
2018-08-13,62559316.7713,8690481,4543796443.16,5.01,666517000.0,38.7175305,3658,10220,165454
2018-08-14,63139672.6159,8476219,4188205399.61,4.62,588931000.0,4.62,6561,13608,169339
2018-08-15,52066113.7679,7608511,4219652774.75,4.66,692546000.0,0.000466,12016,18003,168596
2018-08-16,50041645.0103,3237240,4208112472.99,4.64,654120000.0,46.4,2177,8218,171942
2018-08-17,80596257.0758,2915765,4093224526.93,4.52,1009130000.0,41.358,2590,11235,172330
2018-08-18,44323600.3967,4696460,5022094286.21,5.54,824713000.0,0.000554,83278,100930,172062
2018-08-19,47372096.6834,7962129,4618899427.57,5.1,659969000.0,0.49266,7257,20457,171033
2018-08-20,51382345.8672,7622641,4803775189.75,5.3,560766000.0,5.3,5185,23050,171153
2018-08-21,271488915.004,6517547,4288756882.83,4.73,412303000.0,0.000473,116996,214207,171708
2018-08-22,79800916.6467,2436206,4453076192.67,4.91,571812000.0,0.000491,78716,161645,172630
2018-08-23,94847794.8701,6802492,4286208331.64,4.73,442313000.0,4.73,22113,75509,171652
2018-08-24,56086154.9604,6909588,4450121710.26,4.91,616336000.0,4.9591,11184,90991,171985
2018-08-25,40715288.2462,6723153,4583030542.61,5.06,356801000.0,5.06,16679,107432,171923
2018-08-26,36500108.3934,2606978,4571489234.33,5.04,361901000.0,5.04,13959,63036,172323
2018-08-27,62478407.3814,5774005,4483369082.6,4.95,552155000.0,4.95,4637,99888,171720
2018-08-28,80690425.3825,5646995,4852314761.07,5.35,622686000.0,5.35,4317,91757,171709
2018-08-29,114358541.46,5336603,5349397303.02,5.9,955876000.0,5.9,7011,115401,172064
2018-08-30,95307843.0827,4498038,5544851808.49,6.12,744458000.0,6.12,18460,100343,171291
2018-08-31,122402180.296,3452900,5489206252.34,6.06,899621000.0,6.06,16176,164087,171206
2018-09-01,69852528.9221,4347621,5839707983.22,6.44,746530000.0,9.66,4856,129681,170917
2018-09-02,88762093.9856,4210544,6025772150.52,6.65,903575000.0,6.65,4102,135555,171124
2018-09-03,173578712.777,4380445,6013514839.28,6.64,720704000.0,6.64,4383,128057,171103
2018-09-04,178570978.136,4774481,5850079184.74,6.46,765275000.0,6.46,25927,146044,170553
2018-09-05,141146897.161,5048297,5871714616.55,6.48,1009270000.0,6.48,58163,186341,171166
2018-09-06,127437519.951,904307,4720374699.54,5.21,844070000.0,5.21,69933,210500,171337
2018-09-07,136419466.697,5077661,4744001223.52,5.23,651853000.0,5.23,54316,194347,168901
2018-09-08,44690175.6754,3157655,4624675642.5,5.1,531005000.0,5.1,33266,180169,172393
2018-09-09,56210751.2998,5914083,4311834621.97,4.76,621964000.0,4.76,16823,117675,158109
2018-09-10,96006053.3909,4810318,4518529255.75,4.99,536130000.0,4.99,6520,125234,161229
2018-09-11,44661495.0787,1208067,4598233297.14,5.07,582087000.0,5.07,7150,162237,170573
2018-09-12,37006855.42,734139,4530097367.41,5.0,707279000.0,5.0,5763,153584,170838
2018-09-13,118624180.983,622992,4493191135.85,4.96,718438000.0,4.96,10251,178337,172613
2018-09-14,83764486.1142,617567,4912659411.81,5.42,606576000.0,1.355,47357,170196,172473
2018-09-15,42967257.511,803841,4758949882.36,5.25,508734000.0,10.5,7806,203943,172449
2018-09-16,47260514.7084,714053,4874897078.06,5.38,477706000.0,5.38,25883,199730,172588
2018-09-17,83312929.0405,824640,4919381379.71,5.43,696413000.0,5.43,39668,217620,172563
2018-09-18,71694975.5466,966691,4404446267.61,4.86,658606000.0,2.43,45052,249505,172570
2018-09-19,56798826.9109,991468,4584855025.7,5.06,622045000.0,2.53,19226,280399,172689
2018-09-20,75118655.8101,970782,4761268175.3,5.25,703866000.0,2.2575,25527,295495,172791
2018-09-21,138784524.433,1107299,5212555870.28,5.75,1088760000.0,0.71875,97600,406033,172676
2018-09-22,74515486.7615,1129399,5600717605.16,6.18,669024000.0,0.927,93554,373066,172793
2018-09-23,223945841.605,1152974,5392722745.0,5.95,686260000.0,1.4875,16635,308543,172653
2018-09-24,37987463.8478,1052409,5458246565.86,6.02,654906000.0,0.602,36774,446690,172792
2018-09-25,99355826.4344,1197153,5149299716.45,5.68,891486000.0,1.136,87564,344606,172728
2018-09-26,46460416.2113,1130715,4889061779.26,5.39,683187000.0,2.156,20347,281724,172759
2018-09-27,57211436.3364,903215,5035320417.18,5.56,753645000.0,3.684612,17118,302093,172515
2018-09-28,96281102.4835,909954,5283445662.0,5.83,840105000.0,4.664,19690,311724,172690
2018-09-29,75234697.5197,1131483,5223714670.0,5.76,678214000.0,4.608,13538,344553,172772
2018-09-30,110893317.64,1288261,5219241811.8,5.76,828008000.0,1.728,26260,352066,172793
2018-10-01,63690010.8036,1416553,5198765742.0,5.74,695608000.0,1.435,36951,372509,172788
2018-10-02,47042344.5907,1883906,5198652212.49,5.74,564671000.0,0.7175,75943,507607,172793
2018-10-03,57454858.2509,1377687,5082325354.52,5.61,595740000.0,0.70125,99742,406992,172800
2018-10-04,52165132.031,1472277,5099873750.2,5.63,613679000.0,1.4075,72562,384275,172772
2018-10-05,55295052.3758,1461405,5248360387.57,5.79,554553000.0,0.579,135802,461164,172728
2018-10-06,38995259.9185,1668258,5264659282.61,5.81,486075000.0,0.581,210680,643966,172798
2018-10-07,33683382.9981,2118245,5191991182.09,5.73,525930000.0,0.573,50548,558341,172684
2018-10-08,176306101.26,1876704,5232086810.84,5.77,627571000.0,1.4425,19103,506036,172689
2018-10-09,67797114.5067,2210207,5364753229.16,5.92,538883000.0,0.9472,96145,509187,172784
2018-10-10,120929142.785,2020724,5337692964.05,5.89,533169000.0,1.4725,83520,538653,172290
2018-10-11,143145255.043,1978872,5325857628.0,5.88,758737000.0,1.47,52656,536901,172779
2018-10-12,70216027.2647,2330469,4567078604.43,5.04,525307000.0,1.26,56909,644295,172667
2018-10-13,72891992.636,2503586,4697845882.19,5.18,362609000.0,1.295,21365,686748,172721
2018-10-14,53816032.8689,1986067,4755292940.72,5.25,372903000.0,1.3125,13658,537772,172731
2018-10-15,138605872.686,1177049,4677105339.33,5.16,918475000.0,5.16,18320,445022,172762
2018-10-16,127193034.655,1804756,4963475389.37,5.48,425119000.0,5.48,7988,576833,172195
2018-10-17,87915530.6428,2592855,4940797875.7,5.45,401459000.0,2.725,20645,773723,172736
2018-10-18,56287619.2022,3525566,4916108533.63,5.42,440484000.0,1.355,45928,1086303,172726
2018-10-19,79378588.4422,4329330,4860873150.57,5.36,378435000.0,2.220112,45519,1294139,172586
2018-10-20,99866668.5592,3739906,4841502753.33,5.34,366171000.0,1.335,129278,1421357,172101
2018-10-21,126642322.097,3708033,4869274830.53,5.37,443995000.0,2.148,99432,1368168,172567
2018-10-22,105359923.274,3535491,4905529094.29,5.41,348657000.0,2.705,30231,1099906,172574
2018-10-23,72518468.3912,3611763,4874438304.02,5.38,329169000.0,2.152,35836,1155195,172537
2018-10-24,78940492.5191,4709716,4902667617.59,5.41,312068000.0,2.705,36190,1151157,172641
2018-10-25,68636050.1069,3771273,4879130590.97,5.38,291321000.0,2.152,36792,1229717,172692
2018-10-26,79184604.7795,4684824,4863674144.38,5.37,355795000.0,2.685,29098,1251572,172667
2018-10-27,71423406.8687,4521588,4886231902.31,5.39,415957000.0,2.695,19065,1266829,172509
2018-10-28,107047839.77,4113596,4889424728.29,5.4,382333000.0,2.22858,22376,1283396,172548
2018-10-29,98306551.5026,4019134,4899178016.83,5.41,578423000.0,2.705,29687,1284114,172691
2018-10-30,91053903.9123,3836278,4663357800.69,5.15,562212000.0,5.15,33103,1228695,172455
2018-10-31,168415546.137,4486620,4654767571.77,5.14,646592000.0,3.084,37861,1358372,172573
2018-11-01,89732892.1778,4690224,4709788143.86,5.2,560423000.0,2.6,43689,1399456,172652
2018-11-02,127912023.57,4898734,4781010548.24,5.28,668222000.0,5.28,42017,1478286,172392
2018-11-03,76263894.3766,4328028,4861672664.11,5.36,624348000.0,4.963896,46976,1335715,172519
2018-11-04,137188091.215,3995996,4811552328.52,5.31,736521000.0,5.31,81696,1231874,172441
2018-11-05,122121443.074,4392188,4928188915.6,5.44,681390000.0,5.44,32931,1148363,171916
2018-11-06,334401242.145,4240665,4931104332.73,5.48,776546000.0,5.48,30052,1182326,172050
2018-11-07,160979825.558,4047880,5192398511.05,5.73,719042000.0,5.73,30164,1077015,171945
2018-11-08,166628690.902,4525805,5115766804.25,5.64,655039000.0,5.64,26258,1180132,171201
2018-11-09,137838137.562,7101094,4986923702.04,5.5,719946000.0,5.5,94486,1995179,169747
2018-11-10,118594854.197,7305228,4877118984.31,5.38,595931000.0,5.38,46490,1947598,171366
2018-11-11,129215316.116,7995091,4906201814.28,5.41,729699000.0,5.41,31077,2090138,171693
2018-11-12,120721953.014,7319390,4941020651.69,5.45,606714000.0,5.45,38398,1914749,172236
2018-11-13,133551469.931,7018913,4890364463.29,5.4,766307000.0,5.4,65118,1815306,172318
2018-11-14,283812084.62,5404547,4726276724.25,5.22,1244140000.0,10.44,40283,1594857,172548
2018-11-15,155911359.503,4450275,4203300734.06,4.64,1265280000.0,6.032,18860,1456938,172522
2018-11-16,484313295.933,5220367,4247963619.15,4.69,923308000.0,4.69,41471,1655422,172457
2018-11-17,102113493.144,5616736,4125914597.66,4.55,773374000.0,4.55,44614,1787751,172374
2018-11-18,133358333.358,5161205,4148224406.47,4.58,750443000.0,4.58,38216,1720697,172111
2018-11-19,204315098.616,6287736,4171792781.62,4.6,1193950000.0,2.3,63327,1967765,172312
2018-11-20,163936056.763,7747554,3685872521.27,4.07,1305960000.0,2.035,37708,2430883,172144
2018-11-21,200640301.505,7784163,3390255231.09,3.74,965961000.0,1.496,25916,2429740,171165
2018-11-22,112573990.197,8130565,3457238762.67,3.81,694359000.0,1.905,26461,2433807,171299
2018-11-23,116933232.767,7235145,3190337256.09,3.52,891425000.0,1.408,24608,2215204,170942
2018-11-24,141934285.882,7107485,3272939796.94,3.61,796038000.0,1.805,92951,1986957,171819
2018-11-25,202104735.825,7031162,2963492303.25,3.27,1057330000.0,1.635,80873,2047185,171942
2018-11-26,185135904.635,7138162,3039539427.37,3.35,984528000.0,2.68,51496,2057557,171711
2018-11-27,132207969.52,6244985,2882021162.46,3.18,957723000.0,3.908538,81197,1851421,170970
2018-11-28,86818783.9727,6456131,2745395287.97,3.03,860148000.0,1.515,241833,1955090,171400
2018-11-29,131315060.126,6933188,2983373238.65,3.29,896394060.0,0.987,102262,1955140,172252
2018-11-30,137123960.325,6156265,2748687634.26,3.03,887904092.0,0.909,86486,1816140,172160
2018-12-01,57632179.9426,5821806,2616613776.64,2.89,814784417.0,0.867,62317,1705682,172080
2018-12-02,98253499.3987,6436551,2672838927.4,2.95,740214948.0,1.475,35069,1942328,170342
2018-12-03,111366589.414,6439910,2586379111.04,2.85,798359633.0,1.425,63794,1919143,171893
2018-12-04,104712142.759,6631478,2342803013.24,2.59,770915653.0,2.59,96935,1979189,171970
2018-12-05,110121403.152,6975558,2224692206.62,2.46,843118459.0,3.61128,32591,1961328,172343
2018-12-06,111260824.564,6600769,1991591918.82,2.2,771704763.0,3.08,147794,1915150,172135
2018-12-07,155892834.702,6442157,1688701110.76,1.86,937285229.0,1.86,30387,1903225,171225
2018-12-08,95778469.7238,6621969,1579975298.9,1.74,847786798.0,1.74,43588,2032537,171827
