date,txVolume(USD),txCount,marketcap(USD),price(USD),exchangeVolume(USD),fees,activeAddresses
2016-09-09,,,0.0,0.181483,1349.0,,
2016-09-10,,,0.0,0.558536,811.0,,
2016-09-11,,,0.0,0.390948,879.0,,
2016-09-12,,,0.0,0.376312,1116.0,,
2016-09-13,,,0.0,0.374469,3337.0,,
2016-09-14,,,0.0,0.309516,4129.0,,
2016-09-15,,,0.0,0.325188,1982.0,,
2016-09-16,,,0.0,0.349726,15105.0,,
2016-09-17,,,0.0,0.388924,21060.0,,
2016-09-18,,,0.0,0.426591,105159.0,,
2016-09-19,,,0.0,0.384877,1448.0,,
2016-09-20,,,0.0,0.331291,1171.0,,
2016-09-21,,,0.0,0.312539,156.0,,
2016-09-22,,,0.0,0.303806,54002.0,,
2016-09-23,,,0.0,0.252745,16845.0,,
2016-09-24,,,0.0,0.243321,21740.0,,
2016-09-25,,,0.0,0.213843,3075.0,,
2016-09-26,,,0.0,0.199118,9657.0,,
2016-09-27,,,0.0,0.202473,19806.0,,
2016-09-28,,,0.0,0.197915,6354.0,,
2016-09-29,,,0.0,0.194845,11050.0,,
2016-09-30,,,0.0,0.191685,2032.0,,
2016-10-01,,,0.0,0.184979,2748.0,,
2016-10-02,,,0.0,0.202302,4178.0,,
2016-10-03,,,0.0,0.177613,913.0,,
2016-10-04,,,0.0,0.178659,506.0,,
2016-10-05,,,0.0,0.185765,1864.0,,
2016-10-06,,,0.0,0.289361,2612.0,,
2016-10-07,,,0.0,0.179898,5785.0,,
2016-10-08,,,0.0,0.202812,31830.0,,
2016-10-09,,,0.0,0.205045,30052.0,,
2016-10-10,,,0.0,0.186466,11204.0,,
2016-10-11,,,0.0,0.193114,5949.0,,
2016-10-12,,,0.0,0.193611,12201.0,,
2016-10-13,,,0.0,0.186072,1318.0,,
2016-10-14,,,0.0,0.1854,2335.0,,
2016-10-15,,,0.0,0.191007,596.0,,
2016-10-16,,,0.0,0.179883,16019.0,,
2016-10-17,35174200.0,8,0.0,0.175871,12989.0,0.0,3
2016-10-18,38252276.3365,1674,0.0,0.192736,406917.0,0.0,827
2016-10-19,12065845.8842,1470,0.0,0.197446,228476.0,0.0,693
2016-10-20,1469537.88667,962,0.0,0.117083,286750.0,0.0,450
2016-10-21,713792.099172,823,0.0,0.092487,269793.0,0.0,322
2016-10-22,358433.193573,570,0.0,0.080197,293121.0,0.0,233
2016-10-23,259515.560276,317,0.0,0.081487,107073.0,0.0,151
2016-10-24,560351.034,787,0.0,0.081,522611.0,0.0,284
2016-10-25,1227515.11186,3067,4681050.0,0.093621,365986.0,0.0,1943
2016-10-26,593876.2587,1008,6785000.0,0.1357,494772.0,0.0,515
2016-10-27,433472.530312,580,6480400.0,0.129608,169528.0,0.0,287
2016-10-28,270781.797914,1106,6372350.0,0.127447,545958.0,0.0,775
2016-10-29,791696.808733,755,7561850.0,0.151237,714101.0,0.0,335
2016-10-30,188951.979354,395,8647300.0,0.172946,377793.0,0.0,217
2016-10-31,826270.83539,1068,9080500.0,0.18161,917488.0,0.0,404
2016-11-01,345922.797816,499,11411600.0,0.228232,411699.0,0.0,225
2016-11-02,172371.041008,402,10732300.0,0.214646,242163.0,0.0,198
2016-11-03,197232.312068,300,9898100.0,0.197962,265799.0,0.0,152
2016-11-04,402169.395834,399,8678700.0,0.173574,123337.0,0.0,241
2016-11-05,402037.163506,286,8796700.0,0.175934,165265.0,0.0,130
2016-11-06,52706.8632,182,8040000.0,0.1608,52679.0,0.0,83
2016-11-07,255787.184259,402,8197850.0,0.163957,264007.0,0.0,170
2016-11-08,59817.317187,206,8653650.0,0.173073,64487.0,0.0,131
2016-11-09,40458.087239,141,8079950.0,0.161599,51101.0,0.0,91
2016-11-10,155095.376358,232,7967100.0,0.159342,226859.0,0.0,116
2016-11-11,610554.213732,511,8414650.0,0.168293,92296.0,0.0,231
2016-11-12,94277.657233,255,8630150.0,0.172603,38920.0,0.0,126
2016-11-13,96582.707985,224,8434950.0,0.168699,47661.0,0.0,94
2016-11-14,196310.778699,384,8517350.0,0.170347,161342.0,0.0,188
2016-11-15,305721.696647,327,9193150.0,0.183863,58217.0,0.0,201
2016-11-16,126109.972625,198,8693750.0,0.173875,52767.0,0.0,104
2016-11-17,118943.665272,228,8132700.0,0.162654,115600.0,0.0,107
2016-11-18,114522.036519,248,8663350.0,0.173267,170258.0,0.0,127
2016-11-19,52057.41097,130,8606750.0,0.172135,20977.0,0.0,80
2016-11-20,196082.092674,61,8496450.0,0.169929,6888.0,0.0,44
2016-11-21,53978.373,198,8550000.0,0.171,13977.0,0.0,103
2016-11-22,27783.769314,120,8673700.0,0.173474,30457.0,0.0,72
2016-11-23,176604.161877,123,8444150.0,0.168883,18866.0,0.0,92
2016-11-24,160839.470456,216,8350300.0,0.167006,252878.0,0.0,105
2016-11-25,176554.007568,226,8595150.0,0.171903,148809.0,0.0,138
2016-11-26,171908.385712,234,8730400.0,0.174608,53456.0,0.0,99
2016-11-27,60997.921262,159,8706700.0,0.174134,34618.0,0.0,87
2016-11-28,179144.227767,198,8653650.0,0.173073,92873.0,0.0,112
2016-11-29,128670.995913,248,8393050.0,0.167861,121979.0,0.0,117
2016-11-30,99346.288536,223,7498150.0,0.149963,63418.0,0.0,97
2016-12-01,252746.143524,290,7226100.0,0.144522,62769.0,0.0,131
2016-12-02,7540480.30489,475,7005950.0,0.140119,69742.0,0.0,349
2016-12-03,159287.548002,202,7099350.0,0.141987,121437.0,0.0,83
2016-12-04,144118.001888,252,7122200.0,0.142444,109462.0,0.0,88
2016-12-05,323385.92217,220,7363500.0,0.14727,71656.0,0.0,95
2016-12-06,86372.11656,161,6948000.0,0.13896,54376.0,0.0,71
2016-12-07,100869.345324,152,6809800.0,0.136196,51152.0,0.0,69
2016-12-08,93770.186904,153,6872400.0,0.137448,31065.0,0.0,73
2016-12-09,155186.615265,197,6720450.0,0.134409,54783.0,0.0,78
2016-12-10,113257.76576,100,6547600.0,0.130952,37027.0,0.0,53
2016-12-11,16518.761208,69,6267600.0,0.125352,41967.0,0.0,40
2016-12-12,65057.986128,97,6104100.0,0.122082,57019.0,0.0,58
2016-12-13,76107.594045,138,6651750.0,0.133035,30845.0,0.0,81
2016-12-14,62124.47109,159,6396500.0,0.12793,50948.0,0.0,67
2016-12-15,75311.576176,179,6050600.0,0.121012,38086.0,0.0,70
2016-12-16,97371.291381,120,5493450.0,0.109869,49515.0,0.0,54
2016-12-17,56045.433175,96,5722250.0,0.114445,62650.0,0.0,44
2016-12-18,14624.71835,45,5292100.0,0.105842,37746.0,0.0,35
2016-12-19,56993.64954,112,5763000.0,0.11526,55326.0,0.0,60
2016-12-20,30881.811456,107,6076800.0,0.121536,73913.0,0.0,65
2016-12-21,153177.708552,473,6043400.0,0.120868,635204.0,0.0,169
2016-12-22,430119.162374,455,8322050.0,0.166441,544880.0,0.0,206
2016-12-23,205448.988407,281,7752950.0,0.155059,187645.0,0.0,106
2016-12-24,94366.74807,131,6977250.0,0.139545,132934.0,0.0,77
2016-12-25,53044.42566,144,7210650.0,0.144213,239670.0,0.0,72
2016-12-26,273321.88996,318,7339250.0,0.146785,579250.0,0.0,150
2016-12-27,59909.1934,115,8330000.0,0.1666,265268.0,0.0,66
2016-12-28,70579.935776,167,7901600.0,0.158032,118030.0,0.0,88
2016-12-29,101028.920288,172,7534400.0,0.150688,100992.0,0.0,77
2016-12-30,54793.357628,118,7179950.0,0.143599,69464.0,0.0,63
2016-12-31,48273.45772,101,7376300.0,0.147526,61000.0,0.0,47
2017-01-01,76241.315869,135,7238150.0,0.144763,63512.0,0.0,42
2017-01-02,60844.966406,135,7092050.0,0.141841,75921.0,0.0,55
2017-01-03,104977.12923,221,7282250.0,0.145645,90544.0,0.0,64
2017-01-04,253227.86412,267,7014700.0,0.140294,94045.0,0.0,85
2017-01-05,230441.523147,342,6839850.0,0.136797,206224.0,0.0,82
2017-01-06,113312.258235,241,6554350.0,0.131087,54666.0,0.0,84
2017-01-07,101296.22073,125,6775250.0,0.135505,53818.0,0.0,55
2017-01-08,35856.31485,102,6416250.0,0.128325,69033.0,0.0,53
2017-01-09,63902.19504,162,6631500.0,0.13263,90000.0,0.0,56
2017-01-10,170924.708207,211,6188050.0,0.123761,126915.0,0.0,98
2017-01-11,202100.17556,284,6698500.0,0.13397,120522.0,0.0,107
2017-01-12,70931.875905,146,5756850.0,0.115137,59945.0,0.0,71
2017-01-13,117954.313792,69,6205300.0,0.124106,50365.0,0.0,43
2017-01-14,91733.19874,109,6066850.0,0.121337,9262.0,0.0,58
2017-01-15,31593.825144,92,6145200.0,0.122904,6954.0,0.0,49
2017-01-16,95698.84477,100,6186500.0,0.12373,5112.0,0.0,49
2017-01-17,79277.147975,174,5983750.0,0.119675,7960.0,0.0,78
2017-01-18,23614.704848,78,5840800.0,0.116816,7457.0,0.0,38
2017-01-19,63089.39516,155,6151750.0,0.123035,14984.0,0.0,71
2017-01-20,61413.794908,206,5829800.0,0.116596,16255.0,0.0,74
2017-01-21,26322.483935,121,5897750.0,0.117955,15335.0,0.0,50
2017-01-22,41920.404192,101,5815300.0,0.116306,6468.0,0.0,51
2017-01-23,30651.931984,110,5720800.0,0.114416,7175.0,0.0,44
2017-01-24,32930.763677,81,6428450.0,0.128569,7139.0,0.0,45
2017-01-25,21234.24768,34,6010600.0,0.120212,6427.0,0.0,28
2017-01-26,268463.896844,154,6215950.0,0.124319,7694.0,0.0,73
2017-01-27,6768.12687,49,6494700.0,0.129894,9238.0,0.0,23
2017-01-28,17169.028154,75,6516700.0,0.130334,7066.0,0.0,37
2017-01-29,17929.409704,79,6904850.0,0.138097,11695.0,0.0,29
2017-01-30,121409.850402,109,7057350.0,0.141147,9285.0,0.0,55
2017-01-31,26797.863281,121,7685650.0,0.153713,17416.0,0.0,53
2017-02-01,14209.218726,82,7351700.0,0.147034,4496.0,0.0,40
2017-02-02,16394.479426,68,7360300.0,0.147206,2973.0,0.0,40
2017-02-03,52946.1054,117,7282500.0,0.14565,9702.0,0.0,52
2017-02-04,23625.68931,96,6719250.0,0.134385,10217.0,0.0,40
2017-02-05,13695.270448,86,6797200.0,0.135944,2685.0,0.0,41
2017-02-06,77673.383183,126,6585850.0,0.131717,10498.0,0.0,67
2017-02-07,40376.969028,109,6348600.0,0.126972,5302.0,0.0,52
2017-02-08,44988.903892,126,6662200.0,0.133244,8268.0,0.0,46
2017-02-09,83771.714112,142,6484200.0,0.129684,10870.0,0.0,58
2017-02-10,17451.2982,67,6377000.0,0.12754,2605.0,0.0,35
2017-02-11,106396.647708,67,6289400.0,0.125788,743.0,0.0,32
2017-02-12,7650.304266,39,6274650.0,0.125493,3330.0,0.0,22
2017-02-13,136741.54551,165,6076500.0,0.12153,6977.0,0.0,65
2017-02-14,50932.987261,89,5916950.0,0.118339,6788.0,0.0,47
2017-02-15,70212.526712,91,5837200.0,0.116744,5690.0,0.0,67
2017-02-16,25073.491817,127,5636950.0,0.112739,10795.0,0.0,63
2017-02-17,61963.863192,203,6298600.0,0.125972,28259.0,0.0,57
2017-02-18,59303.911134,78,6145050.0,0.122901,13458.0,0.0,33
2017-02-19,14970.408406,51,6226100.0,0.124522,4321.0,0.0,26
2017-02-20,26273.382603,72,6150050.0,0.123001,10971.0,0.0,36
2017-02-21,45592.984,128,6070000.0,0.1214,14370.0,0.0,55
2017-02-22,44638.37847,84,6225750.0,0.124515,6903.0,0.0,47
2017-02-23,27752.396606,86,6097900.0,0.121958,6304.0,0.0,45
2017-02-24,28527.814563,97,5962150.0,0.119243,17386.0,0.0,52
2017-02-25,28143.1824,77,6043200.0,0.120864,9339.0,0.0,35
2017-02-26,3277.704989,21,5727650.0,0.114553,8433.0,0.0,17
2017-02-27,18038.038956,95,5761700.0,0.115234,8960.0,0.0,51
2017-02-28,33848.056168,91,5772100.0,0.115442,19659.0,0.0,45
2017-03-01,24859.233295,89,5872750.0,0.117455,12914.0,0.0,45
2017-03-02,14486.760288,73,6770400.0,0.135408,8963.0,0.0,43
2017-03-03,39402.817192,59,5963600.0,0.119272,9499.0,0.0,30
2017-03-04,17257.089714,75,6130100.0,0.122602,6235.0,0.0,30
2017-03-05,12323.949313,31,5991050.0,0.119821,4192.0,0.0,20
2017-03-06,24707.619288,95,6089100.0,0.121782,10659.0,0.0,48
2017-03-07,11985.523179,54,6172950.0,0.123459,8291.0,0.0,28
2017-03-08,9884.663648,50,6130100.0,0.122602,5536.0,0.0,34
2017-03-09,11316.402312,52,5813300.0,0.116266,21035.0,0.0,29
2017-03-10,138960.050625,146,6605350.0,0.132107,34319.0,0.0,64
2017-03-11,69151.354362,216,6570150.0,0.131403,32281.0,0.0,73
2017-03-12,56591.841942,114,7110850.0,0.142217,36588.0,0.0,49
2017-03-13,52598.141631,124,7039950.0,0.140799,23196.0,0.0,68
2017-03-14,43781.41053,122,6849300.0,0.136986,23746.0,0.0,58
2017-03-15,31985.480265,103,6684950.0,0.133699,16169.0,0.0,42
2017-03-16,64740.239431,119,6438650.0,0.128773,20678.0,0.0,60
2017-03-17,58004.628884,157,6566200.0,0.131324,63413.0,0.0,69
2017-03-18,182327.153686,433,7000300.0,0.140006,188985.0,0.0,154
2017-03-19,74333.749588,208,7950950.0,0.159019,68673.0,0.0,84
2017-03-20,167135.780308,212,7872200.0,0.157444,68539.0,0.0,93
2017-03-21,68575.895388,196,7698600.0,0.153972,234287.0,0.0,84
2017-03-22,397470.548228,343,8247550.0,0.164951,157814.0,0.0,152
2017-03-23,356838.37601,195,8659150.0,0.173183,38169.0,0.0,102
2017-03-24,110831.22406,158,8320600.0,0.166412,52184.0,0.0,69
2017-03-25,31766.535126,91,8347050.0,0.166941,47641.0,0.0,49
2017-03-26,21433.258846,78,8363350.0,0.167267,37656.0,0.0,40
2017-03-27,196153.59917,294,8058250.0,0.161165,201563.0,0.0,94
2017-03-28,1832985.98419,850,9313850.0,0.186277,821674.0,0.0,240
2017-03-29,690123.0333,546,11032500.0,0.22065,335567.0,0.0,194
2017-03-30,668428.152424,612,10623400.0,0.212468,504940.0,0.0,129
2017-03-31,477478.752816,418,10511800.0,0.210236,291529.0,0.0,113
2017-04-01,129939.923958,195,10180300.0,0.203606,109993.0,0.0,74
2017-04-02,90657.176704,83,10179200.0,0.203584,102369.0,0.0,43
2017-04-03,52427.735728,124,10290400.0,0.205808,104805.0,0.0,67
2017-04-04,63098.023186,116,9993700.0,0.199874,148096.0,0.0,48
2017-04-05,47224.59771,119,9254100.0,0.185082,102043.0,0.0,67
2017-04-06,50470.399419,145,9238350.0,0.184767,82505.0,0.0,66
2017-04-07,241091.472622,99,9393550.0,0.187871,81618.0,0.0,69
2017-04-08,87277.6428,55,9472800.0,0.189456,54654.0,0.0,35
2017-04-09,29448.044108,60,9483950.0,0.189679,97362.0,0.0,35
2017-04-10,75985.866276,119,9442100.0,0.188842,208420.0,0.0,60
2017-04-11,159567.531131,280,10451150.0,0.209023,257457.0,0.0,79
2017-04-12,132897.801501,229,9917850.0,0.198357,192252.0,0.0,69
2017-04-13,648282.475568,235,9698300.0,0.193966,147722.0,0.0,87
2017-04-14,72415.14472,119,9577000.0,0.19154,103138.0,0.0,45
2017-04-15,224776.6177,156,9649550.0,0.192991,76566.0,0.0,56
2017-04-16,181843.095256,221,9683600.0,0.193672,167886.0,0.0,51
2017-04-17,2220956.3892,329,9579150.0,0.191583,331308.0,0.0,110
2017-04-18,950744.78538,202,9595500.0,0.19191,348694.0,0.0,83
2017-04-19,539068.707086,193,9031100.0,0.180622,297302.0,0.0,74
2017-04-20,789718.429488,231,9476700.0,0.189534,222525.0,0.0,96
2017-04-21,1197551.28333,243,9234250.0,0.184685,263127.0,0.0,70
2017-04-22,566876.571731,219,8947150.0,0.178943,288119.0,0.0,51
2017-04-23,170656.760736,179,9034200.0,0.180684,175678.0,0.0,70
2017-04-24,179646.210193,215,8853850.0,0.177077,262706.0,0.0,86
2017-04-25,518264.429346,254,8680300.0,0.173606,241805.0,0.0,108
2017-04-26,81019.99135,194,9173750.0,0.183475,185400.0,0.0,65
2017-04-27,165011.42469,234,9219700.0,0.184394,327972.0,0.0,112
2017-04-28,229190.94288,329,10109700.0,0.202194,473689.0,0.0,119
2017-04-29,294506.780336,383,11480600.0,0.229612,960013.0,0.0,145
2017-04-30,419019.527778,694,13586550.0,0.271731,1631520.0,0.0,237
2017-05-01,1153922.09662,598,18084450.0,0.361689,1142050.0,0.0,181
2017-05-02,454735.007215,283,15957350.0,0.319147,588824.0,0.0,126
2017-05-03,290651.564208,262,15737300.0,0.314746,758237.0,0.0,102
2017-05-04,737371.79964,571,17254800.0,0.345096,2317450.0,0.0,255
2017-05-05,1276082.24999,574,24691650.0,0.493833,2660100.0,0.0,255
2017-05-06,874699.938264,534,28642700.0,0.572854,1341720.0,0.0,216
2017-05-07,905714.976705,374,29263150.0,0.585263,1249060.0,0.0,175
2017-05-08,647938.0399,467,26515000.0,0.5303,1025750.0,0.0,186
2017-05-09,1566505.84916,432,24806550.0,0.496131,1076450.0,0.0,165
2017-05-10,273002.72272,340,22463000.0,0.44926,843243.0,0.0,150
2017-05-11,403608.041654,339,25215700.0,0.504314,953152.0,0.0,133
2017-05-12,181107.246754,235,24043700.0,0.480874,548028.0,0.0,80
2017-05-13,1743530.27927,159,24393650.0,0.487873,616908.0,0.0,80
2017-05-14,1206515.84688,202,24168600.0,0.483372,501693.0,0.0,82
2017-05-15,338380.426128,406,23868200.0,0.477364,897219.0,0.0,104
2017-05-16,162223.135878,276,23728350.0,0.474567,637204.0,0.0,102
2017-05-17,210349.89067,335,23214250.0,0.464285,1328670.0,0.0,124
2017-05-18,134171.353767,277,26671150.0,0.533423,1201540.0,0.0,121
2017-05-19,216601.398096,373,26987600.0,0.539752,1884600.0,0.0,169
2017-05-20,150103.258116,522,31907400.0,0.638148,1476170.0,0.0,179
2017-05-21,245177.160998,477,33271700.0,0.665434,2621930.0,0.0,174
2017-05-22,6813157.17705,874,34100350.0,0.682007,2331300.0,0.0,383
2017-05-23,2765510.40853,1066,36086300.0,0.721726,3858760.0,0.0,329
2017-05-24,4635025.04427,1619,43874287.3648,0.878954,22900400.0,0.0,538
2017-05-25,1597318.26,1295,86692756.7568,1.74,12458000.0,0.0,389
2017-05-26,583596.93,913,55500000.0,1.11,6847940.0,0.0,547
2017-05-27,620030.527992,563,40341200.0,0.806824,7025920.0,0.0,228
2017-05-28,441383.983394,446,49477850.0,0.989557,5133830.0,0.0,184
2017-05-29,247052.331264,301,46086350.0,0.921727,2171000.0,0.0,140
2017-05-30,444593.564415,549,48954711.548,0.975403,5393720.0,0.0,193
2017-05-31,410773.38,341,50765796.1165,1.02,3001020.0,0.0,144
2017-06-01,423883.11,429,51397000.0,1.03,8061920.0,0.0,238
2017-06-02,720101.25,466,62589814.8148,1.25,7157890.0,0.0,221
2017-06-03,630490.56,220,67892063.4921,1.36,4049740.0,0.0,108
2017-06-04,360997.5,222,62311507.9365,1.25,2572220.0,0.0,104
2017-06-05,2192765.49,288,63357621.0938,1.27,3876920.0,0.0,151
2017-06-06,1532326.4,320,63933611.9403,1.28,5234170.0,0.0,149
2017-06-07,325917.48,476,66886414.0625,1.34,2994510.0,0.0,178
2017-06-08,235104.94,263,63393077.2059,1.27,7118290.0,0.0,113
2017-06-09,1259306.96,716,68172412.9032,1.36,9728020.0,0.0,261
2017-06-10,2260279.56,1145,76896416.6667,1.54,17295300.0,0.0,334
2017-06-11,600622.62,467,84496458.0838,1.69,6479410.0,0.0,212
2017-06-12,14918599.31,991,83320834.4371,1.67,7492490.0,0.0,677
2017-06-13,767160.0,668,74954005.5249,1.5,10456500.0,0.0,261
2017-06-14,1804982.68,1018,90556172.4138,1.81,10497200.0,0.0,299
2017-06-15,786739.26,524,87160803.3708,1.74,9550940.0,0.0,194
2017-06-16,2591960.4,1626,90067906.1372,1.8,45782200.0,0.0,484
2017-06-17,7105778.4,5088,139896861.702,2.8,82601000.0,0.0,989
2017-06-18,5279314.61,3447,189578177.757,3.79,61381000.0,0.0,856
2017-06-19,36759930.48,8204,272958071.672,5.46,281340992.0,0.0,1829
2017-06-20,38069568.09,6699,589600215.0,11.79,126661000.0,0.0,1673
2017-06-21,13429035.12,5495,401869300.493,8.04,88374400.0,0.0,1392
2017-06-22,56640709.68,5347,507955348.703,10.16,115249000.0,0.0,1385
2017-06-23,14235028.2,5961,346044008.772,6.92,67033300.0,0.0,1819
2017-06-24,17277493.53,5114,343248645.238,6.87,33359500.0,0.0,1744
2017-06-25,26517243.62,4694,314356757.143,6.29,24890900.0,0.0,1610
2017-06-26,17145127.3,5166,297521518.987,5.95,27615900.0,0.0,1546
2017-06-27,14661605.45,5489,267666453.148,5.35,71029696.0,0.0,1682
2017-06-28,15568218.48,5594,348056892.601,6.96,72982304.0,0.0,1826
2017-06-29,10533178.14,4801,416965854.657,8.34,77050000.0,0.0,1747
2017-06-30,65503838.16,5649,485965484.536,9.72,43355500.0,0.0,2357
2017-07-01,10168639.6,4422,438471869.811,8.77,33128400.0,0.0,1581
2017-07-02,15225139.76,5343,397763656.79,7.96,47478700.0,0.0,1715
2017-07-03,9610373.24,4535,402797029.197,8.06,28820400.0,0.0,1670
2017-07-04,27644180.58,3580,411152143.959,8.22,15781600.0,0.0,1670
2017-07-05,6661873.68,3642,388516449.564,7.77,29368100.0,0.0,1556
2017-07-06,5553561.3,3443,398919589.286,7.98,17932500.0,0.0,1355
2017-07-07,7625699.64,3608,391584429.838,7.83,16409500.0,0.0,1524
2017-07-08,6033050.8,3943,339492708.725,6.79,24138500.0,0.0,1467
2017-07-09,3907126.0,2882,369743681.159,7.4,10422500.0,0.0,1263
2017-07-10,4510412.67,3085,345434108.624,6.91,11395300.0,0.0,1417
2017-07-11,6751512.55,4060,296307824.074,5.93,20182900.0,0.0,1716
2017-07-12,4583018.52,3710,265527631.222,5.31,23337300.0,0.0,1486
2017-07-13,12215255.08,3888,334215055.644,6.68,17824000.0,0.0,1526
2017-07-14,3591217.74,3097,313676555.957,6.27,12351000.0,0.0,1493
2017-07-15,16051388.1,3284,277271600.398,5.55,11294200.0,0.0,1450
2017-07-16,3962830.17,3036,251736030.754,5.03,9498420.0,0.0,1337
2017-07-17,4992317.44,3154,252883804.159,5.06,15013000.0,0.0,1318
2017-07-18,4232069.97,3009,288709426.08,5.77,18101700.0,0.0,1391
2017-07-19,4766653.24,3159,302108884.354,6.04,14255500.0,0.0,1257
2017-07-20,8858448.09,3593,294594354.369,5.89,25476100.0,0.0,1360
2017-07-21,4881265.92,2980,361906816.712,7.24,21298000.0,0.0,1289
2017-07-22,5502919.16,3780,369618737.239,7.39,32890800.0,0.0,1482
2017-07-23,10125475.2,3965,431752998.833,8.64,29915100.0,0.0,1521
2017-07-24,28686315.84,4115,430629251.773,8.61,21283700.0,0.0,1593
2017-07-25,5708778.4,3187,424231902.041,8.48,19480400.0,0.0,1486
2017-07-26,8093954.59,3271,366721842.399,7.33,16765600.0,0.0,1426
2017-07-27,2480662.04,1839,361200139.896,7.22,15251100.0,0.0,913
2017-07-28,6046402.75,3238,387720803.949,7.75,15725800.0,0.0,1484
2017-07-29,3041893.6,2058,354593263.774,7.09,10518400.0,0.0,982
2017-07-30,2236579.15,2563,363400863.636,7.27,9006030.0,0.0,1108
2017-07-31,3000190.36,2369,357950182.81,7.16,10856600.0,0.0,1155
2017-08-01,12821223.04,3177,368014045.802,7.36,18527900.0,0.0,1893
2017-08-02,9024893.8,2976,392434663.995,7.85,17559000.0,0.0,1390
2017-08-03,32745217.05,6218,409676541.706,8.19,49848800.0,0.0,2404
2017-08-04,15542088.48,5876,541786941.515,10.84,56285500.0,0.0,2769
2017-08-05,10687476.09,5292,519525937.946,10.39,82680400.0,0.0,2331
2017-08-06,21483151.17,8097,708541923.077,14.17,81450800.0,0.0,2828
2017-08-07,40410993.6,10970,759873875.803,15.2,166514000.0,0.0,4121
2017-08-08,40531982.22,16143,936699909.688,18.73,124589000.0,0.0,5149
2017-08-09,38755574.48,24079,916983135.632,18.34,116795000.0,0.0,7136
2017-08-10,94277040.96,39639,1083988015.48,21.68,360124992.0,0.0,10799
2017-08-11,117075667.68,33008,1816151785.07,36.32,382070016.0,0.0,9799
2017-08-12,48417347.08,22304,1658217383.23,33.16,177772000.0,0.0,7397
2017-08-13,189240972.42,28059,1842822218.65,36.86,448654016.0,0.0,10793
2017-08-14,265410458.94,33729,2381746033.1,47.63,343704992.0,0.0,11060
2017-08-15,93834587.5,28412,2375230048.43,47.5,262800992.0,0.0,9856
2017-08-16,135811898.1,25971,2348814308.3,46.98,170272992.0,0.0,9451
2017-08-17,79975527.12,28872,2286207869.26,45.72,191410000.0,0.0,10287
2017-08-18,72986531.6,26948,2042363307.59,40.85,209844992.0,0.0,9663
2017-08-19,50621484.18,22515,1943160417.81,38.86,168358000.0,0.0,8051
2017-08-20,86369899.41,23246,1981266516.1,39.63,85862200.0,0.0,8428
2017-08-21,79017068.4,24613,1901881461.76,38.04,85955000.0,0.0,9007
2017-08-22,36309661.68,21860,1758191246.86,35.16,68265296.0,0.0,8194
2017-08-23,39226684.0,25399,1791656756.25,35.83,131763000.0,0.0,9649
2017-08-24,38888267.6,21907,1996151895.36,39.92,63875500.0,0.0,8386
2017-08-25,48180570.0,22110,2097843821.34,41.96,47772200.0,0.0,8752
2017-08-26,32189147.4,20034,2015270194.35,40.31,41017800.0,0.0,7981
2017-08-27,26902952.82,20203,1929153973.56,38.58,50649600.0,0.0,7935
2017-08-28,24457345.74,20052,2011594166.45,40.23,41401000.0,0.0,8295
2017-08-29,76853425.74,33150,1922748627.45,38.46,168534000.0,0.0,12726
2017-08-30,42958288.44,28438,1673848277.95,33.48,97289600.0,0.0,10702
2017-08-31,28986303.2,25131,1646559583.84,32.93,49957300.0,0.0,10289
2017-09-01,80182073.19,28206,1658417100.91,33.17,75418896.0,0.0,11172
2017-09-02,59654650.36,23240,1584589914.88,31.69,92722600.0,0.0,8816
2017-09-03,26609725.98,21198,1588437130.61,31.77,43232300.0,0.0,8261
2017-09-04,124930417.32,41007,1522250994.04,30.44,189916992.0,0.4,15711
2017-09-05,38965916.96,26638,1093875245.61,21.88,91402304.0,0.0,10173
2017-09-06,143335877.98,25461,1148349447.57,22.97,77746304.0,0.0,10717
2017-09-07,64201054.2,32698,1065107261.21,21.3,214000992.0,0.0,13188
2017-09-08,57687233.8,26127,1529647658.89,30.59,112252000.0,0.0,10025
2017-09-09,88025329.41,22746,1231376625.68,24.63,47199500.0,0.0,8913
2017-09-10,40352592.64,21044,1087875657.14,21.76,54002500.0,0.0,9072
2017-09-11,18663644.16,17204,1133823784.28,22.68,27835300.0,0.0,7398
2017-09-12,20981400.03,17323,1093646008.58,21.87,40702300.0,0.0,7603
2017-09-13,28547160.89,16282,1041567495.01,20.83,37258400.0,0.0,7109
2017-09-14,19978254.64,17464,1004255959.21,20.08,42221500.0,0.0,7455
2017-09-15,30065861.19,20896,790466254.002,15.81,50811700.0,0.0,8899
2017-09-16,22785768.75,17391,937468388.728,18.75,50210000.0,0.0,7634
2017-09-17,12206021.28,13048,1031968821.75,20.64,18695100.0,0.0,5830
2017-09-18,16181334.84,15080,995673579.171,19.91,27647600.0,0.0,7012
2017-09-19,14604569.13,15280,1049584212.64,20.99,30451900.0,0.0,6630
2017-09-20,11312632.6,11641,994778329.114,19.9,14058200.0,0.0,5481
2017-09-21,13746530.85,12761,982342349.57,19.65,21587400.0,0.0,5688
2017-09-22,16158440.2,16506,869346476.726,17.39,22480200.0,0.0,7398
2017-09-23,12556791.34,13589,929073657.086,18.58,17216800.0,0.0,6227
2017-09-24,6822522.67,12235,1008347119.76,20.17,11967200.0,0.0,5709
2017-09-25,21354042.6,22659,989920099.923,19.8,81225504.0,0.0,10104
2017-09-26,30601826.32,24668,1305816823.35,26.12,65868600.0,0.0,10479
2017-09-27,35708659.84,28901,1316132469.33,26.32,163163008.0,0.0,12343
2017-09-28,33715338.44,21914,1589170860.22,31.78,101195000.0,0.0,9428
2017-09-29,22443261.5,16544,1512336286.66,30.25,72558304.0,0.0,7191
2017-09-30,21391381.08,18601,1429700572.93,28.59,82181600.0,0.0,8355
2017-10-01,33628228.44,16860,1706009552.07,34.12,72169504.0,0.0,8290
2017-10-02,32137854.0,25867,1785048584.65,35.7,116098000.0,0.0,11196
2017-10-03,33806473.1,20461,1832330980.36,36.65,74199600.0,0.0,8886
2017-10-04,21216943.74,18808,1689402403.72,33.79,60565900.0,0.0,8405
2017-10-05,23242929.67,19541,1560301795.23,31.21,66785000.0,2e-08,8827
2017-10-06,38016582.5,21728,1624883651.55,32.5,47267100.0,0.0,9540
2017-10-07,38614065.36,26878,1676958237.41,33.54,48058800.0,0.004,11083
2017-10-08,148335854.04,74440,1781761066.42,35.64,107725000.0,47.519,21606
2017-10-09,65526189.48,21436,1602066061.86,32.04,98290304.0,0.002,9553
2017-10-10,78865441.6,25502,1457415464.01,29.15,48223600.0,0.008,12921
2017-10-11,25849632.0,19876,1465053788.38,29.3,33627700.0,0.004,9654
2017-10-12,29803021.03,18953,1500494675.3,30.01,61080400.0,0.0,8956
2017-10-13,39463589.25,19517,1392575911.41,27.85,81365000.0,0.0,9045
2017-10-14,19097669.96,15089,1466005273.38,29.32,33551100.0,0.0,7061
2017-10-15,19233118.8,14096,1382589740.35,27.65,31189200.0,0.0,6650
2017-10-16,17145492.08,15750,1387873508.59,27.76,34713200.0,0.0,7493
2017-10-17,34117293.0,21560,1424941003.18,28.5,74210000.0,0.002,9683
2017-10-18,23675031.4,16555,1583053353.56,31.66,49659700.0,0.0,7767
2017-10-19,19696494.16,14501,1483020697.84,29.66,30401400.0,0.0,6979
2017-10-20,30983061.36,14540,1434087848.65,28.68,36933700.0,0.002,7346
2017-10-21,18581627.92,13418,1387810704.02,27.76,34058900.0,0.0,6413
2017-10-22,14073854.1,12224,1357561297.33,27.15,36184100.0,0.0,6005
2017-10-23,14358732.08,14144,1424556959.29,28.49,28154800.0,0.0,7118
2017-10-24,30626185.98,19889,1366968262.02,27.34,78225600.0,0.0,9604
2017-10-25,26592459.47,13777,1505684626.84,30.11,35558400.0,0.0,6935
2017-10-26,15446640.64,13393,1423874338.16,28.48,35987900.0,0.0,6669
2017-10-27,13741721.47,12430,1416322691.24,28.33,28919000.0,0.003,6417
2017-10-28,2477532039.06,12869,1443073864.72,28.86,25368200.0,0.0,6763
2017-10-29,14169921.6,13382,1768152853.03,27.2,29736500.0,0.0,6644
2017-10-30,31767729.84,14237,1801499595.69,27.72,30968500.0,0.0,7330
2017-10-31,20059904.55,14456,1864902401.83,28.69,61688400.0,0.0,7236
2017-11-01,30818154.18,15502,1844892299.33,28.38,49782800.0,0.0,7479
2017-11-02,27696281.25,16778,1738941617.35,26.75,74455200.0,0.0,8205
2017-11-03,23342251.2,13243,1599023847.87,24.6,40142100.0,0.0,6747
2017-11-04,9717804.47,10268,1739905488.49,26.77,31870600.0,0.0,5336
2017-11-05,31754259.92,11293,1721232623.2,26.48,25229700.0,0.0,5731
2017-11-06,13516243.75,12412,1720275444.15,26.47,26798400.0,0.0,6222
2017-11-07,100862480.42,28346,1706698269.54,26.26,40146900.0,0.0,16490
2017-11-08,48290166.33,23325,1701310676.07,26.17,120273000.0,0.0,10924
2017-11-09,51760005.8,22229,1999600566.77,30.76,79919296.0,0.0,10592
2017-11-10,33505838.8,18557,2077968883.78,31.97,57756900.0,0.083,8383
2017-11-11,38626613.65,15449,1829628144.94,28.15,45994100.0,0.493,6965
2017-11-12,36044287.2,16372,1848716566.02,28.44,63588200.0,0.105,7426
2017-11-13,31467824.16,17334,1762948969.01,27.12,41299400.0,0.045,8778
2017-11-14,19920867.6,15825,1845720585.27,28.4,39436300.0,0.09,7608
2017-11-15,22360850.64,16607,1936218051.11,29.79,45103700.0,0.056,7885
2017-11-16,22527983.65,16448,1914496784.84,29.45,40895700.0,0.013,7626
2017-11-17,56666850.57,27101,1866260586.67,28.71,252834000.0,0.014,12479
2017-11-18,129690575.98,49007,2583063737.48,39.74,434827008.0,0.109,21554
2017-11-19,98395525.36,31368,2795818793.96,43.01,273035008.0,0.051,14010
2017-11-20,81089622.84,30228,2595801346.52,39.94,243906000.0,0.076,13097
2017-11-21,87912629.55,27683,2353615750.15,36.21,133333000.0,0.1,12743
2017-11-22,41945424.3,22715,2239131355.97,34.45,82378800.0,0.032,9906
2017-11-23,78282028.94,24414,2329096810.6,35.83,68917800.0,0.2143,12872
2017-11-24,38659620.27,18786,2267954298.94,34.89,68977696.0,0.118,8311
2017-11-25,34782143.58,21974,2263665002.36,34.83,125113000.0,0.208,9673
2017-11-26,27900628.2,20143,2472863726.85,38.04,61597700.0,0.155,9430
2017-11-27,53942872.4,23252,2490514485.92,38.32,83345904.0,0.156,10845
2017-11-28,75465588.64,23259,2608333551.34,40.13,80129000.0,0.374,10774
2017-11-29,61948735.41,25240,2469242903.04,37.99,137123008.0,0.274,11494
2017-11-30,73577137.66,20548,2114791975.73,32.54,78895104.0,0.031,9161
2017-12-01,56337807.24,19949,2137736665.32,32.89,89359696.0,0.115,9297
2017-12-02,47102935.04,18260,2329573429.14,35.84,48991700.0,0.021,8781
2017-12-03,54579727.8,23014,2281686906.06,35.1,79801696.0,0.167,11814
2017-12-04,60673158.75,26250,2382340386.53,36.65,160430000.0,0.138,12641
2017-12-05,43229418.83,19867,2729434369.4,41.99,101480000.0,0.128,10320
2017-12-06,130482836.25,24388,2519007892.49,38.75,118745000.0,0.183,11590
2017-12-07,59240340.96,29389,2277737204.82,35.04,125301000.0,0.18,17206
2017-12-08,47010030.08,20269,2264724874.55,34.84,125450000.0,0.401,10264
2017-12-09,38354936.0,20205,2337629092.69,35.96,93255296.0,0.143,9569
2017-12-10,54088389.09,17349,2326412855.45,35.79,72133600.0,0.173,8345
2017-12-11,28363083.56,20471,2165956942.03,33.32,77323800.0,0.05,9897
2017-12-12,37966818.16,24809,2354375738.43,36.22,132796000.0,0.05,11860
2017-12-13,96657747.82,33882,2647727683.89,40.73,294500000.0,0.483,15854
2017-12-14,71868421.7,33393,2918696027.26,44.9,313147008.0,0.348,14974
2017-12-15,104047051.78,31191,3285058927.69,50.54,204064992.0,0.197,12818
2017-12-16,46368014.74,27325,3128949230.28,48.14,164723008.0,0.36,11947
2017-12-17,154573516.2,67848,3233308862.72,49.74,500799008.0,0.45312137,35130
2017-12-18,133581064.85,46524,4449048337.54,68.45,437848992.0,0.132,19956
2017-12-19,121924846.98,39652,5017626340.42,77.19,290083008.0,0.0,16909
2017-12-20,101222120.46,34708,4635223554.35,71.31,305912000.0,0.0,15043
2017-12-21,126210537.64,39947,4947890123.86,76.12,225272000.0,0.0,19279
2017-12-22,127061764.76,39138,4650141840.02,71.54,297579008.0,0.004,14706
2017-12-23,70836930.56,30240,3661092118.17,56.32,146282000.0,0.0,13317
2017-12-24,80434064.2,20447,3855502903.18,59.32,160158000.0,0.0,8985
2017-12-25,48490891.47,21650,3917804002.79,60.27,170538000.0,0.0,9776
2017-12-26,211985525.68,27019,4329418715.28,66.61,195466000.0,0.0,11192
2017-12-27,128187623.51,34751,4259685645.41,65.53,153715008.0,0.0,15441
2017-12-28,107520918.84,28646,4339081657.96,66.76,135592000.0,0.0,12717
2017-12-29,188745456.6,32909,4270777380.24,65.7,163331008.0,0.0,14988
2017-12-30,109680322.6,29185,4821913113.81,74.18,202376992.0,0.0,12603
2017-12-31,137851592.24,26952,4716437254.34,72.56,181356992.0,0.0,12146
2018-01-01,111824520.14,26476,4952582475.2,76.19,142094000.0,0.0,12203
2018-01-02,199208857.19,37605,5104212662.57,78.53,373376992.0,0.0,17883
2018-01-03,349761789.3,36631,5869444396.55,90.3,288086016.0,0.0,17274
2018-01-04,557039014.35,38557,6811281274.85,104.79,332545984.0,0.0,18542
2018-01-05,480399045.21,42212,6429271457.49,98.91,292932992.0,0.0,18776
2018-01-06,296560496.16,36345,6195272846.52,95.31,187746000.0,0.0,17510
2018-01-07,228149876.48,36178,6572735831.3,101.12,196620992.0,0.0,17931
2018-01-08,197555939.64,34594,6637605495.21,102.12,231395008.0,0.0,16746
2018-01-09,1398229064.89,43317,6634497734.76,102.07,529663008.0,0.0,20232
2018-01-10,1048609015.6,37555,8270465507.76,127.24,361796992.0,0.0,17811
2018-01-11,604209268.0,35633,8001869447.78,123.1,270718016.0,0.0,16042
2018-01-12,559472820.88,34627,7096642984.65,109.18,234756992.0,0.0,16647
2018-01-13,1195132085.55,49565,8069864773.86,124.15,455703008.0,0.0,22892
2018-01-14,3664805418.4,97515,9136292777.84,140.56,648694016.0,0.1,39032
2018-01-15,4380069046.5,100461,11056794997.3,170.1,1455619968.0,0.0,47626
2018-01-16,3335482537.2,59113,12217965911.6,187.97,1664429952.0,0.0,27672
2018-01-17,1640986659.26,44810,9407450000.0,144.73,1587920000.0,0.004,21111
2018-01-18,974616669.4,64886,9268740109.35,142.6,838633984.0,0.018,27434
2018-01-19,561102912.5,35325,9181579100.65,141.25,494800000.0,0.0,18165
2018-01-20,675480134.7,36116,9131971806.72,140.49,501671008.0,0.0,18979
2018-01-21,591551206.51,30594,9764577576.28,150.23,346048000.0,0.0,16047
2018-01-22,502438620.6,34284,8599708624.45,132.3,346611008.0,0.0,17121
2018-01-23,350015617.77,34742,8019313784.54,123.37,263388992.0,0.0,17338
2018-01-24,331709597.59,33068,7966991594.82,122.57,433360000.0,0.0,16826
2018-01-25,329409791.9,29871,8976695141.3,138.1,315009984.0,0.0,15655
2018-01-26,272099503.5,27050,8953620131.99,137.75,324067008.0,0.0,14092
2018-01-27,181112176.78,21763,8979292134.81,138.14,207868000.0,0.0,12400
2018-01-28,300885762.03,34954,9123810145.9,140.37,246175008.0,0.0,19180
2018-01-29,588718712.96,71103,9885258791.48,152.08,602513984.0,0.0,28326
2018-01-30,904755763.78,62657,10975824966.5,168.86,670294976.0,0.0,35301
2018-01-31,290228287.2,28671,9450870321.08,145.4,357308992.0,0.0,14976
2018-02-01,358976797.24,39500,9487625890.48,145.96,356495008.0,0.0,18507
2018-02-02,187521469.2,36813,8166328074.59,125.64,552638976.0,0.0,19241
2018-02-03,944649800.64,33589,7867269898.75,121.03,255707008.0,0.0,16439
2018-02-04,903239567.01,27099,7943280390.38,122.21,203674000.0,0.0,13758
2018-02-05,706832896.27,32250,6991684990.71,107.57,312096000.0,0.0,16139
2018-02-06,493418936.08,38648,5464343693.25,84.07,659945984.0,0.0,18421
2018-02-07,464569364.87,37055,6833516667.8,105.13,571724032.0,0.0,18317
2018-02-08,168522984.74,21300,6763900000.0,104.06,546732992.0,0.0,11294
2018-02-09,259659790.02,22520,7279226169.94,111.99,212450000.0,0.0,12273
2018-02-10,354143802.87,30348,7618374535.84,117.21,355323008.0,0.0,14984
2018-02-11,402713291.3,54027,7179180568.18,110.45,257944000.0,0.0,29956
2018-02-12,183920101.26,34661,6771460822.96,104.18,272088992.0,0.0,16846
2018-02-13,154406418.12,28288,7386267808.96,113.64,176966000.0,0.0,14296
2018-02-14,451022158.84,30038,7205782371.86,110.86,228692992.0,0.0,14927
2018-02-15,440830652.0,29511,7930064319.9,122.0,218616000.0,0.0,15048
2018-02-16,237522464.26,27687,7996175882.03,123.02,194878000.0,0.0,14146
2018-02-17,217647672.58,28786,8516300000.0,131.02,286384992.0,0.0,15101
2018-02-18,170840454.4,25487,8865721588.95,136.4,207624000.0,0.0,13257
2018-02-19,119698230.72,27464,8270359348.22,127.24,201551008.0,0.0,14670
2018-02-20,142732036.75,33225,8966610287.47,137.95,239238000.0,0.0,16493
2018-02-21,84333312.19,26461,8298275577.05,127.67,207330000.0,0.0,13480
2018-02-22,84770288.56,25663,7840506179.0,120.62,193746000.0,0.002,12509
2018-02-23,173327387.05,19101,7370168240.44,113.39,189394000.0,0.003,10322
2018-02-24,140846835.74,25837,7892566249.47,121.42,157950000.0,0.0,13159
2018-02-25,135555490.11,24820,7689109626.88,118.29,114914000.0,0.0,12678
2018-02-26,432144981.29,40483,7729322821.42,118.91,292700000.0,0.0,19075
2018-02-27,729649579.0,48361,8764538494.04,134.84,427504992.0,0.0,21599
2018-02-28,1042666537.5,41096,9254769458.87,142.38,315822016.0,0.0,19743
2018-03-01,497605680.0,41766,8687519267.73,133.65,282388000.0,0.0,21573
2018-03-02,636001549.9,28917,8446614025.27,129.95,148930000.0,0.0,15279
2018-03-03,1146343979.16,37286,8077230641.07,124.26,132602000.0,0.0,16579
2018-03-04,778335321.0,28675,7918817309.82,121.83,177840000.0,0.0,14406
2018-03-05,829690821.96,31709,7808007250.04,120.12,212735008.0,0.0,15674
2018-03-06,435100139.6,27401,7297827710.97,112.27,203770000.0,0.0,13599
2018-03-07,407299285.14,27267,6849904590.8,105.38,297579008.0,0.0,13807
2018-03-08,192379972.18,28682,6535249871.25,100.54,158916992.0,0.0,15457
2018-03-09,106908261.6,23633,5960422816.45,91.7,216976000.0,0.0,12639
2018-03-10,131963065.44,23615,6065615715.35,93.32,123154000.0,0.0,11745
2018-03-11,536927345.28,23059,5553459926.75,85.44,120665000.0,0.0,11518
2018-03-12,965407786.42,33721,5946538501.63,91.49,125997000.0,0.0,15845
2018-03-13,1136864622.45,28042,5562130048.69,85.57,118017000.0,0.0,13684
2018-03-14,1060009431.16,23020,5422436181.67,83.42,146276992.0,0.0,11857
2018-03-15,878405765.82,23910,4669265424.25,71.83,173336000.0,0.0,12203
2018-03-16,846106660.44,38125,4527767314.29,69.66,114395000.0,0.0,15223
2018-03-17,527155860.3,24800,4439370126.77,68.3,95221696.0,0.0,10902
2018-03-18,463486771.02,25224,3976791069.47,61.18,249146000.0,0.0,11427
2018-03-19,232726070.19,39639,4367355946.83,67.19,274503008.0,0.0,11401
2018-03-20,109475609.25,22577,4800250000.0,73.85,255944000.0,0.0,11600
2018-03-21,78586997.31,20639,4966779357.57,76.41,177772992.0,0.0,10827
2018-03-22,66273773.49,17275,4732514082.42,72.81,152648000.0,0.0,9126
2018-03-23,97022348.39,21338,4524372818.99,69.61,137020992.0,0.0,9312
2018-03-24,63556763.53,28863,4489830041.91,69.07,102618000.0,0.0,15796
2018-03-25,545683195.02,20352,4237214000.69,65.19,82989200.0,0.0,10929
2018-03-26,1195030525.2,21261,4250758061.6,65.4,144888992.0,0.0,10210
2018-03-27,607871080.62,19611,3866870890.6,59.49,145188992.0,0.0,9514
2018-03-28,568454140.2,18483,3596873767.3,55.34,81977504.0,0.0,9341
2018-03-29,563896128.62,19352,3725509016.0,57.31,110023000.0,0.0,8762
2018-03-30,425707684.5,22771,3370464366.93,51.85,114151000.0,0.0,8877
2018-03-31,341281494.9,18828,3277623055.06,50.43,68031800.0,2e-08,8694
2018-04-01,364157294.7,16550,3272390545.88,50.34,73349000.0,0.0,7998
2018-04-02,222248565.54,16446,3077055879.35,47.34,62854800.0,0.0,8347
2018-04-03,325212114.16,18605,3183794964.95,48.98,84566304.0,0.0,9311
2018-04-04,318659009.54,15038,3469700000.0,53.38,73956800.0,0.0,7676
2018-04-05,245529279.24,21705,3084998037.08,47.46,63650600.0,0.0,9149
2018-04-06,268305448.0,17918,3058134311.86,47.05,46850100.0,2e-08,8158
2018-04-07,214478887.59,16873,2919426696.68,44.91,49786600.0,0.0,7947
2018-04-08,195422949.28,17431,3025093850.17,46.54,44671100.0,0.0,8190
2018-04-09,224095218.89,24775,3209098502.55,49.37,267976992.0,0.0,11206
2018-04-10,110898379.2,19438,3458138004.56,53.2,90631296.0,0.0,9209
2018-04-11,122672347.38,23502,3417781735.22,52.58,178200992.0,0.0,10508
2018-04-12,122381585.34,29549,3794700000.0,58.38,272688992.0,6e-08,12966
2018-04-13,97570108.68,24528,4332718911.11,66.66,177671008.0,0.0,11822
2018-04-14,42202082.01,16805,4043618339.73,62.21,90798000.0,0.0,8197
2018-04-15,351082454.59,21368,4181527291.13,64.33,126368000.0,0.0,10235
2018-04-16,563987501.12,19291,4557704334.03,70.12,124354000.0,0.0,9259
2018-04-17,424775585.88,22191,4355822238.63,67.01,104953000.0,0.0,9145
2018-04-18,335363009.93,22055,4271191046.2,65.71,146354000.0,0.0,10538
2018-04-19,462904694.6,23233,4715565517.67,72.55,172656992.0,0.0,11207
2018-04-20,270177728.38,29010,4821657292.29,74.18,184820992.0,0.0,12094
2018-04-21,172743563.3,23314,5141650837.44,79.1,172502000.0,0.0,10385
2018-04-22,128182507.34,22530,4844561653.54,74.53,118189000.0,0.0,10935
2018-04-23,63444687.75,25751,4787513794.94,73.65,129211000.0,0.0,12050
2018-04-24,559403367.39,40068,4958796235.81,76.29,214076000.0,0.0,20218
2018-04-25,285896646.66,26294,5361850000.0,82.49,232380992.0,0.0,12065
2018-04-26,255889829.68,19456,4651116782.23,71.56,142338000.0,0.0,8962
2018-04-27,167767813.74,19597,5006127772.81,77.02,133132000.0,0.0,9484
2018-04-28,224221444.92,20989,4707109868.01,72.42,143123008.0,0.0,10182
2018-04-29,159969014.19,34039,4978448397.17,76.59,502971008.0,0.0,12777
2018-04-30,950191363.25,23878,5989927695.21,92.15,377384992.0,0.0,11118
2018-05-01,625284968.88,20470,5484095354.86,84.37,180819008.0,0.0,9093
2018-05-02,494870253.77,21593,5486637058.26,84.41,137844000.0,0.0,9644
2018-05-03,431353517.76,28729,5519894280.35,84.92,226830000.0,0.0,13106
2018-05-04,313679747.2,25659,5700466173.15,87.7,153112000.0,0.0,10962
2018-05-05,158590651.02,22113,5480299411.39,84.31,128178000.0,0.0,10123
2018-05-06,60862576.8,20620,5479224582.34,84.3,177590000.0,0.0,8717
2018-05-07,288231443.63,19752,5433665215.16,83.59,157183008.0,0.0,8976
2018-05-08,312244217.65,21610,5172056709.98,79.57,126518000.0,0.0,9417
2018-05-09,220978182.72,17828,5012918210.93,77.12,120422000.0,0.0,8606
2018-05-10,225010974.24,21485,4960573802.22,76.32,126392000.0,0.0,10241
2018-05-11,160784520.6,19960,4547457380.44,69.96,177496992.0,0.0,9352
2018-05-12,94468293.9,19099,4123937942.79,63.45,125551000.0,0.0,8630
2018-05-13,113360761.0,25199,4209219845.63,64.76,105992000.0,0.0,12311
2018-05-14,63873893.3,16082,4408498990.37,67.82,130220000.0,0.0,8098
2018-05-15,295666211.48,19184,4314672713.36,66.38,98810800.0,0.0,8668
2018-05-16,306117328.92,15843,4098833728.38,63.06,99496200.0,0.0,7338
2018-05-17,242176109.0,21635,4026267115.88,61.94,96606600.0,0.0,8956
2018-05-18,215553550.68,19087,3751705702.08,57.72,94202000.0,0.0,8431
2018-05-19,119036018.4,17863,3877755815.79,59.66,79662304.0,0.0,7861
2018-05-20,108358797.34,19856,3849816636.91,59.23,89350200.0,0.0,8855
2018-05-21,108098866.65,27292,4133369852.79,63.59,121919000.0,0.0,11545
2018-05-22,80242534.12,27004,4056833814.74,62.41,95219600.0,0.0,11400
2018-05-23,48332110.5,18251,3734121895.37,57.45,109642000.0,0.0,8221
2018-05-24,50178368.24,14900,3403176255.66,52.36,107696000.0,0.0,7276
2018-05-25,72262603.1,15159,3581689104.28,55.1,93827504.0,0.0,7052
2018-05-26,59495308.38,18410,3428283671.64,52.74,84223296.0,0.0,7548
2018-05-27,472481253.6,46527,3401024878.14,52.32,76785504.0,0.0,15771
2018-05-28,270825038.4,30242,3436006793.41,52.86,92695200.0,0.0,11352
2018-05-29,221238677.4,24196,3127553905.58,48.12,106526000.0,0.0,9138
2018-05-30,171573614.52,19410,3403485844.39,52.36,82723104.0,0.0,8114
2018-05-31,113995618.16,18595,3343486293.6,51.44,85826000.0,0.0,8064
2018-06-01,98330464.4,20052,3457781731.29,53.2,102577000.0,0.0,8065
2018-06-02,83070888.25,20970,3616217565.01,55.63,97926200.0,0.06820024,8570
2018-06-03,42460477.95,17906,3681969360.6,56.65,90826096.0,0.01540006,7782
2018-06-04,161061127.98,17541,3659848640.34,56.31,91888400.0,0.00880006,7604
2018-06-05,158523121.5,18347,3477717144.17,53.5,92081000.0,0.0,7442
2018-06-06,120912664.74,18273,3543287993.6,54.51,81572600.0,0.00440002,7785
2018-06-07,110325416.85,16399,3510499972.22,54.01,78293600.0,0.00440002,7253
2018-06-08,88889840.55,17091,3480716906.73,53.55,77989800.0,0.0022,6972
2018-06-09,80689744.08,14326,3416306381.68,52.56,72333200.0,1e-08,6130
2018-06-10,82250530.15,15600,3323355480.53,51.13,99954096.0,0.00440003,6567
2018-06-11,47955180.32,16779,2961685749.12,45.56,85727200.0,0.00440012,7419
2018-06-12,35444170.36,17495,2956864253.31,45.49,83302000.0,0.00660004,7717
2018-06-13,47671050.0,15428,2697775760.16,41.5,98023200.0,0.00660006,6929
2018-06-14,182358358.32,14704,2490345066.83,38.31,105352000.0,0.01100002,6466
2018-06-15,123440652.55,12209,2655138959.75,40.85,68554496.0,0.00220001,5252
2018-06-16,100768441.92,10876,2485704108.9,38.24,67913800.0,0.0,4957
2018-06-17,96769854.37,13399,2507037063.73,38.57,64709800.0,0.00220002,5787
2018-06-18,71378837.4,13076,2518321998.74,38.74,88125504.0,0.0,5938
2018-06-19,71558028.39,14246,2575788761.27,39.63,75684096.0,0.00880004,6405
2018-06-20,66464283.6,12909,2595636675.06,39.93,71498704.0,0.0022,5694
2018-06-21,43895416.98,13184,2533894178.91,38.98,70598704.0,0.0022,5943
2018-06-22,43868817.34,12266,2458654775.71,37.82,84102496.0,0.0088,5826
2018-06-23,108545060.82,13350,2151101047.56,33.09,53422000.0,0.0,5602
2018-06-24,176878635.52,14178,2225500356.89,34.24,90829600.0,0.0,5895
2018-06-25,111774591.39,12457,2025947771.05,31.17,58836700.0,0.0044,5739
2018-06-26,69305188.86,11430,2055766856.98,31.63,52380500.0,0.0022,5335
2018-06-27,25625989.2,12636,1979393613.13,30.45,53013200.0,0.0044,5962
2018-06-28,96582784.69,11804,1970261150.92,30.31,52412700.0,0.00880002,5330
2018-06-29,121840033.48,14689,1843288052.63,28.36,64412600.0,2e-08,6115
2018-06-30,82041735.6,13408,1930191271.21,29.7,73997696.0,0.0022,5837
2018-07-01,47010483.39,11574,2002809802.9,30.81,72319000.0,0.00440002,5371
2018-07-02,40435355.4,15486,2037727345.75,31.35,142578000.0,0.01100002,7434
2018-07-03,165269953.66,20757,2341371341.55,36.02,150783008.0,4e-08,8962
2018-07-04,227149650.0,17360,2347695109.46,36.12,216351008.0,0.0,7410
2018-07-05,81848389.03,17568,2631733717.97,40.49,190606000.0,0.0,7859
2018-07-06,182409065.19,13846,2638034659.36,40.59,136135008.0,0.0,5822
2018-07-07,211890324.24,10559,2452800689.37,37.74,88447504.0,0.0022,4730
2018-07-08,120574176.03,12746,2552256453.49,39.27,150560000.0,0.0,5774
2018-07-09,67932731.0,11175,2541341069.87,39.1,164582000.0,0.0022001,5752
2018-07-10,80775962.28,11987,2376729642.86,36.57,193408000.0,2.4e-07,6231
2018-07-11,43744600.2,10967,2175041102.33,33.46,98957504.0,4.74242022,5562
2018-07-12,125161359.4,10764,2202449541.08,33.88,111093000.0,0.72173264,5387
2018-07-13,57251354.24,10088,2077706327.41,31.96,127253000.0,0.70220024,5029
2018-07-14,14256246.68,8668,2155155518.7,33.16,74716704.0,2.20220128,4462
2018-07-15,29792767.2,9630,2110934599.22,32.48,86309504.0,0.24115983,4599
2018-07-16,40183122.15,10824,2182250134.07,33.57,128169000.0,11.02002032,5738
2018-07-17,116342353.96,18389,2398118325.03,36.89,136894000.0,0.03071442,8568
2018-07-18,95434480.98,13724,2556592780.45,39.33,143288992.0,2.50860064,6705
2018-07-19,75866242.08,11000,2441339117.21,37.56,99780304.0,0.04358056,5244
2018-07-20,51323548.92,10697,2344208962.25,36.06,103809000.0,0.13731134,5039
2018-07-21,29467952.91,8730,2166374227.92,33.33,85597904.0,0.32620018,4521
2018-07-22,42132297.06,10298,2226792937.5,34.26,74153200.0,1.06176366,5112
2018-07-23,37748858.0,13546,2160961296.21,33.25,81723000.0,0.6510025,6315
2018-07-24,27832939.4,13149,2092944678.41,32.2,118100000.0,0.68511882,6161
2018-07-25,34915995.0,11149,2194006729.08,33.75,92019400.0,0.04430208,5885
2018-07-26,87403915.83,12947,2223583103.19,34.21,86474304.0,2.38973914,6133
2018-07-27,37526447.28,9621,2156867535.7,33.18,77205696.0,0.76040214,4849
2018-07-28,21973941.55,8999,2180627231.85,33.55,67771600.0,2.04867349,4651
2018-07-29,28674188.45,9488,2212009248.66,34.03,71226496.0,0.78945267,4971
2018-07-30,34312422.55,10744,2179483758.52,33.53,76035000.0,2.2158031,5279
2018-07-31,22154117.58,8595,2094021317.37,32.22,69345600.0,13.26618274,4615
2018-08-01,17596795.59,7514,1947834925.89,29.97,59706400.0,0.78347415,4225
2018-08-02,9442406.19,7742,1945593198.21,29.93,54152700.0,1.34954892,4175
2018-08-03,5835607.1,7972,1848987601.99,28.45,61311800.0,1.42235011,4384
2018-08-04,5354057.1,6312,1829387615.87,28.14,57559000.0,0.02474982,3644
2018-08-05,17309630.08,5794,1726261636.43,26.56,49751000.0,0.08110266,3591
2018-08-06,59715977.2,6522,1787129408.28,27.49,55233900.0,0.30276988,4021
2018-08-07,49009602.56,6951,1705545853.97,26.24,61221200.0,0.0103434,3965
2018-08-08,32756338.68,10749,1635690098.99,25.17,67822900.0,4.02986106,5347
2018-08-09,16552383.12,10420,1419417596.81,21.84,51844400.0,0.42736868,5110
2018-08-10,66470236.47,9093,1464134670.26,22.53,55462300.0,0.12728098,4300
2018-08-11,64253180.44,12750,1296342455.91,19.94,78834900.0,0.90360426,5532
2018-08-12,17651381.25,10776,1218978597.27,18.75,47089100.0,0.43140686,4658
2018-08-13,17860669.2,11235,1203150000.0,18.51,52043100.0,5.68262214,5424
2018-08-14,82315028.7,26748,1025387052.93,15.78,72739000.0,1.66447059,10574
2018-08-15,63959009.4,13230,1052820850.66,16.2,71774200.0,0.29957802,5710
2018-08-16,5281908.4,4343,1027304484.25,15.8,59234600.0,0.31958904,2840
2018-08-17,18009916.0,6873,1050297271.39,16.16,111468000.0,2.92199445,4000
2018-08-18,24183031.86,6483,1327985468.75,20.43,83859300.0,2.6111661,3760
2018-08-19,12278307.96,6166,1214473973.33,18.68,69574000.0,2.13045075,3597
2018-08-20,9409869.76,8531,1268471862.07,19.52,60671000.0,0.3363962,4555
2018-08-21,7982759.05,8706,1114618484.55,17.15,45962300.0,0.13719489,4346
2018-08-22,44233907.2,7961,1163584618.18,17.9,64149800.0,0.91565228,3941
2018-08-23,63311540.89,8379,1073447254.66,16.51,50369500.0,0.83832735,4071
2018-08-24,19534312.22,5968,1154874697.3,17.77,46036900.0,2.06181699,3371
2018-08-25,27351655.08,10372,1155088978.07,17.77,44633900.0,1.63328909,5161
2018-08-26,24353223.64,8369,1153048320.45,17.74,45759000.0,1.76989693,4231
2018-08-27,19218957.0,10055,1159225806.46,17.83,85067000.0,2.28211538,5270
2018-08-28,30336095.6,14400,1339296015.99,20.6,85983000.0,2.92544876,7216
2018-08-29,16377959.9,10179,1382004268.11,21.26,80280700.0,1.87797295,5263
2018-08-30,41634320.74,17367,1286578655.41,19.79,62811600.0,0.0641048,7653
2018-08-31,23264135.88,12554,1271099964.6,19.56,60857900.0,2.71441413,5441
2018-09-01,15552383.19,17106,1313906891.56,20.21,87431500.0,0.69065241,6777
2018-09-02,161394997.71,15341,1457671537.52,22.43,87394700.0,10.39017712,7004
2018-09-03,178093229.72,33127,1437951016.19,22.12,77796800.0,495.18015344,11962
2018-09-04,186177933.2,37353,1492393833.06,22.96,98087000.0,232.03700196,12876
2018-09-05,116834119.88,24326,1572230034.33,24.19,137784000.0,95.62629014,8596
2018-09-06,113162781.34,24370,1271924921.34,19.57,114332000.0,117.76316689,8212
2018-09-07,107446364.66,26480,1317797584.31,20.27,82280000.0,177.51282802,8615
2018-09-08,25831681.56,8530,1281778742.95,19.72,61180100.0,0.1473499,3956
2018-09-09,33897029.64,11603,1177563801.63,18.12,65760400.0,0.06895121,5567
2018-09-10,31562741.91,27697,1207160978.1,18.57,57206800.0,48.88505017,15800
2018-09-11,16815705.84,16401,1205291720.45,18.54,60804300.0,4.15854825,10203
2018-09-12,14319188.19,10839,1149954531.82,17.69,58464700.0,14.90056324,4553
2018-09-13,45290150.22,10712,1154904032.14,17.77,66194200.0,11.23332286,4696
2018-09-14,40347936.0,10039,1193313473.51,18.36,62110000.0,15.66823295,4131
2018-09-15,29224448.85,7794,1166762870.93,17.95,55508900.0,0.36274167,3696
2018-09-16,24342508.86,7144,1183355559.7,18.21,46986500.0,0.42707178,3456
2018-09-17,29743869.63,8920,1182307596.53,18.19,63922000.0,0.32527883,4156
2018-09-18,14983870.72,7499,1082709012.35,16.66,48766900.0,0.72702618,3836
2018-09-19,12513372.48,7154,1105514377.04,17.01,52494900.0,0.97591156,3490
2018-09-20,13971353.36,7538,1118447834.34,17.21,54578800.0,2.11850523,3738
2018-09-21,29766768.0,10583,1185774264.57,18.24,129320000.0,0.51331706,4833
2018-09-22,26677394.96,7887,1286459534.86,19.79,80468100.0,0.2392505,3893
2018-09-23,62130357.03,8983,1224144576.67,18.83,85869300.0,0.16512964,4178
2018-09-24,55692117.0,8311,1267657922.54,19.5,72185000.0,2.41804172,3810
2018-09-25,39038494.29,7954,1195250992.55,18.39,66048600.0,0.09105044,3546
2018-09-26,28343055.5,7658,1177103914.71,18.11,84686500.0,0.46442031,3868
2018-09-27,26888452.9,7503,1161580599.32,17.87,127495000.0,0.19550224,3694
2018-09-28,49496357.7,13309,1238526739.86,19.05,186831000.0,284.26692332,6475
2018-09-29,33922359.84,8232,1242611893.53,19.12,114329000.0,0.10781242,4158
2018-09-30,45789538.68,8412,1246247785.71,19.17,141458000.0,0.69484774,4257
2018-10-01,190964599.8,8518,1225184373.33,18.85,162321000.0,1.7185936,4183
2018-10-02,52910187.42,8161,1212860662.7,18.66,153533000.0,0.32042744,3811
2018-10-03,46453502.25,10863,1199504021.74,18.45,123794000.0,0.04571874,5060
2018-10-04,30978522.9,7013,1166008847.57,17.94,147540000.0,0.10861566,3511
2018-10-05,44526069.95,6953,1166493006.61,17.95,91481600.0,2.05187906,3369
2018-10-06,20217493.78,6640,1182264034.96,18.19,98981200.0,4.28000512,3334
2018-10-07,23403680.82,6972,1166261420.27,17.94,143765000.0,0.53139528,3444
2018-10-08,19293800.96,8077,1178660779.67,18.13,159657000.0,0.05026727,3958
2018-10-09,14522624.68,7668,1203609025.16,18.52,162300000.0,0.2452762,3868
2018-10-10,19769979.25,7454,1184832807.14,18.23,176005000.0,0.26398249,3586
2018-10-11,47801711.7,10195,1179016429.77,18.14,228270000.0,0.33428917,4191
2018-10-12,52015422.53,8413,1001412885.16,15.41,195622000.0,0.15782431,3904
2018-10-13,22447231.8,7416,1016503242.39,15.64,138117000.0,0.02801155,3388
2018-10-14,38902299.2,7250,1024256086.85,15.76,158264000.0,0.44111312,3425
2018-10-15,42991110.75,10124,1014637535.01,15.61,253750000.0,2.46753344,4459
2018-10-16,13127644.8,8031,1060922822.67,16.32,191769000.0,1.59045452,3940
2018-10-17,11640236.0,8009,1071019966.39,16.48,255805000.0,2.150124,3699
2018-10-18,10846542.98,9035,1082867244.4,16.66,323295000.0,0.03898802,3823
2018-10-19,6124872.6,7285,1074119273.06,16.52,194625000.0,0.24929576,3381
2018-10-20,3048865.92,6996,1071212867.27,16.48,179868000.0,0.06158919,3305
2018-10-21,4477957.12,6823,1081410130.75,16.64,216587000.0,2.70807212,3376
2018-10-22,9360277.44,7844,1071161605.73,16.48,154339000.0,0.45846958,3688
2018-10-23,21803991.51,9256,1087175358.39,16.73,169231000.0,2.30365441,4135
2018-10-24,18889958.76,6821,1077403680.81,16.58,138539000.0,0.04881646,3357
2018-10-25,4657439.6,3483,1087102619.85,16.72,91006000.0,2.14609479,2326
2018-10-26,16898374.85,8685,1071949184.15,16.49,128714000.0,2.0487414,4181
2018-10-27,16523760.76,7357,1053558035.54,16.21,83991800.0,6.86365218,3405
2018-10-28,9455063.24,9722,1045766073.77,16.09,102821000.0,8.03553344,4375
2018-10-29,9161524.16,11357,1050502311.69,16.16,142185000.0,13.20380799,4601
2018-10-30,7884760.86,10619,1003055504.27,15.43,123947000.0,4.07707016,4304
2018-10-31,4017307.5,6092,991535065.359,15.25,137329000.0,1.27872567,2772
2018-11-01,11808809.2,10885,996104836.735,15.32,131218000.0,177.52774108,5469
2018-11-02,31265460.84,9590,1022052920.79,15.72,151665000.0,12.87090422,4345
2018-11-03,12646719.04,8033,1050551183.98,16.16,124722000.0,3.69758675,3692
2018-11-04,20911440.0,9074,1040025015.03,16.0,168143000.0,13.60412493,4098
2018-11-05,14799730.0,8748,1079052989.56,16.6,141451000.0,4.50064559,3916
2018-11-06,15715924.11,9574,1055017199.82,16.29,174980000.0,0.16436087,4207
2018-11-07,10086964.02,8960,1105702870.29,17.01,168569000.0,0.14113642,4026
2018-11-08,23101667.0,8789,1089030709.02,16.75,154513000.0,20.91617548,3865
2018-11-09,51621639.3,8874,1060216508.78,16.31,138562000.0,1.85257877,3671
2018-11-10,42290382.12,8892,1036372487.16,15.94,129460000.0,20.91402485,3796
2018-11-11,44325676.08,8609,1037082097.56,15.96,126121000.0,8.66878595,3780
2018-11-12,37809107.12,8656,1048629506.34,16.13,161123000.0,1.71951425,3847
2018-11-13,28039810.37,8704,1022609653.87,15.73,137967000.0,4.85336511,4097
2018-11-14,45734660.66,10164,997100000.0,15.34,196751000.0,8.78684647,4708
2018-11-15,36974851.65,9339,879456765.0,13.53,185592000.0,5.08700093,4146
2018-11-16,28491775.0,7513,844780433.071,13.0,148956000.0,3.80634604,3523
2018-11-17,13025729.6,7828,825733569.119,12.7,151395000.0,4.5675545,3568
2018-11-18,11561078.0,7011,806179253.376,12.4,175701000.0,3.56104385,3393
2018-11-19,39476374.11,14972,817419560.472,12.57,233627000.0,5.08207915,5541
2018-11-20,14012119.9,12819,658716322.793,10.13,213977000.0,23.40325991,4842
2018-11-21,30888208.14,11949,585712316.721,9.01,162871000.0,5.50206341,4993
2018-11-22,40332364.46,8728,599233015.22,9.22,166761000.0,5.84795093,3754
2018-11-23,18256941.01,7654,546362289.474,8.41,155044000.0,6.63704367,3286
2018-11-24,10883851.68,7462,556550257.754,8.56,131520000.0,4.96547322,3182
2018-11-25,9634995.48,9609,486254863.035,7.48,168973000.0,13.19126484,3985
2018-11-26,22262673.04,9137,499544769.468,7.69,129336000.0,5.44565051,3899
2018-11-27,21306571.52,8366,462752827.548,7.12,126595000.0,3.62750944,3539
2018-11-28,35744696.75,9955,471069700.536,7.25,175504000.0,7.32847613,4574
2018-11-29,17330679.27,8632,543985828.678,8.37,173504509.0,4.6586099,4011
2018-11-30,12037131.04,8220,551270407.097,8.48,137492882.0,5.01788971,3600
2018-12-01,3504449.61,7442,502166212.729,7.73,151081040.0,9.35886432,3326
2018-12-02,2859769.61,7500,531003298.597,8.17,134091442.0,2.04090449,3392
2018-12-03,60937776.0,8099,520337540.136,8.0,127227094.0,5.24520798,3610
2018-12-04,20554803.88,7704,477115935.806,7.34,155406465.0,2.67480425,3495
2018-12-05,20912457.54,8222,495128116.749,7.62,147996551.0,9.16164818,3910
2018-12-06,16699536.39,8265,454276715.916,6.99,138744932.0,10.14744456,3925
2018-12-07,12438483.3,8796,393802183.826,6.06,169111360.0,9.33909664,3663
2018-12-08,10943632.8,8028,393998488.522,6.06,161033524.0,5.57082841,3284
