date,txVolume(USD),txCount,paymentCount,activeAddresses,medianTxValue(USD),marketcap(USD),price(USD),exchangeVolume(USD)
2017-08-28,,1,1,2,,,,
2017-08-29,,2,2,3,,,,
2017-08-30,,2,2,3,,,,
2017-08-31,,3,3,4,,,,
2017-09-01,,26,26,17,,,,
2017-09-02,,15,15,15,,,,
2017-09-03,,423,423,316,,,,
2017-09-04,,1360,1360,1011,,,,
2017-09-05,,1397,1397,1043,,,,
2017-09-06,,1540,1540,1336,,,,
2017-09-07,,686,686,603,,,,
2017-09-08,,526,526,462,,,,
2017-09-09,,468,468,441,,,,
2017-09-10,,531,531,550,,,,
2017-09-11,,642,642,803,,,,
2017-09-12,,329,329,365,,,,
2017-09-13,1904725.61491,384,384,391,259.985914713,0.0,0.002051,48512.0
2017-09-14,2678158.65899,334,334,283,216.149509,0.0,0.002006,58770.0
2017-09-15,337296.881709,169,169,176,290.604105,0.0,0.001419,26475.0
2017-09-16,249739.794729,204,204,151,180.77399985,0.0,0.001815,54535.0
2017-09-17,269382.073828,258,258,187,305.370864,0.0,0.001836,124998.0
2017-09-18,1968324.24067,463,463,383,339.879,0.0,0.003324,159158.0
2017-09-19,1784011.48431,377,377,303,327.3,0.0,0.003273,158416.0
2017-09-20,472702.241567,310,310,264,255.850591618,0.0,0.002306,83399.0
2017-09-21,667529.382114,363,363,252,251.722410306,0.0,0.002638,99853.0
2017-09-22,212418.41591,1801,1801,1776,0.000273419685,0.0,0.002079,38829.0
2017-09-23,19588517.8152,5616,5616,4172,0.000789330189,0.0,0.001934,42314.0
2017-09-24,35434124.4335,4857,4857,4846,0.000176029764,0.0,0.002346,50023.0
2017-09-25,574814.587035,7873,7873,7860,0.000160145144,0.0,0.002251,106284.0
2017-09-26,527724.376864,8941,8941,8948,0.000131137269,0.0,0.001777,61508.0
2017-09-27,31686727.8899,9973,9973,9973,0.000130359712,0.0,0.001736,35671.0
2017-09-28,3108313.20413,8415,8415,8419,0.000184295078,25802729.0898,0.002563,69532.0
2017-09-29,581696.734301,8322,8322,8326,0.000196142412,29202481.2769,0.002901,58162.0
2017-09-30,144505.403452,3185,3185,3209,0.00016772214,19959147.5891,0.001983,53734.0
2017-10-01,249180286.374,6692,6692,6684,0.000181268892,22757585.3068,0.002261,72807.0
2017-10-02,1824251.6786,7092,7092,6955,0.000182393904,73920263.7174,0.001848,887622.0
2017-10-03,21386637.4715,7973,7973,7935,0.000265500768,109897989.048,0.002748,822107.0
2017-10-04,1771031.59808,5840,5840,5742,0.0002355191445,98767293.0462,0.002469,1072200.0
2017-10-05,2420506.34455,5926,5926,5786,0.000298286443,130768664.819,0.003269,704167.0
2017-10-06,2142753.71013,3777,3777,3723,0.000316999413,132819604.005,0.003321,478330.0
2017-10-07,425213.888743,5353,5353,5316,0.00025964254,195036872.489,0.002995,352974.0
2017-10-08,368298.756382,6946,6946,6904,0.000202293855,167018654.988,0.002565,239490.0
2017-10-09,1261028.89078,7631,7631,7605,0.000192999895,167156335.905,0.002567,350960.0
2017-10-10,387565.920755,7637,7637,7658,0.000151378314,142983667.257,0.002186,215705.0
2017-10-11,277834.327176,8473,8473,8473,0.000167151936,149684912.473,0.002289,289055.0
2017-10-12,218459.613866,7662,7662,7664,0.0001804089455,161573128.406,0.002471,136756.0
2017-10-13,336959.98294,7579,7579,7604,0.000176060255,153333130.937,0.002345,184709.0
2017-10-14,237202.493326,5022,5022,5036,0.000162379511,138231748.181,0.002114,121404.0
2017-10-15,133419.604381,9283,9283,9310,0.00014992101,155482779.592,0.002378,116033.0
2017-10-16,229547.758552,31481,31481,31487,0.000143712793,149588193.59,0.002287,152645.0
2017-10-17,271679.300787,39390,39390,39398,0.00014023702,140969861.479,0.002156,116008.0
2017-10-18,239166.581743,28689,28689,28705,0.000127723105,127051568.03,0.001943,189768.0
2017-10-19,418084.477798,18233,18233,18245,0.000140279154,136989613.404,0.002094,325575.0
2017-10-20,403740.570967,20495,20495,20468,0.00012442504,125367084.515,0.001916,211546.0
2017-10-21,236501.76895,9113,9113,9094,0.000140992929,127798908.031,0.001953,243113.0
2017-10-22,347468.317856,299,299,252,206.483694772,150871259.69,0.002306,244796.0
2017-10-23,459595.85685,252,252,226,510.443351262,168461747.57,0.002575,221618.0
2017-10-24,341743.874868,318,318,223,242.5,158686273.794,0.002425,297411.0
2017-10-25,539296.409929,507,507,370,272.897240719,173752068.864,0.002656,715742.0
2017-10-26,824045.855695,385,385,295,406.998035931,198164555.791,0.003029,794428.0
2017-10-27,922979.797284,386,386,277,460.603342896,185826420.164,0.00284,1589480.0
2017-10-28,536421.625351,475,475,371,310.763053711,200159522.52,0.003059,1031720.0
2017-10-29,3542119.28783,666,666,470,593.930052039,195523248.142,0.002988,1605430.0
2017-10-30,3619221.60942,4830,4830,4466,70.2338,193077208.631,0.002951,1347640.0
2017-10-31,3196786.94368,755,755,783,552.0,180826318.763,0.00276,1805800.0
2017-11-01,519557.0761,4252,4252,4264,0.000289501875,182332840.833,0.002782,1398750.0
2017-11-02,497358.668192,8710,8710,8697,0.000260734248,165377419.922,0.002524,1429590.0
2017-11-03,2353654.26969,27600,27600,27591,0.000231683328,151000005.144,0.002304,1588360.0
2017-11-04,236375.274605,54906,54906,54933,0.00022413123,145993382.273,0.002228,1696040.0
2017-11-05,387475.411376,68169,68169,68167,0.00021470474,139288452.176,0.002126,1762660.0
2017-11-06,1515750.44624,52329,52329,52316,0.000222722959,145039138.966,0.002213,1719120.0
2017-11-07,218339.044246,50551,50551,50509,0.00021563685,140527081.161,0.002145,1497470.0
2017-11-08,974027.130244,35564,35564,35532,0.000219329582,142395198.27,0.002173,2839470.0
2017-11-09,256264.36457,272,272,225,460.8,150976955.304,0.002304,2924350.0
2017-11-10,350619.051296,282,282,185,467.0,152977925.186,0.002335,2193620.0
2017-11-11,376579.359613,207,207,172,388.474168991,132776688.543,0.002026,1748460.0
2017-11-12,273775.533111,205,205,192,359.074,131421538.528,0.002006,2174370.0
2017-11-13,497715.825162,230,230,168,359.0,117765085.142,0.001795,2889150.0
2017-11-14,1053849.829,392,392,314,487.231881867,138514465.339,0.002111,4040400.0
2017-11-15,883421.394897,333,333,273,488.8,160380741.635,0.002444,5008060.0
2017-11-16,1165324.99733,392,392,237,882.965621375,152431866.464,0.002323,5082450.0
2017-11-17,677109.825491,260,260,211,591.525678868,143498944.57,0.002187,5720510.0
2017-11-18,203538.661431,205,205,173,395.30898,129914120.769,0.00198,5709820.0
2017-11-19,391118.472223,202,202,175,200.99,132512167.493,0.00202,4289470.0
2017-11-20,295643.991484,246,246,207,346.556791,130752998.953,0.001993,3909200.0
2017-11-21,348831.572783,264,264,222,349.025652209,140965416.79,0.002148,3417520.0
2017-11-22,986297.059739,362,362,322,867.138512,140831601.452,0.002146,4119730.0
2017-11-23,2098765.53882,608,608,389,1155.5,151630647.239,0.002311,4402340.0
2017-11-24,2293004.07497,406,406,271,1413.481914,138173876.88,0.002106,4204470.0
2017-11-25,406750.069655,243,243,219,607.0865,132994044.33,0.002027,4704770.0
2017-11-26,582222.909537,271,271,224,903.691182981,134690113.494,0.00205,6245890.0
2017-11-27,749802.590141,346,346,250,692.982985932,141396928.018,0.002151,6405580.0
2017-11-28,2013820.13164,487,487,348,900.884014168,135573947.516,0.002062,6065010.0
2017-11-29,2078074.38898,633,633,446,1848.0,151898153.936,0.00231,7852660.0
2017-11-30,959837.179972,324,324,244,718.473930372,137402087.647,0.00209,4155450.0
2017-12-01,3211252.26889,384,384,263,592.444745227,147347960.316,0.002241,6294070.0
2017-12-02,978834.483128,268,268,223,459.19533058,138714632.687,0.00211,5760180.0
2017-12-03,3304353.81235,378,378,356,2080.0,136754947.448,0.00208,7261200.0
2017-12-04,6107162.11741,443,443,332,2124.0,139644601.086,0.002124,10447300.0
2017-12-05,3524449.03553,240,240,233,1606.89609273,140634034.328,0.002139,8749920.0
2017-12-06,2452155.46261,386,386,281,838.98366046,135959696.062,0.002068,33314700.0
2017-12-07,14384971.5463,1961,1961,1464,1167.596772,206033627.508,0.003134,44215300.0
2017-12-08,8765605.91163,878,878,617,1617.81458568,283468194.997,0.004311,21605600.0
2017-12-09,20698012.6025,504,504,398,905.399642161,292006000.142,0.004441,17520500.0
2017-12-10,10165387.8916,1407,1407,1235,1802.1508927,292693023.267,0.004452,18145200.0
2017-12-11,5477544.94748,845,845,609,869.456,291633029.579,0.004436,20137200.0
2017-12-12,16193809.3388,1380,1380,912,1148.39686473,340389122.962,0.005177,48699100.0
2017-12-13,37664289.2069,2407,2407,1570,1160.91397266,500606737.441,0.007614,174319008.0
2017-12-14,171988813.774,4226,4226,2834,1133.27003027,1081229025.36,0.016445,192816992.0
2017-12-15,45565123.788,3302,3302,2231,970.02328449,1145308660.47,0.01742,139710000.0
2017-12-16,77902889.8751,4297,4297,2911,756.07946182,1210082137.46,0.018405,336496000.0
2017-12-17,187080793.498,4980,4980,3421,749.633,2476748097.61,0.03767,338444992.0
2017-12-18,394247501.943,5807,5807,4140,1454.88,2391377167.28,0.036372,369401984.0
2017-12-19,1646996671.51,5220,5220,3533,824.748578578,2921968695.26,0.044442,235095008.0
2017-12-20,95009467.1715,5221,5221,3066,1977.1544,3080434314.07,0.046852,317193984.0
2017-12-21,480985524.126,8877,8877,5001,1710.86706875,3285181332.03,0.049966,460308000.0
2017-12-22,239434489.895,6644,6644,4044,1523.63788087,3002193965.06,0.045662,494380000.0
2017-12-23,173043262.355,5346,5346,3763,773.24389805,2649657272.56,0.0403,503996992.0
2017-12-24,132175996.77,4439,4439,3070,869.8937,3384219325.39,0.051473,230931008.0
2017-12-25,78978729.9411,4281,4281,2684,913.9794,2413380595.42,0.036706,189610000.0
2017-12-26,65408472.2218,4683,4683,3135,759.878763107,2350335321.75,0.035748,263744992.0
2017-12-27,66590877.5818,4418,4418,3190,604.536772905,2487254121.28,0.03783,173156000.0
2017-12-28,37383970.2533,5430,5430,3845,625.865513119,2414376363.48,0.036722,261940992.0
2017-12-29,61975833.0404,6252,6252,4570,634.921346653,2761914714.68,0.042007,246896992.0
2017-12-30,47042433.6369,5736,5736,4187,550.968084516,2390380774.67,0.036357,256698000.0
2017-12-31,76876460.5721,6417,6417,3965,1018.8378,2375395213.81,0.036129,375152000.0
2018-01-01,210289834.533,7300,7300,4382,1432.85237988,2937738004.92,0.044682,516798016.0
2018-01-02,462993004.502,14867,14867,9703,992.39286154,3423495329.06,0.05207,1604039936.0
2018-01-03,270185869.78,15326,15326,10785,778.35349878,5170952921.13,0.078648,1136850048.0
2018-01-04,432093825.667,23752,23752,16952,689.4338598,6240818429.82,0.09492,4089410048.0
2018-01-05,2996227664.47,18996,18996,15513,848.79495,13779440430.4,0.209579,3864399872.0
2018-01-06,1085971139.55,15482,15482,14140,1182.19970007,14760403462.4,0.224499,2437349888.0
2018-01-07,602648081.107,14413,14413,12272,817.72916391,11419014573.0,0.173678,1750349952.0
2018-01-08,292734797.82,16735,16735,14092,1014.689275,13491200355.1,0.205195,1532320000.0
2018-01-09,164783368.545,15427,15427,13306,845.846029824,10136070092.4,0.154165,1262109952.0
2018-01-10,176382324.562,13971,13971,11723,1042.8342,8351335408.46,0.12702,1729920000.0
2018-01-11,247304955.663,14625,14625,11874,1295.1873,8601638776.72,0.130827,1074579968.0
2018-01-12,213047869.31,12132,12132,9040,1331.61178658,7219283030.7,0.109802,679499008.0
2018-01-13,339390189.438,11903,11903,8117,2070.50461481,7146434033.23,0.108694,819091008.0
2018-01-14,144632551.713,9536,9536,7676,1442.62070887,6748031823.8,0.102634,714278976.0
2018-01-15,191316470.615,9831,9831,8350,1573.77571,5581356685.18,0.08489,1013430016.0
2018-01-16,147433207.037,7714,7714,6822,1084.10679749,4999812121.09,0.076045,695308992.0
2018-01-17,99962750.5109,7948,7948,6806,727.951053461,3536985085.45,0.053796,1326569984.0
2018-01-18,102433946.106,9359,9359,7701,982.074768,5025271889.04,0.076432,1392329984.0
2018-01-19,193951110.864,6709,6709,5590,1201.193584,5418256255.64,0.082409,706521984.0
2018-01-20,46421517.3155,5077,5077,4390,802.9975415,5336010593.83,0.081158,626438976.0
2018-01-21,132055599.463,4563,4563,3840,937.7914,5579925437.06,0.084868,561259008.0
2018-01-22,57574687.7422,5018,5018,4409,653.28523523,4730365332.21,0.071947,623766976.0
2018-01-23,26616641.1094,3791,3791,3438,467.297103279,4681908302.94,0.07121,409592000.0
2018-01-24,42372494.6304,5946,5946,4491,970.447470542,4510050202.5,0.068596,505468992.0
2018-01-25,40803227.8029,4412,4412,3342,834.900048258,4684669772.41,0.071252,362497984.0
2018-01-26,40330670.8882,4616,4616,3765,686.0,4510326004.19,0.0686,381401984.0
2018-01-27,25691681.9543,4272,4272,3425,654.377295,4371919669.26,0.066495,282556992.0
2018-01-28,24565317.6401,4301,4301,3523,682.2684,4531095514.02,0.068916,276320992.0
2018-01-29,81947660.9257,6817,6817,5399,1210.86258158,4301963260.34,0.065431,256876000.0
2018-01-30,68794702.6671,5986,5986,5118,1268.46922196,4212181455.69,0.064065,267126000.0
2018-01-31,57333031.4364,3958,3958,3246,769.151352519,3547640969.53,0.053958,251080992.0
2018-02-01,111853622.572,3671,3671,3174,657.036,3599941932.65,0.054753,288656000.0
2018-02-02,96938628.5185,4134,4134,3484,666.164126669,3027185698.11,0.046042,363928992.0
2018-02-03,19905006.3344,3462,3462,2880,417.678324254,2697983145.3,0.041035,241928992.0
2018-02-04,13437330.9008,2609,2609,2249,477.75325,2927438269.77,0.044525,169960992.0
2018-02-05,14095307.2676,3513,3513,3089,426.786098689,2484607718.39,0.03779,167296992.0
2018-02-06,31733719.2959,4287,4287,3304,426.565249,1996553467.56,0.030367,271110016.0
2018-02-07,16157226.9354,3144,3144,2391,453.338947565,2382371203.47,0.036235,204200000.0
2018-02-08,3686663.16699,985,985,790,351.475012,2147873648.52,0.032668,193436992.0
2018-02-09,21486581.3583,3645,3645,2632,735.838745957,2418522050.53,0.036785,176363008.0
2018-02-10,22227088.9054,5061,5061,4021,494.947244858,3118061488.18,0.047424,470408992.0
2018-02-11,18578948.9332,3389,3389,2548,557.830366574,3192987688.53,0.048564,273583008.0
2018-02-12,18528168.4476,3854,3854,3266,417.381591,2801088466.25,0.042603,219120000.0
2018-02-13,10172337.8333,2398,2398,2035,441.750096529,3031174934.56,0.046103,178960992.0
2018-02-14,42013987.3826,2326,2326,1970,417.287187333,2846555599.68,0.043295,186660000.0
2018-02-15,52705001.3458,2263,2263,1885,459.22,3019288494.52,0.045922,178912992.0
2018-02-16,37769838.2113,2949,2949,2105,696.521256544,3056544409.33,0.046489,310512992.0
2018-02-17,19285314.0737,2899,2899,2423,434.55546,3429078244.97,0.052155,231988000.0
2018-02-18,11606778.0659,2164,2164,1890,488.238304718,3611862391.05,0.054935,195043008.0
2018-02-19,9637374.47688,2248,2248,2059,390.91842828,3258151678.53,0.049555,178480992.0
2018-02-20,12028140.817,2430,2430,2203,480.990862958,3388464596.06,0.051537,198212992.0
2018-02-21,36871343.1519,1952,1952,1829,395.362847937,3084181961.3,0.046909,179052992.0
2018-02-22,634217292.276,2071,2071,1872,436.16241,2923259133.53,0.044461,162732992.0
2018-02-23,10780941.3391,1745,1745,1570,347.345748608,2648002276.24,0.040275,159880992.0
2018-02-24,14631526.1235,1863,1863,1692,372.722574752,2817718304.98,0.042856,194792992.0
2018-02-25,7482593.22758,1623,1623,1517,294.881543745,2683927153.44,0.040821,182260000.0
2018-02-26,98880089.2336,2003,2003,1792,369.896369018,2623262009.5,0.039899,189976000.0
2018-02-27,13683966.5458,2014,2014,1820,326.2146208,2747761320.31,0.041792,219795008.0
2018-02-28,11010021.8999,2285,2285,1939,435.958242554,2809847162.2,0.042736,298758016.0
2018-03-01,58227978.4628,3213,3213,2366,802.500846208,2860955133.2,0.043514,318231008.0
2018-03-02,329903431.959,21036,21036,11953,1739.43192316,3201906736.46,0.0487,824566016.0
2018-03-03,157522797.773,11167,11167,7816,1055.50741835,3453416750.48,0.052525,399204992.0
2018-03-04,44841490.4218,4212,4212,2704,810.769622908,3207788563.18,0.048789,314648992.0
2018-03-05,42447491.8952,5694,5694,3810,672.900550452,3139825069.26,0.047755,284713984.0
2018-03-06,36786823.641,3851,3851,2490,790.331135507,3073347491.61,0.046744,262251008.0
2018-03-07,30961718.0876,4680,4680,2842,947.850108,2889253539.46,0.043944,290193984.0
2018-03-08,31402771.7079,7252,7252,4299,411.674421888,2530523379.47,0.038488,236262000.0
2018-03-09,29873799.6543,4478,4478,2732,788.752822039,2390775663.54,0.036363,295228992.0
2018-03-10,11191740.3174,3216,3216,2211,407.015938,2428783116.66,0.036941,253447008.0
2018-03-11,14437752.5823,2897,2897,2037,477.745874412,2284797731.91,0.034751,266342000.0
2018-03-12,41592900.2197,3557,3557,2347,578.415,2535309033.55,0.038561,228564992.0
2018-03-13,23874565.3527,3414,3414,2288,559.90302064,2364857464.73,0.035968,200526000.0
2018-03-14,136205823.529,11422,11422,9189,713.623986657,2347314011.04,0.035701,197406000.0
2018-03-15,36919552.8231,5938,5938,3440,838.2878921,2041277354.03,0.031047,169547008.0
2018-03-16,40537897.0559,7714,7714,4212,695.634975019,1975647757.37,0.030049,149356000.0
2018-03-17,19670694.3881,4031,4031,2463,668.58506,1983235471.33,0.030164,116472000.0
2018-03-18,18748924.2184,3651,3651,2345,750.1182,1859687624.33,0.028285,127381000.0
2018-03-19,36337063.2935,6054,6054,3453,726.467977964,1904719250.28,0.02897,183591008.0
2018-03-20,23699311.9918,4638,4638,2841,537.879461095,2151835073.62,0.032728,250396992.0
2018-03-21,159941331.719,6968,6968,4095,1137.3973027,2504053651.78,0.038085,232926000.0
2018-03-22,24513959.7141,4156,4156,2946,631.947512314,2443162853.24,0.037159,227472000.0
2018-03-23,29721535.65,4738,4738,3308,700.169596388,2488784479.32,0.037853,230134000.0
2018-03-24,59987408.2874,11174,11174,7408,1146.26587265,2742795305.86,0.041717,706931008.0
2018-03-25,78291160.6004,7934,7934,4711,1451.77979061,3249137004.51,0.049418,320430016.0
2018-03-26,57841882.2179,6581,6581,3578,1742.51892354,2981102229.69,0.045341,327374016.0
2018-03-27,74806073.255,6171,6171,4350,379.138309431,2917451317.96,0.044373,274910016.0
2018-03-28,25925534.956,4281,4281,2637,995.596165689,2817590355.87,0.042854,280836000.0
2018-03-29,60125273.3832,7470,7470,4398,1277.82156894,3219448452.49,0.048966,483100992.0
2018-03-30,45238503.5319,5474,5474,3159,1152.99272697,2802938355.3,0.042631,349432992.0
2018-03-31,53481096.3101,6182,6182,2950,1438.56824527,2714282630.24,0.041283,358492000.0
2018-04-01,21614793.4832,4034,4034,2151,1172.49263704,2232452101.23,0.033955,219372992.0
2018-04-02,27474062.1705,4051,4051,2229,966.000114,2121759919.41,0.032271,241103008.0
2018-04-03,33116653.9302,4626,4626,2693,963.218134541,2346605252.02,0.035691,240608000.0
2018-04-04,25628222.0157,3319,3319,1913,806.74984,2280433009.13,0.034684,157468992.0
2018-04-05,417880887.48,58016,58016,42665,963.92709959,1978735387.35,0.030096,1488739968.0
2018-04-06,189015378.415,18465,18465,13350,1274.4773136,2583527292.7,0.039294,661966976.0
2018-04-07,143290005.078,11214,11214,7587,1005.55382454,2424698441.61,0.036879,245334000.0
2018-04-08,41193128.1463,4777,4777,2839,954.720078758,2431167923.88,0.036977,215712992.0
2018-04-09,71896162.2747,5942,5942,3121,1135.89910178,2475101507.62,0.037645,295115008.0
2018-04-10,51771533.9266,5338,5338,2894,774.523879573,2353230922.19,0.035792,303561984.0
2018-04-11,32964760.8107,4818,4818,2656,884.976765,2422883661.75,0.036851,301439008.0
2018-04-12,82587648.9399,6699,6699,3257,864.829704,2376352018.5,0.036143,415956992.0
2018-04-13,57571373.9034,7090,7090,3740,1000.780581,2591376141.23,0.039414,484566016.0
2018-04-14,26672434.7659,4092,4092,2544,653.620193257,2543440271.53,0.038685,307575008.0
2018-04-15,26734614.825,4391,4391,2711,844.30665,2634000849.19,0.040062,306262016.0
2018-04-16,20840441.7143,4151,4151,2889,681.60717996,2820469330.01,0.042898,296337984.0
2018-04-17,31186804.586,5503,5503,3488,769.798562,2713753308.11,0.041275,359111008.0
2018-04-18,32869777.3605,6990,6990,4032,911.082710082,2761826801.22,0.042006,475425984.0
2018-04-19,77334741.7933,8827,8827,5077,1094.22301324,3118373500.54,0.047429,587153984.0
2018-04-20,38023551.2391,7049,7049,4201,876.448238445,3230479755.21,0.049134,477675008.0
2018-04-21,53152152.4507,6333,6333,3694,1062.394541,3527958204.6,0.053659,715849024.0
2018-04-22,43577886.0203,5509,5509,4076,944.01091653,3511409398.19,0.053407,319432000.0
2018-04-23,38191510.3035,6655,6655,4284,1059.2544104,3447144053.4,0.05243,472464000.0
2018-04-24,119049091.249,13833,13833,8210,1042.521583,3836336566.15,0.058349,1561020032.0
2018-04-25,186729013.749,12026,12026,6676,1727.06782116,4712863466.22,0.071681,2124440064.0
2018-04-26,64890427.7412,7148,7148,4458,971.783938,4601243926.44,0.069983,759337024.0
2018-04-27,78999386.074,10750,10750,6430,877.158528,4924132422.57,0.074894,717529984.0
2018-04-28,110024050.404,8237,8237,5500,917.518117058,4852676818.6,0.073807,718297984.0
2018-04-29,61850283.1569,9588,9588,6514,732.183452165,5371369779.59,0.081696,1161459968.0
2018-04-30,108005121.161,16538,16538,11111,717.248,5894693839.71,0.089656,1749639936.0
2018-05-01,165519399.375,81029,81029,77747,4.593505,6163583133.43,0.093745,1043369984.0
2018-05-02,156129308.154,127036,127036,124493,4.359908,6099051155.28,0.092764,401505984.0
2018-05-03,131889139.132,48300,48300,45552,4.931388,6004276549.59,0.091322,789150976.0
2018-05-04,81991702.43,22262,22262,19957,5.74761,5725707280.84,0.087085,727056000.0
2018-05-05,34431795.2593,121117,121117,119428,4.051964,5668289216.28,0.086212,476743008.0
2018-05-06,34005056.2918,238357,238357,236549,4.006508,5726529028.02,0.087098,388707008.0
2018-05-07,75223358.6545,4978,4978,4179,290.349256323,5586367501.44,0.084966,412406016.0
2018-05-08,29853172.7842,4755,4755,3798,615.86252,5483721251.29,0.083405,372063008.0
2018-05-09,36794239.0011,5483,5483,4083,854.6837,5455726026.56,0.082979,357911008.0
2018-05-10,41182267.3232,6315,6315,4507,988.9091539,5326042802.43,0.081007,352612992.0
2018-05-11,58288577.5103,6434,6434,4091,1472.02,4839141444.43,0.073601,836388992.0
2018-05-12,42293988.4825,4963,4963,3237,1078.39384974,4351328863.09,0.066182,615174016.0
2018-05-13,41829401.0395,5319,5319,3572,974.951236863,4546673151.49,0.069153,601064000.0
2018-05-14,55603273.4482,5797,5797,3936,1063.837624,5003971026.24,0.076108,463712000.0
2018-05-15,74490292.9568,4836,4836,3637,904.355077881,4788991781.36,0.072839,287628000.0
2018-05-16,42383991.7438,5144,5144,3495,998.128237413,4483441943.19,0.068191,492396000.0
2018-05-17,76640231.1448,4371,4371,3246,946.348798936,4728071193.31,0.071912,304225984.0
2018-05-18,39692300.4055,4220,4220,2994,844.73443395,4406616634.09,0.067023,263304992.0
2018-05-19,30959369.4225,4088,4088,3216,789.194657944,4568231331.53,0.069481,206880992.0
2018-05-20,198766356.987,6230,6230,3914,1724.6249275,4554305945.81,0.069269,470467008.0
2018-05-21,145463621.686,8235,8235,5743,1400.40129113,5108597267.55,0.0777,802233024.0
2018-05-22,308486203.898,6731,6731,4921,1588.53851855,5408001108.8,0.082253,498436000.0
2018-05-23,93091936.5412,6298,6298,4506,1501.44,4935835170.47,0.075072,608060032.0
2018-05-24,92907886.7992,7188,7188,5294,1357.68215887,4608075292.31,0.070087,587902016.0
2018-05-25,59217779.1862,5658,5658,4605,1153.9696248,4812814016.0,0.073201,301519008.0
2018-05-26,37249575.3543,5676,5676,4535,1282.17944328,4672533823.56,0.071067,334004992.0
2018-05-27,61202037.2749,5606,5606,4457,1384.30616234,4798383325.65,0.072981,311443008.0
2018-05-28,119085223.51,8796,8796,6008,1487.87017751,4645131543.87,0.070651,493598016.0
2018-05-29,68971059.4767,8399,8399,6216,916.386876845,4017037093.66,0.061097,569742976.0
2018-05-30,72432464.8051,7556,7556,5738,1330.99096176,4280886989.61,0.06511,463945984.0
2018-05-31,82071090.7498,7101,7101,5236,1300.90076419,4105055879.37,0.062436,371256992.0
2018-06-01,46097642.0958,5176,5176,3678,1487.59973928,3985131331.03,0.060612,268287008.0
2018-06-02,50451060.9357,4673,4673,3423,1307.59836988,3867119324.0,0.058817,297120992.0
2018-06-03,29666372.0516,4672,4672,3625,840.033226388,4020983214.96,0.061157,250455008.0
2018-06-04,38647433.5894,9894,9894,5626,361.316868,4077559497.54,0.062018,216791008.0
2018-06-05,46397729.7657,7943,7943,4918,399.61656,3893609599.21,0.05922,220480992.0
2018-06-06,46923095.8435,4804,4804,3318,844.962968406,3985743112.41,0.060621,188314000.0
2018-06-07,24337141.4661,4560,4560,3199,1054.0977447,3907614163.19,0.059433,164796000.0
2018-06-08,27256610.6596,154034,154034,152375,0.11736,3858072388.33,0.05868,176148000.0
2018-06-09,23016847.4804,4925,4925,4145,734.7756,3795000923.15,0.05772,171568992.0
2018-06-10,55662902.2722,4954,4954,3077,1366.32756657,3756699951.56,0.057138,330216000.0
2018-06-11,34508379.0267,5820,5820,4238,515.02157965,3146736845.43,0.04786,254203008.0
2018-06-12,29113643.3088,4788,4788,3223,523.035171164,3206674191.81,0.048772,199435008.0
2018-06-13,38644665.8272,7225,7225,5910,286.380396498,2893428963.7,0.044008,242384000.0
2018-06-14,37246592.4122,7296,7296,5728,91.212,2725910707.04,0.04146,283351008.0
2018-06-15,239620145.662,4683,4683,3639,241.348138188,2999245601.29,0.045617,210247008.0
2018-06-16,11403789.1632,3277,3277,2741,376.909095876,2813940407.14,0.042799,137208000.0
2018-06-17,12375729.968,4356,4356,3856,180.405596296,2837899051.29,0.043163,114357000.0
2018-06-18,18902699.2469,4772,4772,3927,421.922494508,2798831364.86,0.042569,173063008.0
2018-06-19,117665141.049,10335,10335,8529,274.90813,2970368188.11,0.045178,360852000.0
2018-06-20,70920355.5591,13280,13280,12035,247.805018525,3259843924.09,0.049581,400321984.0
2018-06-21,36395360.9712,6752,6752,6503,261.011928798,3235188273.94,0.049206,214723008.0
2018-06-22,36531586.7236,6546,6546,6578,120.614779864,3196044408.76,0.048611,242306000.0
2018-06-23,41641182.0954,7946,7946,8015,45.182539923,2845440335.49,0.043278,151474000.0
2018-06-24,16112328.4237,2947,2947,2945,470.6034276,2905789855.19,0.044196,235740000.0
2018-06-25,2962525467.59,72430,71756,71376,95.8842029,2787147944.25,0.042391,146474000.0
2018-06-26,672203980.442,5493,4322,3887,30.23856228,2787829570.96,0.042402,93775000.0
2018-06-27,66358513.3372,35078,33755,33332,156.725050873,2510703819.43,0.038187,99853600.0
2018-06-28,15150038.0606,4741,3743,2780,128.686051926,2569903448.7,0.039087,104241000.0
2018-06-29,1585896033.3,3494,2783,2380,52.1348306015,2404138994.55,0.036566,149928992.0
2018-06-30,5703418894.55,2468,1516,1165,369.214906491,2451049370.25,0.037279,182466000.0
2018-07-01,2735347.33993,2166,1279,987,133.168533598,2527298333.99,0.038439,112292000.0
2018-07-02,994089276.699,4427,3359,2066,149.136715285,2474943644.81,0.037643,174376992.0
2018-07-03,51419190.9925,2504,1376,1095,155.05685405,2598970478.88,0.039529,182019008.0
2018-07-04,19644194.0677,2799,1619,1070,165.195728015,2554445633.2,0.038852,132730000.0
2018-07-05,13086219.9823,5632,2984,1578,78.2269110646,2577280649.42,0.039199,118836000.0
2018-07-06,34517687.3365,3527,1828,1198,108.715252349,2488112518.26,0.037843,119639000.0
2018-07-07,31018077.1483,3337,1622,1041,133.839877081,2427855185.18,0.036927,96368304.0
2018-07-08,933918.352252,4386,1656,1197,38.7736457406,2518823735.97,0.03831,104921000.0
2018-07-09,2085048.67303,6812,4958,1299,90.9952124273,2439445372.02,0.037103,144390000.0
2018-07-10,24556553.0281,12211,4429,2987,104.619997688,2355463796.54,0.035826,132760000.0
2018-07-11,500102748.663,12420,5282,3856,151.205703301,2204152822.82,0.033524,173036992.0
2018-07-12,11563849.7561,18173,11801,7898,98.0054589332,2207143562.5,0.03357,162156992.0
2018-07-13,546284140.171,12189,4336,2598,89.5966962538,2122185720.6,0.032278,179488000.0
2018-07-14,8006819.87604,15837,4985,3316,47.8938365515,2188945332.57,0.033293,170704000.0
2018-07-15,6898641.79051,18601,6617,4362,65.2896866249,2197380427.88,0.033421,180511008.0
2018-07-16,81907862.9205,26519,12435,5501,116.634262218,2261985975.42,0.034404,211212000.0
2018-07-17,46913434.744,20946,8761,5785,33.7161422322,2462607909.73,0.037455,228396992.0
2018-07-18,18118918.2536,22378,9530,6253,49.6254508629,2606597030.91,0.039645,284600992.0
2018-07-19,19388466.2347,50070,11873,5945,42.499122912,2594150650.94,0.039456,259096992.0
2018-07-20,19458633.2086,26808,9974,6565,1262.8768478,2492064954.64,0.037903,225139008.0
2018-07-21,11571451.4798,23115,8331,5822,347.374416352,2296923183.69,0.034935,210056992.0
2018-07-22,6930271.12567,22347,9059,6252,116.309298567,2336964187.62,0.035544,189920992.0
2018-07-23,11538319.8168,26713,14743,6393,42.2924788936,2307371004.74,0.035094,194284000.0
2018-07-24,30724646.68,32417,18208,11970,2.71635686256,2240683884.99,0.03408,323728992.0
2018-07-25,12414282.3541,42044,19537,15478,3.36079863583,2485199482.77,0.037799,221752992.0
2018-07-26,12068823.3217,30154,18994,15346,3.19757309313,2438853678.03,0.037094,190784992.0
2018-07-27,14395095.1649,28926,17801,14989,21.7029898099,2362796360.58,0.035937,218420992.0
2018-07-28,7717569.06869,28499,18073,15053,25.5139574284,2400187512.86,0.036506,183664000.0
2018-07-29,16711717.4443,30330,19561,16098,0.413903774552,2418741531.66,0.036788,310647008.0
2018-07-30,63997434.5683,30951,22067,16479,17.554104,2570495225.12,0.039096,254606000.0
2018-07-31,28886951.8455,31986,22091,17368,179.844098166,2399674579.18,0.036498,211254000.0
2018-08-01,13619031.9176,37960,25349,22556,38.3450202678,2233286632.85,0.033967,140270000.0
2018-08-02,13625583.2922,38245,25116,25202,0.475261640325,2148423796.12,0.032677,148160000.0
2018-08-03,10216506.9081,39618,25800,27386,51.7698147079,2072892916.48,0.031528,154910000.0
2018-08-04,7278328.47892,53898,29605,29457,0.182017039942,2011722784.36,0.030597,128197000.0
2018-08-05,29779545.2388,51793,28786,29364,4.87647695487,1902218093.89,0.028932,124479000.0
2018-08-06,10177099.0042,128653,31281,30546,42.1782118023,1997341382.77,0.030379,118348000.0
2018-08-07,5895030.92495,216122,30107,31191,1.45304740439,1920706478.21,0.029213,116330000.0
2018-08-08,11901058.3714,128271,33490,32310,29.3324336205,1829828220.44,0.027831,147343000.0
2018-08-09,7413535.77077,186162,33279,32970,62.6495652122,1612826047.01,0.02453,142877000.0
2018-08-10,6925727.59108,228121,31620,33126,38.6470135834,1700509160.01,0.025864,134155000.0
2018-08-11,6589709.86911,308965,30624,33049,89.6021415123,1566081971.9,0.023819,119307000.0
2018-08-12,4305091.72097,242421,31272,33671,53.0746365128,1487998082.99,0.022632,101854000.0
2018-08-13,7152518.79642,304430,32787,34366,120.732268683,1488223879.21,0.022635,124043000.0
2018-08-14,8737707.35267,174280,33412,35519,143.42118197,1278451906.61,0.019445,108349000.0
2018-08-15,7658481.76778,196455,35025,36676,48.1349991694,1259668071.29,0.019159,136496000.0
2018-08-16,10180660.6495,193029,33780,36633,42.3902489184,1278136743.24,0.01944,103582000.0
2018-08-17,70069898.8628,373825,57701,39692,44.4563541087,1283167705.59,0.019516,152305000.0
2018-08-18,58838549.1564,308721,63332,42767,3.50584926885,1538761687.44,0.023404,141608000.0
2018-08-19,84247820.423,416755,87014,44082,884.274895195,1418193137.98,0.02157,97137100.0
2018-08-20,42013073.914,335435,64453,48621,10.0450970679,1461996238.44,0.022236,99473200.0
2018-08-21,4341132.26986,206854,46388,48857,20.6440611102,1354016611.33,0.020594,98379000.0
2018-08-22,295345562.636,228139,48566,54560,189.853191418,1380578848.59,0.020998,96828800.0
2018-08-23,7127700.94803,174721,35940,32957,67.8751290438,1294495873.66,0.019689,82585900.0
2018-08-24,9025882.00382,144647,26977,14230,9.67074547477,1367823714.47,0.020804,90424900.0
2018-08-25,6661835.79041,147527,27849,13708,26.2248869282,1418753257.48,0.021579,88818800.0
2018-08-26,5682361.14648,137101,26086,14254,51.1883280581,1475196861.05,0.022437,97504300.0
2018-08-27,36957815.7376,301241,63472,75964,60.3314314138,1498004975.87,0.022784,107457000.0
2018-08-28,19612678.0558,320419,68277,81282,26.2091195856,1609525763.38,0.02448,166567000.0
2018-08-29,11545695.8815,345569,71899,85085,26.8369008588,1759917764.71,0.026768,143515000.0
2018-08-30,11290759.0999,394857,64584,81069,35.6235422567,1671303572.16,0.02542,119155000.0
2018-08-31,15512771.9514,440325,67183,82136,25.1304009669,1636727033.64,0.024894,106949000.0
2018-09-01,5502771.52548,356294,69843,83474,49.2521543264,1668865488.61,0.025383,109153000.0
2018-09-02,6525011.48896,238383,69644,84238,48.4549635971,1747162989.38,0.026574,104754000.0
2018-09-03,5549022.55336,264227,68377,84179,67.2826753881,1685933280.18,0.025642,91449300.0
2018-09-04,5340650.82765,275429,72630,85534,5.4967707362,1647588453.09,0.025059,96674400.0
2018-09-05,9454234.24022,261960,71581,84924,2.23997035122,1661454781.3,0.02527,150148000.0
2018-09-06,18143867.1661,351369,71176,85102,26.8482489134,1424051508.79,0.021659,142361000.0
2018-09-07,11036229.7253,313449,69049,84404,2.77133717061,1420107254.13,0.021599,110765000.0
2018-09-08,2342574.1263,69783,15946,22855,2.10720437854,1353995577.77,0.020594,98754400.0
