Date(UTC),UnixTimeStamp,Price,Transaction Count,Transaction Date,
1/1/2016,1451606400,0.92,8233,2016-01-01 00:00:04 UTC,
1/2/2016,1451692800,0.95,9164,2016-01-02 00:00:24 UTC,
1/3/2016,1451779200,0.96,9258,2016-01-03 00:00:06 UTC,
1/4/2016,1451865600,0.95,9474,2016-01-04 00:00:29 UTC,
1/5/2016,1451952000,0.94,16432,2016-01-05 00:00:06 UTC,
1/6/2016,1452038400,0.95,17072,2016-01-06 00:00:41 UTC,
1/7/2016,1452124800,0.94,22075,2016-01-07 00:00:25 UTC,
1/8/2016,1452211200,0.99,10919,2016-01-08 00:00:34 UTC,
1/9/2016,1452297600,0.99,11793,2016-01-09 00:00:22 UTC,
1/10/2016,1452384000,1,10320,2016-01-10 00:00:05 UTC,
1/11/2016,1452470400,1.08,10893,2016-01-11 00:00:08 UTC,
1/12/2016,1452556800,1.22,10862,2016-01-12 00:00:35 UTC,
1/13/2016,1452643200,1.14,17665,2016-01-13 00:00:40 UTC,
1/14/2016,1452729600,1.16,10653,2016-01-14 00:00:28 UTC,
1/15/2016,1452816000,1.2,9875,2016-01-15 00:00:38 UTC,
1/16/2016,1452902400,1.22,10664,2016-01-16 00:00:07 UTC,
1/17/2016,1452988800,1.31,9747,2016-01-17 00:00:12 UTC,
1/18/2016,1453075200,1.47,12918,2016-01-18 00:00:02 UTC,
1/19/2016,1453161600,1.22,13418,2016-01-19 00:00:09 UTC,
1/20/2016,1453248000,1.54,10610,2016-01-20 00:00:28 UTC,
1/21/2016,1453334400,1.54,10734,2016-01-21 00:00:05 UTC,
1/22/2016,1453420800,1.52,13848,2016-01-22 00:00:04 UTC,
1/23/2016,1453507200,2.03,11025,2016-01-23 00:00:24 UTC,
1/24/2016,1453593600,2.1,12798,2016-01-24 00:01:18 UTC,
1/25/2016,1453680000,2.5,17121,2016-01-25 00:00:04 UTC,
1/26/2016,1453766400,2.3,16511,2016-01-26 00:00:08 UTC,
1/27/2016,1453852800,2.42,18747,2016-01-27 00:00:20 UTC,
1/28/2016,1453939200,2.55,16765,2016-01-28 00:01:02 UTC,
1/29/2016,1454025600,2.41,16395,2016-01-29 00:00:05 UTC,
1/30/2016,1454112000,2.44,14661,2016-01-30 00:00:11 UTC,
1/31/2016,1454198400,2.2,14166,2016-01-31 00:00:06 UTC,
2/1/2016,1454284800,2.17,14199,2016-02-01 00:00:03 UTC,
2/2/2016,1454371200,2.45,14291,2016-02-02 00:00:05 UTC,
2/3/2016,1454457600,2.53,14274,2016-02-03 00:00:03 UTC,
2/4/2016,1454544000,2.57,14371,2016-02-04 00:00:17 UTC,
2/5/2016,1454630400,2.56,15249,2016-02-05 00:00:04 UTC,
2/6/2016,1454716800,2.53,31418,2016-02-06 00:00:03 UTC,
2/7/2016,1454803200,3,14264,2016-02-07 00:00:15 UTC,
2/8/2016,1454889600,3.16,14719,2016-02-08 00:00:14 UTC,
2/9/2016,1454976000,3.76,15517,2016-02-09 00:00:16 UTC,
2/10/2016,1455062400,4.35,17141,2016-02-10 00:00:42 UTC,
2/11/2016,1455148800,6.38,21448,2016-02-11 00:00:24 UTC,
2/13/2016,1455321600,5.22,18101,2016-02-12 00:00:03 UTC,
2/12/2016,1455235200,5.27,19327,2016-02-13 00:00:31 UTC,
2/14/2016,1455408000,5.2,16624,2016-02-14 00:00:39 UTC,
2/15/2016,1455494400,5.22,17159,2016-02-15 00:00:06 UTC,
2/16/2016,1455580800,4.25,17549,2016-02-16 00:00:37 UTC,
2/17/2016,1455667200,3.86,19990,2016-02-17 00:00:16 UTC,
2/18/2016,1455753600,4.36,16969,2016-02-18 00:00:30 UTC,
2/19/2016,1455840000,4.45,18412,2016-02-19 00:00:38 UTC,
2/20/2016,1455926400,4.37,16717,2016-02-20 00:00:08 UTC,
2/21/2016,1456012800,4.63,17116,2016-02-21 00:00:03 UTC,
2/22/2016,1456099200,5.6,18190,2016-02-22 00:00:09 UTC,
2/23/2016,1456185600,5.7,18482,2016-02-23 00:00:01 UTC,
2/24/2016,1456272000,6.23,19540,2016-02-24 00:00:50 UTC,
2/25/2016,1456358400,5.93,19503,2016-02-25 00:00:13 UTC,
2/26/2016,1456444800,6.03,21068,2016-02-26 00:00:13 UTC,
2/27/2016,1456531200,6.31,18981,2016-02-27 00:00:01 UTC,
2/28/2016,1456617600,6.5,19063,2016-02-28 00:00:16 UTC,
2/29/2016,1456704000,6.35,20358,2016-02-29 00:00:50 UTC,
3/1/2016,1456790400,7.59,21778,2016-03-01 00:00:21 UTC,
3/2/2016,1456876800,8.7,23562,2016-03-02 00:00:25 UTC,
3/3/2016,1456963200,9.35,24837,2016-03-03 00:00:03 UTC,
3/4/2016,1457049600,9.96,24287,2016-03-04 00:00:07 UTC,
3/5/2016,1457136000,11,27115,2016-03-05 00:00:18 UTC,
3/6/2016,1457222400,10.98,27661,2016-03-06 00:00:11 UTC,
3/7/2016,1457308800,9.5,23271,2016-03-07 00:00:11 UTC,
3/8/2016,1457395200,9.88,24105,2016-03-08 00:00:49 UTC,
3/9/2016,1457481600,11.55,24557,2016-03-09 00:00:10 UTC,
3/10/2016,1457568000,11.11,24814,2016-03-10 00:00:19 UTC,
3/11/2016,1457654400,11.25,23124,2016-03-11 00:00:34 UTC,
3/12/2016,1457740800,13.25,27887,2016-03-12 00:00:01 UTC,
3/13/2016,1457827200,15,28127,2016-03-13 00:00:52 UTC,
3/14/2016,1457913600,12.5,28528,2016-03-14 00:00:05 UTC,
3/15/2016,1458000000,13.09,29273,2016-03-15 00:00:15 UTC,
3/16/2016,1458086400,12.92,27596,2016-03-16 00:00:02 UTC,
3/17/2016,1458172800,11.14,33531,2016-03-17 00:00:28 UTC,
3/18/2016,1458259200,10.75,31821,2016-03-18 00:00:06 UTC,
3/19/2016,1458345600,10.55,34780,2016-03-19 00:00:04 UTC,
3/20/2016,1458432000,10.06,32446,2016-03-20 00:00:16 UTC,
3/21/2016,1458518400,11.97,32526,2016-03-21 00:00:03 UTC,
3/22/2016,1458604800,10.96,32875,2016-03-22 00:00:14 UTC,
3/23/2016,1458691200,12.29,31786,2016-03-23 00:00:57 UTC,
3/24/2016,1458777600,11.13,36947,2016-03-24 00:00:11 UTC,
3/25/2016,1458864000,10.69,36762,2016-03-25 00:00:15 UTC,
3/26/2016,1458950400,11,36646,2016-03-26 00:01:07 UTC,
3/27/2016,1459036800,10.5,29974,2016-03-27 00:00:35 UTC,
3/28/2016,1459123200,11.58,33613,2016-03-28 00:00:07 UTC,
3/29/2016,1459209600,11.73,33945,2016-03-29 00:00:02 UTC,
3/30/2016,1459296000,11.88,36737,2016-03-30 00:00:03 UTC,
3/31/2016,1459382400,11.41,32259,2016-03-31 00:00:07 UTC,
4/1/2016,1459468800,11.63,33320,2016-04-01 00:00:11 UTC,
4/2/2016,1459555200,11.61,29358,2016-04-02 00:00:06 UTC,
4/3/2016,1459641600,11.58,29588,2016-04-03 00:01:18 UTC,
4/4/2016,1459728000,11.1,34907,2016-04-04 00:00:07 UTC,
4/5/2016,1459814400,10.39,39173,2016-04-05 00:00:03 UTC,
4/6/2016,1459900800,10.79,32078,2016-04-06 00:00:26 UTC,
4/7/2016,1459987200,10.08,31893,2016-04-07 00:00:23 UTC,
4/8/2016,1460073600,9.74,34010,2016-04-08 00:00:06 UTC,
4/9/2016,1460160000,9.16,31923,2016-04-09 00:00:19 UTC,
4/10/2016,1460246400,8.8,32237,2016-04-10 00:00:19 UTC,
4/11/2016,1460332800,8.72,30327,2016-04-11 00:00:05 UTC,
4/12/2016,1460419200,7.53,34673,2016-04-12 00:00:04 UTC,
4/13/2016,1460505600,8.02,36051,2016-04-13 00:00:17 UTC,
4/14/2016,1460592000,8.48,34781,2016-04-14 00:00:01 UTC,
4/15/2016,1460678400,8.22,34959,2016-04-15 00:00:28 UTC,
4/16/2016,1460764800,8.48,30483,2016-04-16 00:00:16 UTC,
4/17/2016,1460851200,9.45,40203,2016-04-17 00:00:21 UTC,
4/18/2016,1460937600,8.92,33513,2016-04-18 00:00:05 UTC,
4/19/2016,1461024000,8.77,32622,2016-04-19 00:00:11 UTC,
4/20/2016,1461110400,8.54,32944,2016-04-20 00:00:07 UTC,
4/21/2016,1461196800,8.15,37181,2016-04-21 00:00:04 UTC,
4/22/2016,1461283200,7.83,31678,2016-04-22 00:01:09 UTC,
4/23/2016,1461369600,8.31,31845,2016-04-23 00:00:12 UTC,
4/24/2016,1461456000,8,34046,2016-04-24 00:00:02 UTC,
4/25/2016,1461542400,7.43,35430,2016-04-25 00:00:07 UTC,
4/26/2016,1461628800,7.5,32582,2016-04-26 00:00:23 UTC,
4/27/2016,1461715200,7.77,33847,2016-04-27 00:00:13 UTC,
4/28/2016,1461801600,7.3,34343,2016-04-28 00:00:10 UTC,
4/29/2016,1461888000,7.51,37332,2016-04-29 00:00:09 UTC,
4/30/2016,1461974400,8.83,45769,2016-04-30 00:00:12 UTC,
5/1/2016,1462060800,8.76,39578,2016-05-01 00:00:18 UTC,
5/2/2016,1462147200,10.03,41748,2016-05-02 00:00:30 UTC,
5/3/2016,1462233600,9.37,37821,2016-05-03 00:00:53 UTC,
5/4/2016,1462320000,9.43,37484,2016-05-04 00:00:24 UTC,
5/5/2016,1462406400,9.79,38707,2016-05-05 00:00:06 UTC,
5/6/2016,1462492800,9.27,41271,2016-05-06 00:00:10 UTC,
5/7/2016,1462579200,9.3,35864,2016-05-07 00:00:11 UTC,
5/8/2016,1462665600,9.44,40063,2016-05-08 00:00:06 UTC,
5/9/2016,1462752000,9.32,38560,2016-05-09 00:00:14 UTC,
5/10/2016,1462838400,9.39,40684,2016-05-10 00:00:05 UTC,
5/11/2016,1462924800,9.97,40811,2016-05-11 00:00:19 UTC,
5/12/2016,1463011200,10.1,45002,2016-05-12 00:00:02 UTC,
5/13/2016,1463097600,10.48,47739,2016-05-13 00:00:02 UTC,
5/14/2016,1463184000,10.14,45745,2016-05-14 00:00:17 UTC,
5/15/2016,1463270400,9.94,43073,2016-05-15 00:00:05 UTC,
5/16/2016,1463356800,11.04,37424,2016-05-16 00:00:06 UTC,
5/17/2016,1463443200,12.26,40309,2016-05-17 00:00:03 UTC,
5/18/2016,1463529600,13.29,46033,2016-05-18 00:00:19 UTC,
5/19/2016,1463616000,14.49,44523,2016-05-19 00:00:01 UTC,
5/20/2016,1463702400,13.73,45182,2016-05-20 00:00:02 UTC,
5/21/2016,1463788800,13.95,43616,2016-05-21 00:00:18 UTC,
5/22/2016,1463875200,14.21,38895,2016-05-22 00:00:21 UTC,
5/23/2016,1463961600,13.45,43806,2016-05-23 00:00:02 UTC,
5/24/2016,1464048000,12.62,42911,2016-05-24 00:00:20 UTC,
5/25/2016,1464134400,12.53,46443,2016-05-25 00:00:16 UTC,
5/26/2016,1464220800,12.37,51147,2016-05-26 00:00:01 UTC,
5/28/2016,1464393600,11.56,49006,2016-05-27 00:00:18 UTC,
5/27/2016,1464307200,11.11,70148,2016-05-28 00:00:12 UTC,
5/29/2016,1464480000,12.28,45890,2016-05-29 00:01:00 UTC,
5/30/2016,1464566400,12.48,42927,2016-05-30 00:00:25 UTC,
5/31/2016,1464652800,13.85,44386,2016-05-31 00:00:18 UTC,
6/1/2016,1464739200,13.83,42221,2016-06-01 00:00:27 UTC,
6/2/2016,1464825600,13.78,39666,2016-06-02 00:00:18 UTC,
6/3/2016,1464912000,13.78,39834,2016-06-03 00:00:11 UTC,
6/4/2016,1464998400,13.66,37875,2016-06-04 00:00:03 UTC,
6/5/2016,1465084800,13.85,37896,2016-06-05 00:00:47 UTC,
6/6/2016,1465171200,13.96,38957,2016-06-06 00:00:01 UTC,
6/7/2016,1465257600,14.41,46141,2016-06-07 00:00:46 UTC,
6/8/2016,1465344000,14.44,40433,2016-06-08 00:00:13 UTC,
6/9/2016,1465430400,14.49,39854,2016-06-09 00:00:05 UTC,
6/10/2016,1465516800,13.97,40145,2016-06-10 00:00:21 UTC,
6/11/2016,1465603200,14.01,36901,2016-06-11 00:00:26 UTC,
6/12/2016,1465689600,15.57,42581,2016-06-12 00:00:03 UTC,
6/13/2016,1465776000,17.55,46185,2016-06-13 00:00:44 UTC,
6/14/2016,1465862400,18.7,50335,2016-06-14 00:00:01 UTC,
6/15/2016,1465948800,18.3,43251,2016-06-15 00:00:10 UTC,
6/16/2016,1466035200,20.61,43392,2016-06-16 00:00:15 UTC,
6/17/2016,1466121600,15.49,66558,2016-06-17 00:00:11 UTC,
6/18/2016,1466208000,11.36,63083,2016-06-18 00:00:02 UTC,
6/19/2016,1466294400,12.33,51035,2016-06-19 00:00:31 UTC,
6/20/2016,1466380800,11.7,47118,2016-06-20 00:00:13 UTC,
6/21/2016,1466467200,12.71,47323,2016-06-21 00:00:19 UTC,
6/22/2016,1466553600,13.21,48617,2016-06-22 00:00:03 UTC,
6/24/2016,1466726400,14.25,41906,2016-06-23 00:00:25 UTC,
6/23/2016,1466640000,13.58,45331,2016-06-24 00:00:31 UTC,
6/25/2016,1466812800,14.28,36684,2016-06-25 00:00:44 UTC,
6/26/2016,1466899200,13.82,41613,2016-06-26 00:00:24 UTC,
6/27/2016,1466985600,14.04,39663,2016-06-27 00:00:18 UTC,
6/28/2016,1467072000,12.15,43089,2016-06-28 00:00:03 UTC,
6/29/2016,1467158400,12.76,49897,2016-06-29 00:00:02 UTC,
6/30/2016,1467244800,12.4,63952,2016-06-30 00:00:12 UTC,
7/1/2016,1467331200,12.23,40085,2016-07-01 00:00:19 UTC,
7/2/2016,1467417600,12.04,39257,2016-07-02 00:00:14 UTC,
7/3/2016,1467504000,11.85,39757,2016-07-03 00:00:37 UTC,
7/4/2016,1467590400,11.34,39950,2016-07-04 00:00:16 UTC,
7/5/2016,1467676800,10.45,39270,2016-07-05 00:00:10 UTC,
7/6/2016,1467763200,10.51,37900,2016-07-06 00:00:13 UTC,
7/7/2016,1467849600,10.07,40433,2016-07-07 00:00:32 UTC,
7/8/2016,1467936000,11.3,42506,2016-07-08 00:00:03 UTC,
7/9/2016,1468022400,10.92,40410,2016-07-09 00:00:37 UTC,
7/10/2016,1468108800,10.97,39358,2016-07-10 00:00:10 UTC,
7/11/2016,1468195200,10.58,38582,2016-07-11 00:00:17 UTC,
7/12/2016,1468281600,10.54,40811,2016-07-12 00:00:04 UTC,
7/13/2016,1468368000,10.44,35740,2016-07-13 00:00:16 UTC,
7/14/2016,1468454400,11.55,42809,2016-07-14 00:00:01 UTC,
7/15/2016,1468540800,11.88,41110,2016-07-15 00:00:03 UTC,
7/16/2016,1468627200,11.59,38062,2016-07-16 00:00:08 UTC,
7/17/2016,1468713600,11.19,33914,2016-07-17 00:00:13 UTC,
7/18/2016,1468800000,11.03,39198,2016-07-18 00:00:10 UTC,
7/19/2016,1468886400,11.63,44184,2016-07-19 00:00:15 UTC,
7/20/2016,1468972800,12.54,50631,2016-07-20 00:00:30 UTC,
7/21/2016,1469059200,12.66,44882,2016-07-21 00:00:35 UTC,
7/22/2016,1469145600,14.82,48458,2016-07-22 00:00:02 UTC,
7/23/2016,1469232000,14.4,45006,2016-07-23 00:00:05 UTC,
7/24/2016,1469318400,12.63,58215,2016-07-24 00:00:04 UTC,
7/25/2016,1469404800,13.84,54864,2016-07-25 00:00:03 UTC,
7/26/2016,1469491200,12.08,61922,2016-07-26 00:00:22 UTC,
7/27/2016,1469577600,13.05,53035,2016-07-27 00:00:03 UTC,
7/28/2016,1469664000,12.87,48555,2016-07-28 00:00:14 UTC,
7/29/2016,1469750400,12.87,47243,2016-07-29 00:00:12 UTC,
7/30/2016,1469836800,12.57,42023,2016-07-30 00:00:09 UTC,
7/31/2016,1469923200,11.86,48737,2016-07-31 00:01:18 UTC,
8/1/2016,1470009600,11.04,45978,2016-08-01 00:00:34 UTC,
8/2/2016,1470096000,8.3,49041,2016-08-02 00:00:07 UTC,
8/3/2016,1470182400,10.42,49475,2016-08-03 00:00:16 UTC,
8/4/2016,1470268800,11.21,46761,2016-08-04 00:00:05 UTC,
8/5/2016,1470355200,11.05,43212,2016-08-05 00:00:04 UTC,
8/6/2016,1470441600,10.95,41487,2016-08-06 00:00:04 UTC,
8/7/2016,1470528000,10.98,42955,2016-08-07 00:00:24 UTC,
8/8/2016,1470614400,11.29,42984,2016-08-08 00:00:10 UTC,
8/10/2016,1470787200,12.22,47062,2016-08-09 00:00:12 UTC,
8/9/2016,1470700800,12.22,46285,2016-08-10 00:00:14 UTC,
8/11/2016,1470873600,11.68,48171,2016-08-11 00:00:07 UTC,
8/12/2016,1470960000,11.78,44400,2016-08-12 00:00:01 UTC,
8/13/2016,1471046400,11.56,41088,2016-08-13 00:00:30 UTC,
8/14/2016,1471132800,11.21,40577,2016-08-14 00:00:04 UTC,
8/15/2016,1471219200,11.21,42302,2016-08-15 00:00:17 UTC,
8/16/2016,1471305600,11.17,48949,2016-08-16 00:00:28 UTC,
8/17/2016,1471392000,10.77,44867,2016-08-17 00:00:02 UTC,
8/18/2016,1471478400,10.77,47799,2016-08-18 00:00:28 UTC,
8/19/2016,1471564800,10.71,42948,2016-08-19 00:00:15 UTC,
8/20/2016,1471651200,11.28,41318,2016-08-20 00:00:16 UTC,
8/21/2016,1471737600,11.14,42543,2016-08-21 00:00:15 UTC,
8/22/2016,1471824000,11.07,44250,2016-08-22 00:00:31 UTC,
8/23/2016,1471910400,11.01,48434,2016-08-23 00:00:03 UTC,
8/24/2016,1471996800,11.01,46817,2016-08-24 00:00:29 UTC,
8/25/2016,1472083200,11.35,49868,2016-08-25 00:00:10 UTC,
8/26/2016,1472169600,11.26,47292,2016-08-26 00:00:08 UTC,
8/27/2016,1472256000,11.19,47938,2016-08-27 00:00:08 UTC,
8/28/2016,1472342400,10.99,42607,2016-08-28 00:00:08 UTC,
8/29/2016,1472428800,10.95,45510,2016-08-29 00:00:12 UTC,
8/30/2016,1472515200,11.21,46979,2016-08-30 00:00:01 UTC,
8/31/2016,1472601600,11.55,45846,2016-08-31 00:00:02 UTC,
9/1/2016,1472688000,12.21,47491,2016-09-01 00:00:07 UTC,
9/2/2016,1472774400,12.08,55413,2016-09-02 00:00:15 UTC,
9/3/2016,1472860800,11.85,44796,2016-09-03 00:00:15 UTC,
9/4/2016,1472947200,11.71,48124,2016-09-04 00:00:07 UTC,
9/5/2016,1473033600,11.75,42667,2016-09-05 00:00:05 UTC,
9/6/2016,1473120000,11.7,49102,2016-09-06 00:00:29 UTC,
9/7/2016,1473206400,11.59,48701,2016-09-07 00:00:19 UTC,
9/8/2016,1473292800,11.39,55970,2016-09-08 00:00:07 UTC,
9/9/2016,1473379200,11.72,53918,2016-09-09 00:00:02 UTC,
9/10/2016,1473465600,12.05,42875,2016-09-10 00:00:12 UTC,
9/11/2016,1473552000,11.64,43345,2016-09-11 00:00:24 UTC,
9/12/2016,1473638400,11.89,45123,2016-09-12 00:00:17 UTC,
9/13/2016,1473724800,11.92,42591,2016-09-13 00:00:36 UTC,
9/14/2016,1473811200,11.97,53859,2016-09-14 00:00:14 UTC,
9/15/2016,1473897600,11.96,52622,2016-09-15 00:00:03 UTC,
9/16/2016,1473984000,12.61,57532,2016-09-16 00:00:06 UTC,
9/17/2016,1474070400,12.83,46882,2016-09-17 00:00:07 UTC,
9/18/2016,1474156800,12.39,37893,2016-09-18 00:00:03 UTC,
9/19/2016,1474243200,12.93,40505,2016-09-19 00:00:09 UTC,
9/20/2016,1474329600,14.72,54067,2016-09-20 00:00:28 UTC,
9/21/2016,1474416000,13.72,44550,2016-09-21 00:00:11 UTC,
9/22/2016,1474502400,13.11,52656,2016-09-22 00:00:03 UTC,
9/23/2016,1474588800,13.36,35219,2016-09-23 00:00:08 UTC,
9/24/2016,1474675200,12.91,43418,2016-09-24 00:00:23 UTC,
9/25/2016,1474761600,13.05,38713,2016-09-25 00:00:06 UTC,
9/26/2016,1474848000,12.89,43514,2016-09-26 00:00:01 UTC,
9/27/2016,1474934400,13.09,46817,2016-09-27 00:00:16 UTC,
9/29/2016,1475107200,13.17,42797,2016-09-28 00:00:29 UTC,
9/28/2016,1475020800,13.3,40416,2016-09-29 00:00:21 UTC,
9/30/2016,1475193600,13.24,35836,2016-09-30 00:00:13 UTC,
10/1/2016,1475280000,13.21,53076,2016-10-01 00:00:01 UTC,
10/2/2016,1475366400,13.23,51105,2016-10-02 00:00:04 UTC,
10/3/2016,1475452800,13.45,47672,2016-10-03 00:00:03 UTC,
10/4/2016,1475539200,13.32,56662,2016-10-04 00:01:05 UTC,
10/5/2016,1475625600,13.09,41719,2016-10-05 00:00:06 UTC,
10/6/2016,1475712000,12.87,36826,2016-10-06 00:00:31 UTC,
10/7/2016,1475798400,12.68,43708,2016-10-07 00:00:10 UTC,
10/8/2016,1475884800,12.24,37690,2016-10-08 00:00:14 UTC,
10/9/2016,1475971200,12.06,43940,2016-10-09 00:00:32 UTC,
10/10/2016,1476057600,11.74,44940,2016-10-10 00:00:12 UTC,
10/11/2016,1476144000,11.75,41063,2016-10-11 00:00:08 UTC,
10/12/2016,1476230400,11.77,30017,2016-10-12 00:00:18 UTC,
10/13/2016,1476316800,12.02,32219,2016-10-13 00:00:57 UTC,
10/14/2016,1476403200,11.9,42006,2016-10-14 00:00:16 UTC,
10/15/2016,1476489600,11.96,33662,2016-10-15 00:00:08 UTC,
10/16/2016,1476576000,11.93,34990,2016-10-16 00:00:11 UTC,
10/17/2016,1476662400,11.98,38136,2016-10-17 00:00:10 UTC,
10/18/2016,1476748800,12.5,51898,2016-10-18 00:00:17 UTC,
10/19/2016,1476835200,11.98,38506,2016-10-19 00:00:03 UTC,
10/20/2016,1476921600,12.05,43429,2016-10-20 00:00:14 UTC,
10/21/2016,1477008000,12.07,57780,2016-10-21 00:00:01 UTC,
10/22/2016,1477094400,12.06,37772,2016-10-22 00:00:01 UTC,
10/23/2016,1477180800,11.95,35364,2016-10-23 00:00:23 UTC,
10/24/2016,1477267200,11.93,52547,2016-10-24 00:00:16 UTC,
10/25/2016,1477353600,11.38,47610,2016-10-25 00:00:05 UTC,
10/26/2016,1477440000,11.5,45158,2016-10-26 00:00:13 UTC,
10/27/2016,1477526400,11.43,44353,2016-10-27 00:00:06 UTC,
10/28/2016,1477612800,11.08,41522,2016-10-28 00:00:48 UTC,
10/29/2016,1477699200,10.39,40011,2016-10-29 00:00:05 UTC,
10/30/2016,1477785600,11.22,39435,2016-10-30 00:00:02 UTC,
10/31/2016,1477872000,10.91,45031,2016-10-31 00:00:08 UTC,
11/1/2016,1477958400,10.75,49025,2016-11-01 00:00:02 UTC,
11/2/2016,1478044800,10.82,43519,2016-11-02 00:00:33 UTC,
11/3/2016,1478131200,10.86,42346,2016-11-03 00:00:05 UTC,
11/4/2016,1478217600,11.13,32572,2016-11-04 00:00:17 UTC,
11/5/2016,1478304000,11.11,37691,2016-11-05 00:00:04 UTC,
11/6/2016,1478390400,10.97,34390,2016-11-06 00:00:04 UTC,
11/7/2016,1478476800,10.9,41941,2016-11-07 00:00:03 UTC,
11/8/2016,1478563200,10.86,41569,2016-11-08 00:00:01 UTC,
11/9/2016,1478649600,10.64,40517,2016-11-09 00:00:01 UTC,
11/10/2016,1478736000,10.52,40167,2016-11-10 00:00:03 UTC,
11/11/2016,1478822400,10.29,41067,2016-11-11 00:00:14 UTC,
11/12/2016,1478908800,9.96,40882,2016-11-12 00:00:20 UTC,
11/13/2016,1478995200,10.13,43673,2016-11-13 00:00:01 UTC,
11/15/2016,1479168000,10.22,43876,2016-11-14 00:01:11 UTC,
11/14/2016,1479081600,10,45330,2016-11-15 00:00:01 UTC,
11/16/2016,1479254400,10.01,41684,2016-11-16 00:00:07 UTC,
11/17/2016,1479340800,9.95,40738,2016-11-17 00:00:05 UTC,
11/18/2016,1479427200,9.53,43785,2016-11-18 00:00:05 UTC,
11/19/2016,1479513600,9.7,39289,2016-11-19 00:00:21 UTC,
11/20/2016,1479600000,9.57,42125,2016-11-20 00:00:27 UTC,
11/21/2016,1479686400,9.56,42735,2016-11-21 00:00:20 UTC,
11/22/2016,1479772800,9.84,53585,2016-11-22 00:00:07 UTC,
11/23/2016,1479859200,9.78,64289,2016-11-23 00:00:02 UTC,
11/24/2016,1479945600,9.22,36861,2016-11-24 00:00:32 UTC,
11/25/2016,1480032000,9.39,58075,2016-11-25 00:00:42 UTC,
11/26/2016,1480118400,9.34,40804,2016-11-26 00:00:08 UTC,
11/27/2016,1480204800,8.91,44449,2016-11-27 00:00:30 UTC,
11/28/2016,1480291200,8.66,48389,2016-11-28 00:00:11 UTC,
11/29/2016,1480377600,8.18,47035,2016-11-29 00:00:09 UTC,
11/30/2016,1480464000,8.59,39178,2016-11-30 00:00:11 UTC,
12/1/2016,1480550400,8.44,37121,2016-12-01 00:00:09 UTC,
12/2/2016,1480636800,7.65,41642,2016-12-02 00:00:10 UTC,
12/3/2016,1480723200,7.9,41357,2016-12-03 00:00:11 UTC,
12/4/2016,1480809600,7.54,39643,2016-12-04 00:00:16 UTC,
12/5/2016,1480896000,6.69,41613,2016-12-05 00:00:15 UTC,
12/6/2016,1480982400,7.61,48200,2016-12-06 00:00:11 UTC,
12/7/2016,1481068800,8.35,41757,2016-12-07 00:00:16 UTC,
12/8/2016,1481155200,8.3,39587,2016-12-08 00:00:33 UTC,
12/9/2016,1481241600,8.52,41444,2016-12-09 00:00:10 UTC,
12/10/2016,1481328000,8.09,40564,2016-12-10 00:00:38 UTC,
12/11/2016,1481414400,8.2,39164,2016-12-11 00:00:02 UTC,
12/12/2016,1481500800,8.45,38741,2016-12-12 00:00:08 UTC,
12/13/2016,1481587200,8.4,44664,2016-12-13 00:00:10 UTC,
12/14/2016,1481673600,8.23,47294,2016-12-14 00:00:14 UTC,
12/15/2016,1481760000,7.76,46102,2016-12-15 00:00:07 UTC,
12/16/2016,1481846400,7.85,43953,2016-12-16 00:00:35 UTC,
12/17/2016,1481932800,7.66,39444,2016-12-17 00:00:30 UTC,
12/18/2016,1482019200,7.89,36638,2016-12-18 00:00:16 UTC,
12/19/2016,1482105600,7.61,45599,2016-12-19 00:00:03 UTC,
12/20/2016,1482192000,7.59,44241,2016-12-20 00:00:24 UTC,
12/21/2016,1482278400,7.87,50793,2016-12-21 00:00:12 UTC,
12/22/2016,1482364800,7.64,55173,2016-12-22 00:00:02 UTC,
12/23/2016,1482451200,7.16,44391,2016-12-23 00:00:16 UTC,
12/24/2016,1482537600,7.23,37757,2016-12-24 00:00:01 UTC,
12/25/2016,1482624000,7.19,36601,2016-12-25 00:00:02 UTC,
12/26/2016,1482710400,7.21,34565,2016-12-26 00:00:09 UTC,
12/27/2016,1482796800,7.15,42370,2016-12-27 00:00:01 UTC,
12/28/2016,1482883200,7.57,43386,2016-12-28 00:00:03 UTC,
12/29/2016,1482969600,8.21,46546,2016-12-29 00:00:12 UTC,
12/30/2016,1483056000,8.16,44561,2016-12-30 00:00:28 UTC,
12/31/2016,1483142400,8.05,41220,2016-12-31 00:00:01 UTC,
1/1/2017,1483228800,8.14,38730,2017-01-01 00:00:03 UTC,
1/2/2017,1483315200,8.33,39652,2017-01-02 00:00:10 UTC,
1/3/2017,1483401600,9.59,45883,2017-01-03 00:00:19 UTC,
1/4/2017,1483488000,10.88,50673,2017-01-04 00:00:05 UTC,
1/5/2017,1483574400,10.2,49596,2017-01-05 00:00:07 UTC,
1/6/2017,1483660800,10.07,43804,2017-01-06 00:00:02 UTC,
1/7/2017,1483747200,9.78,43622,2017-01-07 00:00:10 UTC,
1/8/2017,1483833600,10.27,42727,2017-01-08 00:00:21 UTC,
1/9/2017,1483920000,10.2,46188,2017-01-09 00:00:01 UTC,
1/10/2017,1484006400,10.55,48179,2017-01-10 00:00:27 UTC,
1/11/2017,1484092800,9.83,45221,2017-01-11 00:00:14 UTC,
1/12/2017,1484179200,9.81,50589,2017-01-12 00:00:12 UTC,
1/13/2017,1484265600,9.78,50833,2017-01-13 00:00:01 UTC,
1/14/2017,1484352000,9.78,42044,2017-01-14 00:00:13 UTC,
1/15/2017,1484438400,9.88,41748,2017-01-15 00:00:19 UTC,
1/16/2017,1484524800,9.59,45384,2017-01-16 00:00:52 UTC,
1/17/2017,1484611200,10.14,46662,2017-01-17 00:00:12 UTC,
1/18/2017,1484697600,10.19,44994,2017-01-18 00:00:51 UTC,
1/19/2017,1484784000,10.43,43628,2017-01-19 00:00:05 UTC,
1/20/2017,1484870400,10.6,45775,2017-01-20 00:00:22 UTC,
1/21/2017,1484956800,10.91,43302,2017-01-21 00:00:09 UTC,
1/22/2017,1485043200,10.71,47432,2017-01-22 00:00:07 UTC,
1/23/2017,1485129600,10.78,46076,2017-01-23 00:00:08 UTC,
1/24/2017,1485216000,10.51,50414,2017-01-24 00:00:31 UTC,
1/25/2017,1485302400,10.51,46256,2017-01-25 00:01:06 UTC,
1/26/2017,1485388800,10.65,46856,2017-01-26 00:00:01 UTC,
1/27/2017,1485475200,10.51,46680,2017-01-27 00:00:11 UTC,
1/28/2017,1485561600,10.54,45189,2017-01-28 00:00:26 UTC,
1/29/2017,1485648000,10.47,42509,2017-01-29 00:00:04 UTC,
1/30/2017,1485734400,10.62,45369,2017-01-30 00:00:37 UTC,
1/31/2017,1485820800,10.71,43649,2017-01-31 00:00:09 UTC,
2/1/2017,1485907200,10.71,44541,2017-02-01 00:00:08 UTC,
2/2/2017,1485993600,10.78,43709,2017-02-02 00:00:10 UTC,
2/3/2017,1486080000,10.95,42778,2017-02-03 00:00:04 UTC,
2/4/2017,1486166400,11.32,45410,2017-02-04 00:00:01 UTC,
2/5/2017,1486252800,11.22,46542,2017-02-05 00:00:26 UTC,
2/6/2017,1486339200,11.32,47306,2017-02-06 00:00:11 UTC,
2/7/2017,1486425600,11.45,51866,2017-02-07 00:00:06 UTC,
2/8/2017,1486512000,11.39,51089,2017-02-08 00:00:18 UTC,
2/9/2017,1486598400,10.94,47873,2017-02-09 00:01:14 UTC,
2/10/2017,1486684800,11.34,52222,2017-02-10 00:00:09 UTC,
2/11/2017,1486771200,11.43,46560,2017-02-11 00:00:03 UTC,
2/12/2017,1486857600,11.42,45319,2017-02-12 00:00:17 UTC,
2/13/2017,1486944000,11.39,55990,2017-02-13 00:00:37 UTC,
2/14/2017,1487030400,13,58298,2017-02-14 00:00:19 UTC,
2/15/2017,1487116800,12.97,55320,2017-02-15 00:00:17 UTC,
2/16/2017,1487203200,12.95,49674,2017-02-16 00:00:11 UTC,
2/17/2017,1487289600,12.72,49406,2017-02-17 00:00:05 UTC,
2/18/2017,1487376000,12.83,49398,2017-02-18 00:00:39 UTC,
2/19/2017,1487462400,12.82,48227,2017-02-19 00:00:06 UTC,
2/20/2017,1487548800,12.52,50152,2017-02-20 00:00:59 UTC,
2/21/2017,1487635200,12.77,58434,2017-02-21 00:00:11 UTC,
2/22/2017,1487721600,12.69,50372,2017-02-22 00:00:27 UTC,
2/23/2017,1487808000,13.13,47601,2017-02-23 00:00:30 UTC,
2/24/2017,1487894400,13.11,54081,2017-02-24 00:00:20 UTC,
2/25/2017,1487980800,13.57,53245,2017-02-25 00:00:19 UTC,
2/26/2017,1488067200,14.59,51716,2017-02-26 00:00:01 UTC,
2/27/2017,1488153600,15.55,52642,2017-02-27 00:00:28 UTC,
2/28/2017,1488240000,16.07,60277,2017-02-28 00:00:10 UTC,
3/1/2017,1488326400,17.55,59774,2017-03-01 00:00:11 UTC,
3/2/2017,1488412800,19.08,70779,2017-03-02 00:00:24 UTC,
3/3/2017,1488499200,19.48,64294,2017-03-03 00:00:19 UTC,
3/4/2017,1488585600,18.61,58756,2017-03-04 00:00:03 UTC,
3/5/2017,1488672000,19.22,57031,2017-03-05 00:00:10 UTC,
3/6/2017,1488758400,19.75,57020,2017-03-06 00:00:07 UTC,
3/7/2017,1488844800,18.91,62589,2017-03-07 00:00:18 UTC,
3/8/2017,1488931200,16.54,55386,2017-03-08 00:00:03 UTC,
3/9/2017,1489017600,17.71,64272,2017-03-09 00:00:42 UTC,
3/10/2017,1489104000,19.13,65126,2017-03-10 00:00:02 UTC,
3/11/2017,1489190400,21.45,64803,2017-03-11 00:00:01 UTC,
3/12/2017,1489276800,23.31,66646,2017-03-12 00:00:09 UTC,
3/13/2017,1489363200,28.45,81718,2017-03-13 00:00:02 UTC,
3/14/2017,1489449600,28.58,77155,2017-03-14 00:00:09 UTC,
3/15/2017,1489536000,35.18,81205,2017-03-15 00:00:51 UTC,
3/16/2017,1489622400,45.51,109950,2017-03-16 00:00:03 UTC,
3/17/2017,1489708800,44.48,106635,2017-03-17 00:00:12 UTC,
3/18/2017,1489795200,34,89920,2017-03-18 00:00:31 UTC,
3/19/2017,1489881600,43.12,84599,2017-03-19 00:00:44 UTC,
3/20/2017,1489968000,42.51,80264,2017-03-20 00:00:31 UTC,
3/21/2017,1490054400,42.67,84298,2017-03-21 00:00:05 UTC,
3/22/2017,1490140800,41.65,78821,2017-03-22 00:00:07 UTC,
3/23/2017,1490227200,43.2,82434,2017-03-23 00:00:11 UTC,
3/24/2017,1490313600,53.19,87775,2017-03-24 00:00:35 UTC,
3/25/2017,1490400000,50.62,84394,2017-03-25 00:00:06 UTC,
3/26/2017,1490486400,50.63,79555,2017-03-26 00:00:02 UTC,
3/27/2017,1490572800,49.06,94549,2017-03-27 00:00:24 UTC,
3/28/2017,1490659200,50.25,84348,2017-03-28 00:00:06 UTC,
3/29/2017,1490745600,53.07,93064,2017-03-29 00:00:05 UTC,
3/30/2017,1490832000,51.91,96209,2017-03-30 00:00:13 UTC,
3/31/2017,1490918400,49.91,103102,2017-03-31 00:00:14 UTC,
4/1/2017,1491004800,50.6,80572,2017-04-01 00:00:16 UTC,
4/2/2017,1491091200,48.55,88948,2017-04-02 00:00:01 UTC,
4/3/2017,1491177600,44.13,100221,2017-04-03 00:00:03 UTC,
4/4/2017,1491264000,44.43,86279,2017-04-04 00:00:15 UTC,
4/5/2017,1491350400,44.9,87411,2017-04-05 00:00:08 UTC,
4/6/2017,1491436800,43.23,95177,2017-04-06 00:00:13 UTC,
4/7/2017,1491523200,42.31,92846,2017-04-07 00:00:04 UTC,
4/8/2017,1491609600,44.37,72144,2017-04-08 00:00:38 UTC,
4/9/2017,1491696000,43.72,74557,2017-04-09 00:00:01 UTC,
4/10/2017,1491782400,43.74,75487,2017-04-10 00:00:02 UTC,
4/11/2017,1491868800,43.74,75891,2017-04-11 00:00:03 UTC,
4/12/2017,1491955200,46.38,80347,2017-04-12 00:00:03 UTC,
4/13/2017,1492041600,49.97,84124,2017-04-13 00:00:15 UTC,
4/14/2017,1492128000,47.32,81155,2017-04-14 00:00:27 UTC,
4/15/2017,1492214400,48.89,74820,2017-04-15 00:00:54 UTC,
4/16/2017,1492300800,48.22,70634,2017-04-16 00:00:28 UTC,
4/17/2017,1492387200,47.94,72546,2017-04-17 00:00:01 UTC,
4/18/2017,1492473600,49.88,83303,2017-04-18 00:00:04 UTC,
4/19/2017,1492560000,47.88,85734,2017-04-19 00:00:17 UTC,
4/20/2017,1492646400,49.36,85450,2017-04-20 00:00:05 UTC,
4/21/2017,1492732800,48.27,81278,2017-04-21 00:00:13 UTC,
4/22/2017,1492819200,48.41,73539,2017-04-22 00:00:01 UTC,
4/23/2017,1492905600,48.75,77073,2017-04-23 00:00:05 UTC,
4/24/2017,1492992000,49.94,80531,2017-04-24 00:00:07 UTC,
4/25/2017,1493078400,50.09,93033,2017-04-25 00:00:21 UTC,
4/26/2017,1493164800,53.28,89642,2017-04-26 00:00:10 UTC,
4/27/2017,1493251200,63.14,104494,2017-04-27 00:00:17 UTC,
4/28/2017,1493337600,72.42,106193,2017-04-28 00:00:05 UTC,
4/29/2017,1493424000,69.83,91335,2017-04-29 00:00:39 UTC,
4/30/2017,1493510400,79.83,95202,2017-04-30 00:00:05 UTC,
5/1/2017,1493596800,77.53,112202,2017-05-01 00:00:20 UTC,
5/2/2017,1493683200,77.25,110354,2017-05-02 00:00:44 UTC,
5/3/2017,1493769600,80.37,97334,2017-05-03 00:00:25 UTC,
5/4/2017,1493856000,94.55,114877,2017-05-04 00:00:04 UTC,
5/5/2017,1493942400,90.79,108514,2017-05-05 00:00:06 UTC,
5/6/2017,1494028800,94.82,95014,2017-05-06 00:00:15 UTC,
5/7/2017,1494115200,90.46,106631,2017-05-07 00:00:05 UTC,
5/8/2017,1494201600,88.39,117509,2017-05-08 00:00:12 UTC,
5/9/2017,1494288000,86.27,112933,2017-05-09 00:00:12 UTC,
5/10/2017,1494374400,87.83,109673,2017-05-10 00:00:13 UTC,
5/11/2017,1494460800,88.2,117189,2017-05-11 00:00:10 UTC,
5/12/2017,1494547200,85.15,107241,2017-05-12 00:00:02 UTC,
5/13/2017,1494633600,87.96,101332,2017-05-13 00:00:36 UTC,
5/14/2017,1494720000,88.72,101348,2017-05-14 00:00:04 UTC,
5/15/2017,1494806400,90.32,122792,2017-05-15 00:00:36 UTC,
5/16/2017,1494892800,87.8,116341,2017-05-16 00:00:16 UTC,
5/17/2017,1494979200,86.98,140135,2017-05-17 00:00:05 UTC,
5/18/2017,1495065600,95.88,137409,2017-05-18 00:00:16 UTC,
5/19/2017,1495152000,124.38,161568,2017-05-19 00:00:01 UTC,
5/20/2017,1495238400,123.06,130912,2017-05-20 00:00:04 UTC,
5/21/2017,1495324800,148,149699,2017-05-21 00:00:05 UTC,
5/22/2017,1495411200,160.39,176255,2017-05-22 00:00:14 UTC,
5/23/2017,1495497600,169.5,187121,2017-05-23 00:00:04 UTC,
5/24/2017,1495584000,193.03,187293,2017-05-24 00:00:40 UTC,
5/25/2017,1495670400,177.33,183010,2017-05-25 00:00:27 UTC,
5/26/2017,1495756800,162.83,169818,2017-05-26 00:00:09 UTC,
5/27/2017,1495843200,156.63,149450,2017-05-27 00:00:10 UTC,
5/28/2017,1495929600,172.86,155271,2017-05-28 00:00:03 UTC,
5/29/2017,1496016000,194.17,158547,2017-05-29 00:00:01 UTC,
5/30/2017,1496102400,228.58,193618,2017-05-30 00:00:14 UTC,
5/31/2017,1496188800,228.64,214126,2017-05-31 00:00:24 UTC,
6/1/2017,1496275200,220.7,199160,2017-06-01 00:00:15 UTC,
6/2/2017,1496361600,222.04,194933,2017-06-02 00:00:29 UTC,
6/3/2017,1496448000,224.3,175644,2017-06-03 00:00:15 UTC,
6/4/2017,1496534400,244.96,180136,2017-06-04 00:00:07 UTC,
6/5/2017,1496620800,247.75,190305,2017-06-05 00:00:01 UTC,
6/6/2017,1496707200,264.26,200523,2017-06-06 00:00:02 UTC,
6/7/2017,1496793600,255.77,207180,2017-06-07 00:00:14 UTC,
6/8/2017,1496880000,259.41,187700,2017-06-08 00:00:03 UTC,
6/9/2017,1496966400,279.11,215831,2017-06-09 00:00:24 UTC,
6/10/2017,1497052800,335.95,213356,2017-06-10 00:00:16 UTC,
6/11/2017,1497139200,339.68,240490,2017-06-11 00:00:07 UTC,
6/12/2017,1497225600,394.66,292941,2017-06-12 00:00:18 UTC,
6/13/2017,1497312000,388.09,280127,2017-06-13 00:00:32 UTC,
6/14/2017,1497398400,343.84,250337,2017-06-14 00:00:04 UTC,
6/15/2017,1497484800,344.68,261617,2017-06-15 00:00:17 UTC,
6/16/2017,1497571200,353.61,248003,2017-06-16 00:00:11 UTC,
6/17/2017,1497657600,368.1,242022,2017-06-17 00:00:43 UTC,
6/18/2017,1497744000,351.53,245957,2017-06-18 00:00:09 UTC,
6/19/2017,1497830400,358.2,286280,2017-06-19 00:00:20 UTC,
6/20/2017,1497916800,350.53,308417,2017-06-20 00:00:33 UTC,
6/21/2017,1498003200,325.3,221289,2017-06-21 00:00:25 UTC,
6/22/2017,1498089600,320.97,284225,2017-06-22 00:00:28 UTC,
6/23/2017,1498176000,326.85,276012,2017-06-23 00:00:06 UTC,
6/24/2017,1498262400,304.54,250570,2017-06-24 00:00:05 UTC,
6/25/2017,1498348800,279.36,231135,2017-06-25 00:00:17 UTC,
6/26/2017,1498435200,253.68,316788,2017-06-26 00:00:24 UTC,
6/27/2017,1498521600,286.14,252995,2017-06-27 00:00:24 UTC,
6/28/2017,1498608000,315.86,274241,2017-06-28 00:00:38 UTC,
6/29/2017,1498694400,292.9,263791,2017-06-29 00:00:32 UTC,
6/30/2017,1498780800,280.68,252652,2017-06-30 00:00:09 UTC,
7/1/2017,1498867200,261,240465,2017-07-01 00:00:11 UTC,
7/2/2017,1498953600,283.99,248617,2017-07-02 00:00:38 UTC,
7/3/2017,1499040000,276.41,302032,2017-07-03 00:00:13 UTC,
7/4/2017,1499126400,269.05,281465,2017-07-04 00:00:02 UTC,
7/5/2017,1499212800,266,271606,2017-07-05 00:00:04 UTC,
7/6/2017,1499299200,265.88,258791,2017-07-06 00:00:03 UTC,
7/7/2017,1499385600,240.94,295389,2017-07-07 00:00:07 UTC,
7/8/2017,1499472000,245.67,248142,2017-07-08 00:00:24 UTC,
7/9/2017,1499558400,237.72,225189,2017-07-09 00:00:03 UTC,
7/10/2017,1499644800,205.76,302633,2017-07-10 00:00:28 UTC,
7/11/2017,1499731200,190.55,291677,2017-07-11 00:00:16 UTC,
7/12/2017,1499817600,224.15,283828,2017-07-12 00:00:01 UTC,
7/13/2017,1499904000,205.41,260745,2017-07-13 00:00:04 UTC,
7/14/2017,1499990400,197.14,249381,2017-07-14 00:00:02 UTC,
7/15/2017,1500076800,169.1,231961,2017-07-15 00:00:23 UTC,
7/16/2017,1500163200,155.42,249138,2017-07-16 00:00:24 UTC,
7/17/2017,1500249600,189.97,248473,2017-07-17 00:00:07 UTC,
7/18/2017,1500336000,227.09,271055,2017-07-18 00:00:12 UTC,
7/19/2017,1500422400,194.41,270122,2017-07-19 00:00:04 UTC,
7/20/2017,1500508800,226.33,250065,2017-07-20 00:00:02 UTC,
7/21/2017,1500595200,216.33,232560,2017-07-21 00:00:34 UTC,
7/22/2017,1500681600,230.47,205574,2017-07-22 00:00:49 UTC,
7/23/2017,1500768000,228.32,260490,2017-07-23 00:00:14 UTC,
7/24/2017,1500854400,225.48,263129,2017-07-24 00:00:25 UTC,
7/25/2017,1500940800,203.59,242984,2017-07-25 00:00:05 UTC,
7/26/2017,1501027200,202.88,222948,2017-07-26 00:00:07 UTC,
7/27/2017,1501113600,202.93,225435,2017-07-27 00:01:01 UTC,
7/28/2017,1501200000,191.21,246494,2017-07-28 00:00:07 UTC,
7/29/2017,1501286400,206.14,198773,2017-07-29 00:00:10 UTC,
7/30/2017,1501372800,196.78,206626,2017-07-30 00:00:06 UTC,
7/31/2017,1501459200,201.33,250088,2017-07-31 00:00:06 UTC,
8/1/2017,1501545600,225.9,218582,2017-08-01 00:00:46 UTC,
8/2/2017,1501632000,218.12,231068,2017-08-02 00:00:05 UTC,
8/3/2017,1501718400,224.39,236335,2017-08-03 00:00:07 UTC,
8/4/2017,1501804800,220.6,257160,2017-08-04 00:00:05 UTC,
8/5/2017,1501891200,253.09,261400,2017-08-05 00:00:06 UTC,
8/6/2017,1501977600,264.56,265127,2017-08-06 00:00:33 UTC,
8/7/2017,1502064000,269.94,281172,2017-08-07 00:00:09 UTC,
8/8/2017,1502150400,296.51,318866,2017-08-08 00:01:39 UTC,
8/9/2017,1502236800,295.28,280308,2017-08-09 00:00:39 UTC,
8/10/2017,1502323200,298.28,338241,2017-08-10 00:00:07 UTC,
8/11/2017,1502409600,309.32,356682,2017-08-11 00:00:16 UTC,
8/12/2017,1502496000,308.02,338660,2017-08-12 00:00:02 UTC,
8/13/2017,1502582400,296.62,333005,2017-08-13 00:00:08 UTC,
8/14/2017,1502668800,299.16,410061,2017-08-14 00:00:16 UTC,
8/15/2017,1502755200,286.52,413246,2017-08-15 00:00:02 UTC,
8/16/2017,1502841600,301.38,413624,2017-08-16 00:00:13 UTC,
8/17/2017,1502928000,300.3,428007,2017-08-17 00:00:01 UTC,
8/18/2017,1503014400,292.62,443356,2017-08-18 00:01:16 UTC,
8/19/2017,1503100800,293.02,377418,2017-08-19 00:00:24 UTC,
8/20/2017,1503187200,298.2,309926,2017-08-20 00:00:08 UTC,
8/21/2017,1503273600,321.85,392880,2017-08-21 00:00:04 UTC,
8/22/2017,1503360000,313.37,364727,2017-08-22 00:00:18 UTC,
8/23/2017,1503446400,317.4,374711,2017-08-23 00:00:31 UTC,
8/24/2017,1503532800,325.28,352465,2017-08-24 00:00:21 UTC,
8/25/2017,1503619200,330.06,352621,2017-08-25 00:00:14 UTC,
8/26/2017,1503705600,332.86,306268,2017-08-26 00:00:15 UTC,
8/27/2017,1503792000,347.88,324298,2017-08-27 00:00:27 UTC,
8/28/2017,1503878400,347.66,363674,2017-08-28 00:00:12 UTC,
8/29/2017,1503964800,372.35,394649,2017-08-29 00:00:13 UTC,
8/30/2017,1504051200,383.86,400220,2017-08-30 00:00:16 UTC,
8/31/2017,1504137600,388.33,384421,2017-08-31 00:00:13 UTC,
9/1/2017,1504224000,391.42,390997,2017-09-01 00:00:59 UTC,
9/2/2017,1504310400,351.03,331797,2017-09-02 00:00:49 UTC,
9/3/2017,1504396800,352.45,302525,2017-09-03 00:00:45 UTC,
9/4/2017,1504483200,303.7,442592,2017-09-04 00:01:02 UTC,
9/5/2017,1504569600,317.94,444572,2017-09-05 00:01:04 UTC,
9/6/2017,1504656000,338.92,496376,2017-09-06 00:00:37 UTC,
9/7/2017,1504742400,335.37,448347,2017-09-07 00:00:08 UTC,
9/8/2017,1504828800,306.72,463670,2017-09-08 00:00:23 UTC,
9/9/2017,1504915200,303.79,383654,2017-09-09 00:00:23 UTC,
9/10/2017,1505001600,299.21,325128,2017-09-10 00:00:24 UTC,
9/11/2017,1505088000,297.95,365384,2017-09-11 00:00:21 UTC,
9/12/2017,1505174400,294.1,404898,2017-09-12 00:01:04 UTC,
9/13/2017,1505260800,275.84,365679,2017-09-13 00:00:21 UTC,
9/14/2017,1505347200,223.14,380251,2017-09-14 00:00:40 UTC,
9/15/2017,1505433600,259.57,441767,2017-09-15 00:00:51 UTC,
9/16/2017,1505520000,254.49,373764,2017-09-16 00:00:01 UTC,
9/17/2017,1505606400,258.4,289517,2017-09-17 00:00:05 UTC,
9/18/2017,1505692800,297.53,362764,2017-09-18 00:00:06 UTC,
9/19/2017,1505779200,283,337752,2017-09-19 00:00:05 UTC,
9/20/2017,1505865600,283.56,324984,2017-09-20 00:00:19 UTC,
9/21/2017,1505952000,257.77,317074,2017-09-21 00:00:46 UTC,
9/22/2017,1506038400,262.94,271470,2017-09-22 00:00:53 UTC,
9/23/2017,1506124800,286.14,260107,2017-09-23 00:01:08 UTC,
9/24/2017,1506211200,282.6,280929,2017-09-24 00:00:17 UTC,
9/25/2017,1506297600,294.89,306614,2017-09-25 00:00:03 UTC,
9/26/2017,1506384000,288.64,306075,2017-09-26 00:00:08 UTC,
9/27/2017,1506470400,309.97,309047,2017-09-27 00:00:02 UTC,
9/28/2017,1506556800,302.77,329208,2017-09-28 00:00:11 UTC,
9/29/2017,1506643200,292.58,326502,2017-09-29 00:00:14 UTC,
9/30/2017,1506729600,302.77,295798,2017-09-30 00:01:08 UTC,
10/1/2017,1506816000,303.95,283871,2017-10-01 00:00:25 UTC,
10/2/2017,1506902400,296.81,306095,2017-10-02 00:00:07 UTC,
10/3/2017,1506988800,291.81,327996,2017-10-03 00:00:26 UTC,
10/4/2017,1507075200,291.68,307309,2017-10-04 00:00:47 UTC,
10/5/2017,1507161600,294.99,314808,2017-10-05 00:00:05 UTC,
10/6/2017,1507248000,308.33,319882,2017-10-06 00:00:37 UTC,
10/7/2017,1507334400,311.26,291091,2017-10-07 00:00:13 UTC,
10/8/2017,1507420800,309.49,296829,2017-10-08 00:00:06 UTC,
10/9/2017,1507507200,296.95,328172,2017-10-09 00:00:03 UTC,
10/10/2017,1507593600,298.46,349605,2017-10-10 00:00:06 UTC,
10/11/2017,1507680000,302.86,344305,2017-10-11 00:00:06 UTC,
10/12/2017,1507766400,302.89,363411,2017-10-12 00:00:17 UTC,
10/13/2017,1507852800,336.83,379136,2017-10-13 00:00:09 UTC,
10/14/2017,1507939200,338.81,332169,2017-10-14 00:00:09 UTC,
10/15/2017,1508025600,336.58,328921,2017-10-15 00:00:47 UTC,
10/16/2017,1508112000,334.23,408297,2017-10-16 00:00:06 UTC,
10/17/2017,1508198400,316.14,505611,2017-10-17 00:00:03 UTC,
10/18/2017,1508284800,313.54,470449,2017-10-18 00:00:25 UTC,
10/19/2017,1508371200,307.41,494184,2017-10-19 00:00:02 UTC,
10/20/2017,1508457600,303.08,546837,2017-10-20 00:00:01 UTC,
10/21/2017,1508544000,299.55,462902,2017-10-21 00:00:01 UTC,
10/22/2017,1508630400,294.03,435493,2017-10-22 00:00:02 UTC,
10/23/2017,1508716800,285.27,468168,2017-10-23 00:00:13 UTC,
10/24/2017,1508803200,296.5,492288,2017-10-24 00:00:04 UTC,
10/25/2017,1508889600,296.35,460419,2017-10-25 00:00:23 UTC,
10/26/2017,1508976000,295.54,466406,2017-10-26 00:00:07 UTC,
10/27/2017,1509062400,296.36,486147,2017-10-27 00:00:23 UTC,
10/28/2017,1509148800,293.35,484554,2017-10-28 00:00:03 UTC,
10/29/2017,1509235200,304.04,494176,2017-10-29 00:00:24 UTC,
10/30/2017,1509321600,306.8,532626,2017-10-30 00:00:08 UTC,
10/31/2017,1509408000,303.64,519906,2017-10-31 00:00:03 UTC,
11/1/2017,1509494400,289.42,527783,2017-11-01 00:00:04 UTC,
11/2/2017,1509580800,284.92,529325,2017-11-02 00:00:07 UTC,
11/3/2017,1509667200,304.51,485742,2017-11-03 00:00:25 UTC,
11/4/2017,1509753600,300.04,398758,2017-11-04 00:00:08 UTC,
11/5/2017,1509840000,296.23,417102,2017-11-05 00:00:05 UTC,
11/6/2017,1509926400,296.82,511663,2017-11-06 00:00:09 UTC,
11/7/2017,1510012800,291.84,470418,2017-11-07 00:00:04 UTC,
11/8/2017,1510099200,307.35,480413,2017-11-08 00:00:01 UTC,
11/9/2017,1510185600,319.66,467172,2017-11-09 00:00:09 UTC,
11/10/2017,1510272000,296.86,457427,2017-11-10 00:00:07 UTC,
11/11/2017,1510358400,314.23,394378,2017-11-11 00:00:19 UTC,
11/12/2017,1510444800,306.02,434380,2017-11-12 00:00:03 UTC,
11/13/2017,1510531200,314.6,443176,2017-11-13 00:00:27 UTC,
11/14/2017,1510617600,334.72,476047,2017-11-14 00:00:03 UTC,
11/15/2017,1510704000,331.2,540530,2017-11-15 00:00:05 UTC,
11/16/2017,1510790400,330.32,491482,2017-11-16 00:00:05 UTC,
11/17/2017,1510876800,331.72,508590,2017-11-17 00:00:10 UTC,
11/18/2017,1510963200,346.65,459679,2017-11-18 00:00:11 UTC,
11/19/2017,1511049600,354.6,464563,2017-11-19 00:00:12 UTC,
11/20/2017,1511136000,367.71,530141,2017-11-20 00:00:13 UTC,
11/21/2017,1511222400,360.52,524044,2017-11-21 00:00:02 UTC,
11/22/2017,1511308800,380.84,546489,2017-11-22 00:00:25 UTC,
11/23/2017,1511395200,406.57,537151,2017-11-23 00:00:24 UTC,
11/24/2017,1511481600,470.43,525473,2017-11-24 00:00:03 UTC,
11/25/2017,1511568000,464.61,561139,2017-11-25 00:00:14 UTC,
11/26/2017,1511654400,470.54,542484,2017-11-26 00:00:12 UTC,
11/27/2017,1511740800,475.24,608695,2017-11-27 00:00:19 UTC,
11/28/2017,1511827200,466.27,638989,2017-11-28 00:00:15 UTC,
11/29/2017,1511913600,427.42,663579,2017-11-29 00:00:21 UTC,
11/30/2017,1512000000,434.85,655457,2017-11-30 00:00:02 UTC,
12/1/2017,1512086400,461.58,622720,2017-12-01 00:00:19 UTC,
12/2/2017,1512172800,457.96,627785,2017-12-02 00:00:24 UTC,
12/3/2017,1512259200,462.81,693808,2017-12-03 00:00:21 UTC,
12/4/2017,1512345600,466.93,701834,2017-12-04 00:00:07 UTC,
12/5/2017,1512432000,453.96,693090,2017-12-05 00:00:01 UTC,
12/6/2017,1512518400,422.48,791746,2017-12-06 00:00:05 UTC,
12/7/2017,1512604800,421.15,659068,2017-12-07 00:00:07 UTC,
12/8/2017,1512691200,451.74,766411,2017-12-08 00:00:47 UTC,
12/9/2017,1512777600,472.86,707223,2017-12-09 00:00:10 UTC,
12/10/2017,1512864000,436.49,716575,2017-12-10 00:00:22 UTC,
12/11/2017,1512950400,513.29,828899,2017-12-11 00:00:13 UTC,
12/12/2017,1513036800,656.52,872340,2017-12-12 00:00:05 UTC,
12/13/2017,1513123200,699.09,909631,2017-12-13 00:00:32 UTC,
12/14/2017,1513209600,693.58,942559,2017-12-14 00:00:08 UTC,
12/15/2017,1513296000,684.27,904346,2017-12-15 00:00:38 UTC,
12/16/2017,1513382400,692.83,899857,2017-12-16 00:00:01 UTC,
12/17/2017,1513468800,717.71,876574,2017-12-17 00:00:11 UTC,
12/18/2017,1513555200,785.99,984021,2017-12-18 00:00:06 UTC,
12/19/2017,1513641600,812.5,1092234,2017-12-19 00:00:07 UTC,
12/20/2017,1513728000,799.17,986104,2017-12-20 00:00:08 UTC,
12/21/2017,1513814400,789.39,1072665,2017-12-21 00:00:40 UTC,
12/22/2017,1513900800,657.83,1103523,2017-12-22 00:00:14 UTC,
12/23/2017,1513987200,700.44,918881,2017-12-23 00:00:04 UTC,
12/24/2017,1514073600,675.91,758234,2017-12-24 00:00:03 UTC,
12/25/2017,1514160000,723.14,752361,2017-12-25 00:00:36 UTC,
12/26/2017,1514246400,753.4,813510,2017-12-26 00:00:53 UTC,
12/27/2017,1514332800,739.94,912752,2017-12-27 00:00:06 UTC,
12/28/2017,1514419200,716.69,949503,2017-12-28 00:00:32 UTC,
12/29/2017,1514505600,739.6,1090191,2017-12-29 00:00:09 UTC,
12/30/2017,1514592000,692.99,1136713,2017-12-30 00:00:12 UTC,
12/31/2017,1514678400,741.13,946927,2017-12-31 00:00:03 UTC,
1/1/2018,1514764800,756.2,908945,2018-01-01 00:00:02 UTC,
1/2/2018,1514851200,861.97,1153936,2018-01-02 00:00:03 UTC,
1/3/2018,1514937600,941.1,1238030,2018-01-03 00:00:04 UTC,
1/4/2018,1515024000,944.83,1349890,2018-01-04 00:00:05 UTC,
1/5/2018,1515110400,967.13,1271577,2018-01-05 00:00:02 UTC,
1/6/2018,1515196800,1006.41,1226417,2018-01-06 00:00:05 UTC,
1/7/2018,1515283200,1117.75,1152722,2018-01-07 00:00:22 UTC,
1/8/2018,1515369600,1136.11,1215473,2018-01-08 00:00:20 UTC,
1/9/2018,1515456000,1289.24,1256240,2018-01-09 00:00:05 UTC,
1/10/2018,1515542400,1248.99,1177685,2018-01-10 00:00:15 UTC,
1/11/2018,1515628800,1139.32,1173965,2018-01-11 00:00:03 UTC,
1/12/2018,1515715200,1261.03,1118757,2018-01-12 00:00:04 UTC,
1/13/2018,1515801600,1385.02,1179321,2018-01-13 00:00:15 UTC,
1/14/2018,1515888000,1359.48,1081593,2018-01-14 00:00:15 UTC,
1/15/2018,1515974400,1278.69,1206420,2018-01-15 00:00:12 UTC,
1/16/2018,1516060800,1050.26,1277936,2018-01-16 00:00:24 UTC,
1/17/2018,1516147200,1024.69,1277083,2018-01-17 00:00:11 UTC,
1/18/2018,1516233600,1012.97,1205184,2018-01-18 00:00:37 UTC,
1/19/2018,1516320000,1037.36,1043257,2018-01-19 00:00:12 UTC,
1/20/2018,1516406400,1150.5,984489,2018-01-20 00:00:09 UTC,
1/21/2018,1516492800,1049.09,1006530,2018-01-21 00:00:08 UTC,
1/22/2018,1516579200,999.64,972911,2018-01-22 00:00:27 UTC,
1/23/2018,1516665600,984.47,928494,2018-01-23 00:00:12 UTC,
1/24/2018,1516752000,1061.78,913668,2018-01-24 00:00:02 UTC,
1/25/2018,1516838400,1046.37,788515,2018-01-25 00:00:06 UTC,
1/26/2018,1516924800,1048.58,953532,2018-01-26 00:00:13 UTC,
1/27/2018,1517011200,1109.08,831889,2018-01-27 00:00:16 UTC,
1/28/2018,1517097600,1231.58,889104,2018-01-28 00:00:10 UTC,
1/29/2018,1517184000,1169.96,936845,2018-01-29 00:00:07 UTC,
1/30/2018,1517270400,1063.75,906578,2018-01-30 00:00:28 UTC,
1/31/2018,1517356800,1111.31,877284,2018-01-31 00:00:01 UTC,
2/1/2018,1517443200,1026.19,1008759,2018-02-01 00:00:09 UTC,
2/2/2018,1517529600,917.47,981133,2018-02-02 00:00:03 UTC,
2/3/2018,1517616000,970.87,814497,2018-02-03 00:00:07 UTC,
2/4/2018,1517702400,827.59,800865,2018-02-04 00:00:11 UTC,
2/5/2018,1517788800,695.08,875761,2018-02-05 00:00:39 UTC,
2/6/2018,1517875200,785.01,888219,2018-02-06 00:00:03 UTC,
2/7/2018,1517961600,751.81,818625,2018-02-07 00:00:22 UTC,
2/8/2018,1518048000,813.55,681344,2018-02-08 00:00:33 UTC,
2/9/2018,1518134400,877.88,789807,2018-02-09 00:00:02 UTC,
2/10/2018,1518220800,850.75,848390,2018-02-10 00:00:11 UTC,
2/11/2018,1518307200,811.24,773496,2018-02-11 00:00:10 UTC,
2/12/2018,1518393600,865.27,829081,2018-02-12 00:00:05 UTC,
2/13/2018,1518480000,840.98,745761,2018-02-13 00:00:16 UTC,
2/14/2018,1518566400,920.11,746384,2018-02-14 00:00:19 UTC,
2/15/2018,1518652800,927.95,777318,2018-02-15 00:00:05 UTC,
2/16/2018,1518739200,938.02,704758,2018-02-16 00:00:05 UTC,
2/17/2018,1518825600,974.77,772079,2018-02-17 00:00:45 UTC,
2/18/2018,1518912000,913.9,756092,2018-02-18 00:00:05 UTC,
2/19/2018,1518998400,939.79,811384,2018-02-19 00:00:20 UTC,
2/20/2018,1519084800,885.52,886897,2018-02-20 00:00:05 UTC,
2/21/2018,1519171200,840.1,850504,2018-02-21 00:00:17 UTC,
2/22/2018,1519257600,804.63,761893,2018-02-22 00:00:03 UTC,
2/23/2018,1519344000,854.7,733084,2018-02-23 00:00:58 UTC,
2/24/2018,1519430400,833.49,732861,2018-02-24 00:00:33 UTC,
2/25/2018,1519516800,840.28,690582,2018-02-25 00:00:21 UTC,
2/26/2018,1519603200,867.62,737453,2018-02-26 00:00:15 UTC,
2/27/2018,1519689600,871.58,694583,2018-02-27 00:00:16 UTC,
2/28/2018,1519776000,851.5,720368,2018-02-28 00:00:10 UTC,
3/1/2018,1519862400,869.87,684404,2018-03-01 00:00:02 UTC,
3/2/2018,1519948800,855.6,744666,2018-03-02 00:00:08 UTC,
3/3/2018,1520035200,855.65,673465,2018-03-03 00:00:02 UTC,
3/4/2018,1520121600,864.83,643241,2018-03-04 00:00:02 UTC,
3/5/2018,1520208000,849.42,752756,2018-03-05 00:00:17 UTC,
3/6/2018,1520294400,815.69,712591,2018-03-06 00:00:15 UTC,
3/7/2018,1520380800,751.13,783757,2018-03-07 00:00:06 UTC,
3/8/2018,1520467200,698.83,690139,2018-03-08 00:00:04 UTC,
3/9/2018,1520553600,726.92,650058,2018-03-09 00:00:02 UTC,
3/10/2018,1520640000,682.3,591377,2018-03-10 00:00:38 UTC,
3/11/2018,1520726400,720.36,608899,2018-03-11 00:00:05 UTC,
3/12/2018,1520812800,697.02,677908,2018-03-12 00:01:02 UTC,
3/13/2018,1520899200,689.96,699093,2018-03-13 00:00:03 UTC,
3/14/2018,1520985600,613.15,671198,2018-03-14 00:00:19 UTC,
3/15/2018,1521072000,610.56,654531,2018-03-15 00:00:33 UTC,
3/16/2018,1521158400,600.53,654584,2018-03-16 00:00:02 UTC,
3/17/2018,1521244800,549.79,593333,2018-03-17 00:00:39 UTC,
3/18/2018,1521331200,537.38,683964,2018-03-18 00:00:10 UTC,
3/19/2018,1521417600,555.55,703891,2018-03-19 00:00:11 UTC,
3/20/2018,1521504000,557.57,661791,2018-03-20 00:00:07 UTC,
3/21/2018,1521590400,559.91,697872,2018-03-21 00:00:15 UTC,
3/22/2018,1521676800,539.89,619453,2018-03-22 00:00:11 UTC,
3/23/2018,1521763200,543.83,677103,2018-03-23 00:00:03 UTC,
3/24/2018,1521849600,520.16,613203,2018-03-24 00:00:01 UTC,
3/25/2018,1521936000,523.01,526372,2018-03-25 00:00:24 UTC,
3/26/2018,1522022400,486.25,626615,2018-03-26 00:00:28 UTC,
3/27/2018,1522108800,448.78,584055,2018-03-27 00:00:26 UTC,
3/28/2018,1522195200,445.93,579858,2018-03-28 00:00:06 UTC,
3/29/2018,1522281600,383.9,583673,2018-03-29 00:00:25 UTC,
3/30/2018,1522368000,393.82,633616,2018-03-30 00:00:26 UTC,
3/31/2018,1522454400,394.07,584396,2018-03-31 00:00:34 UTC,
4/1/2018,1522540800,378.85,545141,2018-04-01 00:00:05 UTC,
4/2/2018,1522627200,384.68,598558,2018-04-02 00:00:06 UTC,
4/3/2018,1522713600,415.93,645924,2018-04-03 00:00:06 UTC,
4/4/2018,1522800000,378.65,628441,2018-04-04 00:01:02 UTC,
4/5/2018,1522886400,381.36,695871,2018-04-05 00:00:05 UTC,
4/6/2018,1522972800,370.35,647981,2018-04-06 00:00:04 UTC,
4/7/2018,1523059200,384.98,535865,2018-04-07 00:00:38 UTC,
4/8/2018,1523145600,400.72,595733,2018-04-08 00:00:01 UTC,
4/9/2018,1523232000,399.02,609799,2018-04-09 00:00:22 UTC,
4/10/2018,1523318400,415.65,571388,2018-04-10 00:00:07 UTC,
4/11/2018,1523404800,430.42,609102,2018-04-11 00:00:02 UTC,
4/12/2018,1523491200,493.95,692606,2018-04-12 00:00:25 UTC,
4/13/2018,1523577600,494.96,730344,2018-04-13 00:00:03 UTC,
4/14/2018,1523664000,502.79,611188,2018-04-14 00:00:15 UTC,
4/15/2018,1523750400,534.15,619985,2018-04-15 00:00:08 UTC,
4/16/2018,1523836800,511.67,664402,2018-04-16 00:00:18 UTC,
4/17/2018,1523923200,503.03,742823,2018-04-17 00:00:11 UTC,
4/18/2018,1524009600,525.78,703293,2018-04-18 00:00:12 UTC,
4/19/2018,1524096000,567.25,814318,2018-04-19 00:00:16 UTC,
4/20/2018,1524182400,617.16,832220,2018-04-20 00:00:04 UTC,
4/21/2018,1524268800,605.17,746104,2018-04-21 00:00:01 UTC,
4/22/2018,1524355200,621.33,748858,2018-04-22 00:00:41 UTC,
4/23/2018,1524441600,644.13,802941,2018-04-23 00:00:13 UTC,
4/24/2018,1524528000,703.35,816286,2018-04-24 00:00:01 UTC,
4/25/2018,1524614400,617.73,799014,2018-04-25 00:00:10 UTC,
4/26/2018,1524700800,661.45,793873,2018-04-26 00:00:04 UTC,
4/27/2018,1524787200,643.33,764479,2018-04-27 00:00:09 UTC,
4/28/2018,1524873600,683.02,775321,2018-04-28 00:00:12 UTC,
4/29/2018,1524960000,689.31,756651,2018-04-29 00:00:08 UTC,
4/30/2018,1525046400,670.04,778133,2018-04-30 00:00:15 UTC,
5/1/2018,1525132800,670.81,713839,2018-05-01 00:00:03 UTC,
5/2/2018,1525219200,686.74,787722,2018-05-02 00:00:39 UTC,
5/3/2018,1525305600,777.62,839586,2018-05-03 00:00:30 UTC,
5/4/2018,1525392000,784.21,1000526,2018-05-04 00:00:12 UTC,
5/5/2018,1525478400,816.58,789261,2018-05-05 00:00:02 UTC,
5/6/2018,1525564800,790.39,691273,2018-05-06 00:00:01 UTC,
5/7/2018,1525651200,752.4,789863,2018-05-07 00:00:02 UTC,
5/8/2018,1525737600,747.79,820098,2018-05-08 00:00:15 UTC,
5/9/2018,1525824000,751.27,831127,2018-05-09 00:00:06 UTC,
5/10/2018,1525910400,723.61,854827,2018-05-10 00:00:33 UTC,
5/11/2018,1525996800,677.8,826099,2018-05-11 00:00:05 UTC,
5/12/2018,1526083200,683.64,788487,2018-05-12 00:00:09 UTC,
5/13/2018,1526169600,729.34,762577,2018-05-13 00:00:15 UTC,
5/14/2018,1526256000,727.41,801650,2018-05-14 00:00:06 UTC,
5/15/2018,1526342400,705.64,779210,2018-05-15 00:00:30 UTC,
5/16/2018,1526428800,706.72,807257,2018-05-16 00:00:07 UTC,
5/17/2018,1526515200,668.38,835761,2018-05-17 00:00:24 UTC,
5/18/2018,1526601600,693.57,831831,2018-05-18 00:00:11 UTC,
5/19/2018,1526688000,696.05,846288,2018-05-19 00:00:11 UTC,
5/20/2018,1526774400,715.15,777283,2018-05-20 00:00:32 UTC,
5/21/2018,1526860800,696.73,802211,2018-05-21 00:00:02 UTC,
5/22/2018,1526947200,640.84,822409,2018-05-22 00:00:13 UTC,
5/23/2018,1527033600,577.01,833377,2018-05-23 00:00:24 UTC,
5/24/2018,1527120000,602.59,811167,2018-05-24 00:00:07 UTC,
5/25/2018,1527206400,584.77,800838,2018-05-25 00:00:15 UTC,
5/26/2018,1527292800,585.76,761932,2018-05-26 00:00:15 UTC,
5/27/2018,1527379200,569.64,776024,2018-05-27 00:00:06 UTC,
5/28/2018,1527465600,512.03,861002,2018-05-28 00:00:07 UTC,
5/29/2018,1527552000,566.59,812332,2018-05-29 00:00:29 UTC,
5/30/2018,1527638400,557.12,817144,2018-05-30 00:00:33 UTC,
5/31/2018,1527724800,577.23,832841,2018-05-31 00:00:07 UTC,
6/1/2018,1527811200,579.01,758117,2018-06-01 00:00:29 UTC,
6/2/2018,1527897600,590.53,768017,2018-06-02 00:00:01 UTC,
6/3/2018,1527984000,619.04,809997,2018-06-03 00:00:13 UTC,
6/4/2018,1528070400,591.31,807165,2018-06-04 00:00:02 UTC,
6/5/2018,1528156800,608.23,780654,2018-06-05 00:00:17 UTC,
6/6/2018,1528243200,606.3,754070,2018-06-06 00:00:11 UTC,
6/7/2018,1528329600,604.44,775828,2018-06-07 00:00:25 UTC,
6/8/2018,1528416000,599.55,720017,2018-06-08 00:00:22 UTC,
6/9/2018,1528502400,593.38,769427,2018-06-09 00:00:06 UTC,
6/10/2018,1528588800,524.74,771280,2018-06-10 00:00:01 UTC,
6/11/2018,1528675200,531.15,768985,2018-06-11 00:00:23 UTC,
6/12/2018,1528761600,494.53,770199,2018-06-12 00:00:12 UTC,
6/13/2018,1528848000,476.3,797637,2018-06-13 00:00:05 UTC,
6/14/2018,1528934400,519.83,765916,2018-06-14 00:00:07 UTC,
6/15/2018,1529020800,487.51,763803,2018-06-15 00:00:05 UTC,
6/16/2018,1529107200,497.22,639775,2018-06-16 00:00:09 UTC,
6/17/2018,1529193600,496.74,648548,2018-06-17 00:00:06 UTC,
6/18/2018,1529280000,517.63,695753,2018-06-18 00:00:13 UTC,
6/19/2018,1529366400,538.45,778765,2018-06-19 00:00:01 UTC,
6/20/2018,1529452800,536.16,803076,2018-06-20 00:00:01 UTC,
6/21/2018,1529539200,525.77,752035,2018-06-21 00:00:21 UTC,
6/22/2018,1529625600,462.16,770457,2018-06-22 00:00:02 UTC,
6/23/2018,1529712000,474.18,675918,2018-06-23 00:00:34 UTC,
6/24/2018,1529798400,455.25,671994,2018-06-24 00:00:19 UTC,
6/25/2018,1529884800,458.82,837265,2018-06-25 00:00:16 UTC,
6/26/2018,1529971200,429.58,732170,2018-06-26 00:00:10 UTC,
6/27/2018,1530057600,441.75,771938,2018-06-27 00:00:14 UTC,
6/28/2018,1530144000,420.72,744784,2018-06-28 00:00:07 UTC,
6/29/2018,1530230400,435.25,735092,2018-06-29 00:00:02 UTC,
6/30/2018,1530316800,453.42,632981,2018-06-30 00:00:16 UTC,
7/1/2018,1530403200,451.95,622633,2018-07-01 00:00:05 UTC,
7/2/2018,1530489600,476.58,489559,2018-07-02 00:00:09 UTC,
7/3/2018,1530576000,461.95,573532,2018-07-03 00:00:03 UTC,
7/4/2018,1530662400,467.19,447112,2018-07-04 00:00:24 UTC,
7/5/2018,1530748800,467.55,527586,2018-07-05 00:00:05 UTC,
7/6/2018,1530835200,469.93,459075,2018-07-06 00:00:28 UTC,
7/7/2018,1530921600,485.81,484105,2018-07-07 00:00:21 UTC,
7/8/2018,1531008000,486.19,631505,2018-07-08 00:00:13 UTC,
7/9/2018,1531094400,471.48,651926,2018-07-09 00:00:02 UTC,
7/10/2018,1531180800,432.69,691771,2018-07-10 00:00:16 UTC,
7/11/2018,1531267200,445.59,643920,2018-07-11 00:00:10 UTC,
7/12/2018,1531353600,430.91,566058,2018-07-12 00:00:05 UTC,
7/13/2018,1531440000,432.46,563317,2018-07-13 00:00:01 UTC,
7/14/2018,1531526400,433.74,508951,2018-07-14 00:00:09 UTC,
7/15/2018,1531612800,449.62,453706,2018-07-15 00:00:47 UTC,
7/16/2018,1531699200,478.75,703999,2018-07-16 00:00:05 UTC,
7/17/2018,1531785600,499.06,701292,2018-07-17 00:00:09 UTC,
7/18/2018,1531872000,479.02,746145,2018-07-18 00:00:32 UTC,
7/19/2018,1531958400,468.65,734702,2018-07-19 00:00:29 UTC,
7/20/2018,1532044800,448.84,671608,2018-07-20 00:00:07 UTC,
7/21/2018,1532131200,461.04,620634,2018-07-21 00:00:10 UTC,
7/22/2018,1532217600,457.65,675356,2018-07-22 00:00:12 UTC,
7/23/2018,1532304000,449.63,758702,2018-07-23 00:00:05 UTC,
7/24/2018,1532390400,479.47,784865,2018-07-24 00:00:21 UTC,
7/25/2018,1532476800,471.28,787527,2018-07-25 00:00:06 UTC,
7/26/2018,1532563200,462.03,725630,2018-07-26 00:00:05 UTC,
7/27/2018,1532649600,469.69,788715,2018-07-27 00:00:08 UTC,
7/28/2018,1532736000,468.55,704019,2018-07-28 00:00:37 UTC,
7/29/2018,1532822400,466.2,716308,2018-07-29 00:00:21 UTC,
7/30/2018,1532908800,456.56,757712,2018-07-30 00:00:31 UTC,
7/31/2018,1532995200,431.99,745063,2018-07-31 00:00:21 UTC,
8/1/2018,1533081600,419.87,757758,2018-08-01 00:00:17 UTC,
8/2/2018,1533168000,410.83,779928,2018-08-02 00:00:17 UTC,
8/3/2018,1533254400,417.62,753190,2018-08-03 00:00:10 UTC,
8/4/2018,1533340800,406.91,720548,2018-08-04 00:00:03 UTC,
8/5/2018,1533427200,408.81,704249,2018-08-05 00:00:02 UTC,
8/6/2018,1533513600,404.95,699536,2018-08-06 00:00:04 UTC,
8/7/2018,1533600000,377.94,636342,2018-08-07 00:00:07 UTC,
8/8/2018,1533686400,355.57,565663,2018-08-08 00:00:35 UTC,
8/9/2018,1533772800,363.51,538530,2018-08-09 00:00:02 UTC,
8/10/2018,1533859200,331.57,613892,2018-08-10 00:00:16 UTC,
8/11/2018,1533945600,309.01,657312,2018-08-11 00:00:34 UTC,
8/12/2018,1534032000,309.01,641927,2018-08-12 00:00:14 UTC,
8/13/2018,1534118400,284.03,694941,2018-08-13 00:00:04 UTC,
8/14/2018,1534204800,278.31,690348,2018-08-14 00:00:10 UTC,
8/15/2018,1534291200,281.24,648565,2018-08-15 00:00:13 UTC,
8/16/2018,1534377600,286.8,716732,2018-08-16 00:00:02 UTC,
8/17/2018,1534464000,317.57,607270,2018-08-17 00:00:08 UTC,
8/18/2018,1534550400,294.85,627522,2018-08-18 00:00:08 UTC,
8/19/2018,1534636800,299.62,599660,2018-08-19 00:00:10 UTC,
8/20/2018,1534723200,270.81,663769,2018-08-20 00:00:07 UTC,
8/21/2018,1534809600,281.13,605685,2018-08-21 00:00:10 UTC,
8/22/2018,1534896000,270.37,594872,2018-08-22 00:00:16 UTC,
8/23/2018,1534982400,275.83,599557,2018-08-23 00:00:18 UTC,
8/24/2018,1535068800,281.37,596227,2018-08-24 00:00:10 UTC,
8/25/2018,1535155200,277.56,577239,2018-08-25 00:00:11 UTC,
8/26/2018,1535241600,274.3,574117,2018-08-26 00:00:06 UTC,
8/27/2018,1535328000,288.02,645890,2018-08-27 00:00:16 UTC,
8/28/2018,1535414400,295.55,613844,2018-08-28 00:00:01 UTC,
8/29/2018,1535500800,288.67,546841,2018-08-29 00:00:03 UTC,
8/30/2018,1535587200,284.15,592847,2018-08-30 00:00:29 UTC,
8/31/2018,1535673600,281.66,577258,2018-08-31 00:00:02 UTC,
9/1/2018,1535760000,295.36,656254,2018-09-01 00:00:13 UTC,
9/2/2018,1535846400,295.02,620267,2018-09-02 00:00:26 UTC,
9/3/2018,1535932800,288.97,631429,2018-09-03 00:00:01 UTC,
9/4/2018,1536019200,285.23,589521,2018-09-04 00:00:07 UTC,
9/5/2018,1536105600,228.27,626957,2018-09-05 00:00:09 UTC,
9/6/2018,1536192000,229.52,588959,2018-09-06 00:00:16 UTC,
9/7/2018,1536278400,215.14,582184,2018-09-07 00:01:18 UTC,
9/8/2018,1536364800,196.77,543337,2018-09-08 00:00:01 UTC,
9/9/2018,1536451200,195.99,565662,2018-09-09 00:00:27 UTC,
9/10/2018,1536537600,197.14,561580,2018-09-10 00:00:18 UTC,
9/11/2018,1536624000,185.15,557317,2018-09-11 00:00:08 UTC,
9/12/2018,1536710400,183.03,570702,2018-09-12 00:00:23 UTC,
9/13/2018,1536796800,211.27,555724,2018-09-13 00:00:03 UTC,
9/14/2018,1536883200,208.87,514394,2018-09-14 00:00:15 UTC,
9/15/2018,1536969600,221.63,479695,2018-09-15 00:00:01 UTC,
9/16/2018,1537056000,220.12,458432,2018-09-16 00:00:19 UTC,
9/17/2018,1537142400,196.04,553720,2018-09-17 00:00:14 UTC,
9/18/2018,1537228800,208.39,500513,2018-09-18 00:00:55 UTC,
9/19/2018,1537315200,209.78,507255,2018-09-19 00:00:04 UTC,
9/20/2018,1537401600,224.76,498146,2018-09-20 00:00:05 UTC,
9/21/2018,1537488000,247.69,544686,2018-09-21 00:00:31 UTC,
9/22/2018,1537574400,240.78,470309,2018-09-22 00:00:07 UTC,
9/23/2018,1537660800,244.55,468627,2018-09-23 00:00:05 UTC,
9/24/2018,1537747200,227.92,480337,2018-09-24 00:00:16 UTC,
9/25/2018,1537833600,219.2,519108,2018-09-25 00:00:05 UTC,
9/26/2018,1537920000,214.21,493507,2018-09-26 00:00:03 UTC,
9/27/2018,1538006400,229.09,504084,2018-09-27 00:00:14 UTC,
9/28/2018,1538092800,221.56,500370,2018-09-28 00:00:07 UTC,
9/29/2018,1538179200,231.32,434315,2018-09-29 00:00:07 UTC,
9/30/2018,1538265600,232.6,479351,2018-09-30 00:00:26 UTC,
10/1/2018,1538352000,230.89,476308,2018-10-01 00:00:12 UTC,
10/2/2018,1538438400,225.41,490262,2018-10-02 00:00:02 UTC,
10/3/2018,1538524800,219.97,559006,2018-10-03 00:00:03 UTC,
10/4/2018,1538611200,221.76,559181,2018-10-04 00:00:01 UTC,
10/5/2018,1538697600,227.9,595361,2018-10-05 00:00:10 UTC,
10/6/2018,1538784000,224.62,596865,2018-10-06 00:00:09 UTC,
10/7/2018,1538870400,225.65,497767,2018-10-07 00:00:03 UTC,
10/8/2018,1538956800,229.33,542842,2018-10-08 00:00:15 UTC,
10/9/2018,1539043200,227.49,537028,2018-10-09 00:00:07 UTC,
10/10/2018,1539129600,225.26,516772,2018-10-10 00:00:01 UTC,
10/11/2018,1539216000,189.83,570525,2018-10-11 00:00:03 UTC,
10/12/2018,1539302400,195.97,562140,2018-10-12 00:00:10 UTC,
10/13/2018,1539388800,199.45,541797,2018-10-13 00:00:28 UTC,
10/14/2018,1539475200,194.99,511719,2018-10-14 00:00:09 UTC,
10/15/2018,1539561600,210.8,562040,2018-10-15 00:00:11 UTC,
10/16/2018,1539648000,210.22,575433,2018-10-16 00:00:08 UTC,
10/17/2018,1539734400,207.6,580342,2018-10-17 00:00:09 UTC,
10/18/2018,1539820800,202.49,565791,2018-10-18 00:00:02 UTC,
10/19/2018,1539907200,202.86,601119,2018-10-19 00:00:02 UTC,
10/20/2018,1539993600,205.08,534080,2018-10-20 00:00:25 UTC,
10/21/2018,1540080000,204.77,508014,2018-10-21 00:00:11 UTC,
10/22/2018,1540166400,203.6,577314,2018-10-22 00:00:20 UTC,
10/23/2018,1540252800,203.7,556231,2018-10-23 00:00:07 UTC,
10/24/2018,1540339200,202.92,532747,2018-10-24 00:00:03 UTC,
10/25/2018,1540425600,201.23,537198,2018-10-25 00:00:43 UTC,
10/26/2018,1540512000,203.37,551218,2018-10-26 00:00:03 UTC,
10/27/2018,1540598400,202.79,499165,2018-10-27 00:00:22 UTC,
10/28/2018,1540684800,203.72,509862,2018-10-28 00:00:02 UTC,
10/29/2018,1540771200,195.67,614695,2018-10-29 00:00:06 UTC,
10/30/2018,1540857600,196.19,608397,2018-10-30 00:00:11 UTC,
10/31/2018,1540944000,197.85,585707,2018-10-31 00:00:01 UTC,
11/1/2018,1541030400,198.73,589096,2018-11-01 00:00:20 UTC,
11/2/2018,1541116800,201.02,548548,2018-11-02 00:00:27 UTC,
11/3/2018,1541203200,199.47,505001,2018-11-03 00:00:04 UTC,
11/4/2018,1541289600,211.3,510848,2018-11-04 00:00:12 UTC,
11/5/2018,1541376000,209.7,582354,2018-11-05 00:00:37 UTC,
11/6/2018,1541462400,219.56,597166,2018-11-06 00:00:28 UTC,
11/7/2018,1541548800,217.99,564602,2018-11-07 00:00:02 UTC,
11/8/2018,1541635200,211.29,555392,2018-11-08 00:00:41 UTC,
11/9/2018,1541721600,209.39,547848,2018-11-09 00:00:23 UTC,
