Date(UTC),UnixTimeStamp,Value,Scaled Value,Transaction Count,Transaction Date,
9/1/2015,1441065600,1.36,1326,5153,2015-09-01 00:00:20 UTC,
9/2/2015,1441152000,1.14,1111,5195,2015-09-02 00:01:14 UTC,
9/3/2015,1441238400,1.23,1199,4777,2015-09-03 00:00:14 UTC,
9/4/2015,1441324800,1.35,1316,5642,2015-09-04 00:00:18 UTC,
9/5/2015,1441411200,1.37,1335,5519,2015-09-05 00:00:59 UTC,
9/6/2015,1441497600,1.34,1306,5521,2015-09-06 00:00:20 UTC,
9/7/2015,1441584000,1.28,1248,5702,2015-09-07 00:00:11 UTC,
9/8/2015,1441670400,1.26,1228,5624,2015-09-08 00:00:47 UTC,
9/9/2015,1441756800,1.21,1179,5602,2015-09-09 00:00:07 UTC,
9/10/2015,1441843200,1.19,1160,5341,2015-09-10 00:00:27 UTC,
9/11/2015,1441929600,0.92,897,6460,2015-09-11 00:00:32 UTC,
9/12/2015,1442016000,1.15,1121,5596,2015-09-12 00:00:02 UTC,
9/13/2015,1442102400,0.89,867,6057,2015-09-13 00:00:07 UTC,
9/14/2015,1442188800,0.96,936,5572,2015-09-14 00:01:12 UTC,
9/15/2015,1442275200,0.95,926,5409,2015-09-15 00:00:13 UTC,
9/16/2015,1442361600,0.94,916,5872,2015-09-16 00:00:27 UTC,
9/17/2015,1442448000,0.88,858,5368,2015-09-17 00:00:36 UTC,
9/18/2015,1442534400,0.85,828,5802,2015-09-18 00:00:17 UTC,
9/19/2015,1442620800,0.89,867,5205,2015-09-19 00:00:14 UTC,
9/20/2015,1442707200,0.89,867,6402,2015-09-20 00:00:02 UTC,
9/21/2015,1442793600,0.94,916,6305,2015-09-21 00:00:19 UTC,
9/22/2015,1442880000,0.81,789,6804,2015-09-22 00:00:34 UTC,
9/23/2015,1442966400,0.91,887,7404,2015-09-23 00:00:14 UTC,
9/24/2015,1443052800,0.8,780,6224,2015-09-24 00:00:15 UTC,
9/25/2015,1443139200,0.68,663,5851,2015-09-25 00:00:17 UTC,
9/26/2015,1443225600,0.77,750,5907,2015-09-26 00:00:16 UTC,
9/27/2015,1443312000,0.7,682,5760,2015-09-27 00:00:16 UTC,
9/28/2015,1443398400,0.6,585,6123,2015-09-28 00:00:08 UTC,
9/29/2015,1443484800,0.68,663,5738,2015-09-29 00:00:02 UTC,
9/30/2015,1443571200,0.71,692,5870,2015-09-30 00:00:46 UTC,
10/1/2015,1443657600,0.65,634,6421,2015-10-01 00:00:17 UTC,
10/2/2015,1443744000,0.66,643,6063,2015-10-02 00:00:13 UTC,
10/3/2015,1443830400,0.68,663,6112,2015-10-03 00:01:00 UTC,
10/4/2015,1443916800,0.61,595,6624,2015-10-04 00:00:41 UTC,
10/5/2015,1444003200,0.61,595,6279,2015-10-05 00:00:13 UTC,
10/6/2015,1444089600,0.65,634,6458,2015-10-06 00:00:16 UTC,
10/7/2015,1444176000,0.6,585,7121,2015-10-07 00:00:21 UTC,
10/8/2015,1444262400,0.62,604,6926,2015-10-08 00:00:15 UTC,
10/9/2015,1444348800,0.64,624,6763,2015-10-09 00:00:17 UTC,
10/10/2015,1444435200,0.64,624,6529,2015-10-10 00:00:03 UTC,
10/11/2015,1444521600,0.6,585,6023,2015-10-11 00:00:21 UTC,
10/12/2015,1444608000,0.63,614,6594,2015-10-12 00:00:04 UTC,
10/13/2015,1444694400,0.6,585,6817,2015-10-13 00:00:02 UTC,
10/14/2015,1444780800,0.5,487,6830,2015-10-14 00:00:24 UTC,
10/15/2015,1444867200,0.56,546,6499,2015-10-15 00:00:05 UTC,
10/16/2015,1444953600,0.53,517,6795,2015-10-16 00:00:29 UTC,
10/17/2015,1445040000,0.52,507,6567,2015-10-17 00:00:28 UTC,
10/18/2015,1445126400,0.51,497,6481,2015-10-18 00:00:37 UTC,
10/19/2015,1445212800,0.5,487,6604,2015-10-19 00:00:15 UTC,
10/20/2015,1445299200,0.44,429,5897,2015-10-20 00:00:11 UTC,
10/22/2015,1445472000,0.61,595,6182,2015-10-21 00:00:09 UTC,
10/21/2015,1445385600,0.42,409,5979,2015-10-22 00:00:09 UTC,
10/23/2015,1445558400,0.56,546,6888,2015-10-23 00:00:42 UTC,
10/24/2015,1445644800,0.56,546,6361,2015-10-24 00:00:19 UTC,
10/25/2015,1445731200,0.62,604,5830,2015-10-25 00:00:09 UTC,
10/26/2015,1445817600,0.71,692,5938,2015-10-26 00:00:35 UTC,
10/27/2015,1445904000,0.83,809,6784,2015-10-27 00:00:11 UTC,
10/28/2015,1445990400,0.99,965,7347,2015-10-28 00:00:14 UTC,
10/29/2015,1446076800,1.12,1092,7835,2015-10-29 00:00:38 UTC,
10/30/2015,1446163200,1.14,1111,7941,2015-10-30 00:00:01 UTC,
10/31/2015,1446249600,0.87,848,7557,2015-10-31 00:00:21 UTC,
11/1/2015,1446336000,0.99,965,6915,2015-11-01 00:00:08 UTC,
11/2/2015,1446422400,0.99,965,6558,2015-11-02 00:00:25 UTC,
11/3/2015,1446508800,1.06,1033,7399,2015-11-03 00:00:03 UTC,
11/4/2015,1446595200,0.8,780,7037,2015-11-04 00:00:10 UTC,
11/5/2015,1446681600,0.88,858,7498,2015-11-05 00:00:44 UTC,
11/6/2015,1446768000,0.99,965,7882,2015-11-06 00:00:33 UTC,
11/7/2015,1446854400,0.93,906,10996,2015-11-07 00:00:05 UTC,
11/8/2015,1446940800,1,975,12413,2015-11-08 00:00:29 UTC,
11/9/2015,1447027200,1,975,7689,2015-11-09 00:00:22 UTC,
11/10/2015,1447113600,0.9,877,8151,2015-11-10 00:00:07 UTC,
11/11/2015,1447200000,0.75,731,10217,2015-11-11 00:00:12 UTC,
11/12/2015,1447286400,0.88,858,9536,2015-11-12 00:00:02 UTC,
11/13/2015,1447372800,0.9,877,7889,2015-11-13 00:00:13 UTC,
11/14/2015,1447459200,0.88,858,7211,2015-11-14 00:00:08 UTC,
11/15/2015,1447545600,0.92,897,7170,2015-11-15 00:00:42 UTC,
11/16/2015,1447632000,0.93,906,7442,2015-11-16 00:00:21 UTC,
11/17/2015,1447718400,1,975,7145,2015-11-17 00:00:17 UTC,
11/18/2015,1447804800,1,975,7373,2015-11-18 00:00:11 UTC,
11/19/2015,1447891200,0.94,916,8876,2015-11-19 00:00:05 UTC,
11/20/2015,1447977600,0.92,897,6348,2015-11-20 00:00:38 UTC,
11/21/2015,1448064000,0.96,936,6822,2015-11-21 00:00:11 UTC,
11/22/2015,1448150400,0.97,945,7083,2015-11-22 00:00:05 UTC,
11/23/2015,1448236800,0.92,897,8260,2015-11-23 00:00:16 UTC,
11/24/2015,1448323200,0.91,887,7152,2015-11-24 00:01:06 UTC,
11/25/2015,1448409600,0.87,848,7098,2015-11-25 00:00:21 UTC,
11/26/2015,1448496000,0.86,838,7278,2015-11-26 00:00:29 UTC,
11/27/2015,1448582400,0.88,858,6639,2015-11-27 00:00:24 UTC,
11/28/2015,1448668800,0.91,887,6817,2015-11-28 00:00:20 UTC,
11/29/2015,1448755200,0.87,848,6853,2015-11-29 00:00:27 UTC,
11/30/2015,1448841600,0.88,858,8986,2015-11-30 00:00:17 UTC,
12/1/2015,1448928000,0.87,848,6794,2015-12-01 00:00:01 UTC,
12/3/2015,1449100800,0.83,809,6502,2015-12-02 00:00:02 UTC,
12/2/2015,1449014400,0.82,799,6971,2015-12-03 00:00:17 UTC,
12/4/2015,1449187200,0.84,819,6898,2015-12-04 00:00:07 UTC,
12/5/2015,1449273600,0.87,848,6784,2015-12-05 00:00:01 UTC,
12/6/2015,1449360000,0.83,809,9103,2015-12-06 00:00:03 UTC,
12/7/2015,1449446400,0.79,770,7141,2015-12-07 00:00:14 UTC,
12/8/2015,1449532800,0.81,789,6697,2015-12-08 00:00:04 UTC,
12/9/2015,1449619200,0.81,789,7001,2015-12-09 00:00:03 UTC,
12/10/2015,1449705600,0.84,819,7444,2015-12-10 00:00:03 UTC,
12/11/2015,1449792000,0.9,877,8105,2015-12-11 00:00:09 UTC,
12/12/2015,1449878400,0.96,936,8205,2015-12-12 00:00:14 UTC,
12/13/2015,1449964800,0.92,897,7426,2015-12-13 00:00:02 UTC,
12/14/2015,1450051200,0.99,965,15550,2015-12-14 00:00:27 UTC,
12/15/2015,1450137600,1,975,21098,2015-12-15 00:00:28 UTC,
12/16/2015,1450224000,0.8,780,10304,2015-12-16 00:00:06 UTC,
12/17/2015,1450310400,0.94,916,9612,2015-12-17 00:00:01 UTC,
12/18/2015,1450396800,0.9,877,9032,2015-12-18 00:00:05 UTC,
12/19/2015,1450483200,0.89,867,9314,2015-12-19 00:00:03 UTC,
12/20/2015,1450569600,1.07,1043,9879,2015-12-20 00:00:12 UTC,
12/21/2015,1450656000,0.91,887,12063,2015-12-21 00:00:07 UTC,
12/22/2015,1450742400,0.88,858,21027,2015-12-22 00:00:03 UTC,
12/23/2015,1450828800,0.87,848,22740,2015-12-23 00:00:19 UTC,
12/24/2015,1450915200,0.87,848,13494,2015-12-24 00:00:06 UTC,
12/25/2015,1451001600,0.88,858,9521,2015-12-25 00:00:06 UTC,
12/26/2015,1451088000,0.85,828,10726,2015-12-26 00:00:50 UTC,
12/27/2015,1451174400,0.92,897,21867,2015-12-27 00:00:23 UTC,
12/28/2015,1451260800,0.87,848,12368,2015-12-28 00:00:08 UTC,
12/29/2015,1451347200,0.86,838,11358,2015-12-29 00:00:23 UTC,
12/30/2015,1451433600,0.89,867,21768,2015-12-30 00:00:51 UTC,
12/31/2015,1451520000,0.95,926,10300,2015-12-31 00:00:03 UTC,
1/1/2016,1451606400,0.92,897,8233,2016-01-01 00:00:04 UTC,
1/2/2016,1451692800,0.95,926,9164,2016-01-02 00:00:24 UTC,
1/3/2016,1451779200,0.96,936,9258,2016-01-03 00:00:06 UTC,
1/4/2016,1451865600,0.95,926,9474,2016-01-04 00:00:29 UTC,
1/5/2016,1451952000,0.94,916,16432,2016-01-05 00:00:06 UTC,
1/6/2016,1452038400,0.95,926,17072,2016-01-06 00:00:41 UTC,
1/7/2016,1452124800,0.94,916,22075,2016-01-07 00:00:25 UTC,
1/8/2016,1452211200,0.99,965,10919,2016-01-08 00:00:34 UTC,
1/9/2016,1452297600,0.99,965,11793,2016-01-09 00:00:22 UTC,
1/10/2016,1452384000,1,975,10320,2016-01-10 00:00:05 UTC,
1/11/2016,1452470400,1.08,1053,10893,2016-01-11 00:00:08 UTC,
1/12/2016,1452556800,1.22,1189,10862,2016-01-12 00:00:35 UTC,
1/13/2016,1452643200,1.14,1111,17665,2016-01-13 00:00:40 UTC,
1/14/2016,1452729600,1.16,1131,10653,2016-01-14 00:00:28 UTC,
1/15/2016,1452816000,1.2,1170,9875,2016-01-15 00:00:38 UTC,
1/16/2016,1452902400,1.22,1189,10664,2016-01-16 00:00:07 UTC,
1/17/2016,1452988800,1.31,1277,9747,2016-01-17 00:00:12 UTC,
1/18/2016,1453075200,1.47,1433,12918,2016-01-18 00:00:02 UTC,
1/19/2016,1453161600,1.22,1189,13418,2016-01-19 00:00:09 UTC,
1/20/2016,1453248000,1.54,1501,10610,2016-01-20 00:00:28 UTC,
1/21/2016,1453334400,1.54,1501,10734,2016-01-21 00:00:05 UTC,
1/22/2016,1453420800,1.52,1481,13848,2016-01-22 00:00:04 UTC,
1/23/2016,1453507200,2.03,1979,11025,2016-01-23 00:00:24 UTC,
1/24/2016,1453593600,2.1,2047,12798,2016-01-24 00:01:18 UTC,
1/25/2016,1453680000,2.5,2437,17121,2016-01-25 00:00:04 UTC,
1/26/2016,1453766400,2.3,2242,16511,2016-01-26 00:00:08 UTC,
1/27/2016,1453852800,2.42,2359,18747,2016-01-27 00:00:20 UTC,
1/28/2016,1453939200,2.55,2485,16765,2016-01-28 00:01:02 UTC,
1/29/2016,1454025600,2.41,2349,16395,2016-01-29 00:00:05 UTC,
1/30/2016,1454112000,2.44,2378,14661,2016-01-30 00:00:11 UTC,
1/31/2016,1454198400,2.2,2144,14166,2016-01-31 00:00:06 UTC,
2/1/2016,1454284800,2.17,2115,14199,2016-02-01 00:00:03 UTC,
2/2/2016,1454371200,2.45,2388,14291,2016-02-02 00:00:05 UTC,
2/3/2016,1454457600,2.53,2466,14274,2016-02-03 00:00:03 UTC,
2/4/2016,1454544000,2.57,2505,14371,2016-02-04 00:00:17 UTC,
2/5/2016,1454630400,2.56,2495,15249,2016-02-05 00:00:04 UTC,
2/6/2016,1454716800,2.53,2466,31418,2016-02-06 00:00:03 UTC,
2/7/2016,1454803200,3,2924,14264,2016-02-07 00:00:15 UTC,
2/8/2016,1454889600,3.16,3080,14719,2016-02-08 00:00:14 UTC,
2/9/2016,1454976000,3.76,3665,15517,2016-02-09 00:00:16 UTC,
2/10/2016,1455062400,4.35,4240,17141,2016-02-10 00:00:42 UTC,
2/11/2016,1455148800,6.38,6218,21448,2016-02-11 00:00:24 UTC,
2/13/2016,1455321600,5.22,5088,18101,2016-02-12 00:00:03 UTC,
2/12/2016,1455235200,5.27,5136,19327,2016-02-13 00:00:31 UTC,
2/14/2016,1455408000,5.2,5068,16624,2016-02-14 00:00:39 UTC,
2/15/2016,1455494400,5.22,5088,17159,2016-02-15 00:00:06 UTC,
2/16/2016,1455580800,4.25,4142,17549,2016-02-16 00:00:37 UTC,
2/17/2016,1455667200,3.86,3762,19990,2016-02-17 00:00:16 UTC,
2/18/2016,1455753600,4.36,4249,16969,2016-02-18 00:00:30 UTC,
2/19/2016,1455840000,4.45,4337,18412,2016-02-19 00:00:38 UTC,
2/20/2016,1455926400,4.37,4259,16717,2016-02-20 00:00:08 UTC,
2/21/2016,1456012800,4.63,4513,17116,2016-02-21 00:00:03 UTC,
2/22/2016,1456099200,5.6,5458,18190,2016-02-22 00:00:09 UTC,
2/23/2016,1456185600,5.7,5556,18482,2016-02-23 00:00:01 UTC,
2/24/2016,1456272000,6.23,6072,19540,2016-02-24 00:00:50 UTC,
2/25/2016,1456358400,5.93,5780,19503,2016-02-25 00:00:13 UTC,
2/26/2016,1456444800,6.03,5877,21068,2016-02-26 00:00:13 UTC,
2/27/2016,1456531200,6.31,6150,18981,2016-02-27 00:00:01 UTC,
2/28/2016,1456617600,6.5,6335,19063,2016-02-28 00:00:16 UTC,
2/29/2016,1456704000,6.35,6189,20358,2016-02-29 00:00:50 UTC,
3/1/2016,1456790400,7.59,7398,21778,2016-03-01 00:00:21 UTC,
3/2/2016,1456876800,8.7,8479,23562,2016-03-02 00:00:25 UTC,
3/3/2016,1456963200,9.35,9113,24837,2016-03-03 00:00:03 UTC,
3/4/2016,1457049600,9.96,9708,24287,2016-03-04 00:00:07 UTC,
3/5/2016,1457136000,11,10721,27115,2016-03-05 00:00:18 UTC,
3/6/2016,1457222400,10.98,10702,27661,2016-03-06 00:00:11 UTC,
3/7/2016,1457308800,9.5,9259,23271,2016-03-07 00:00:11 UTC,
3/8/2016,1457395200,9.88,9630,24105,2016-03-08 00:00:49 UTC,
3/9/2016,1457481600,11.55,11257,24557,2016-03-09 00:00:10 UTC,
3/10/2016,1457568000,11.11,10828,24814,2016-03-10 00:00:19 UTC,
3/11/2016,1457654400,11.25,10965,23124,2016-03-11 00:00:34 UTC,
3/12/2016,1457740800,13.25,12914,27887,2016-03-12 00:00:01 UTC,
3/13/2016,1457827200,15,14620,28127,2016-03-13 00:00:52 UTC,
3/14/2016,1457913600,12.5,12183,28528,2016-03-14 00:00:05 UTC,
3/15/2016,1458000000,13.09,12758,29273,2016-03-15 00:00:15 UTC,
3/16/2016,1458086400,12.92,12592,27596,2016-03-16 00:00:02 UTC,
3/17/2016,1458172800,11.14,10858,33531,2016-03-17 00:00:28 UTC,
3/18/2016,1458259200,10.75,10477,31821,2016-03-18 00:00:06 UTC,
3/19/2016,1458345600,10.55,10283,34780,2016-03-19 00:00:04 UTC,
3/20/2016,1458432000,10.06,9805,32446,2016-03-20 00:00:16 UTC,
3/21/2016,1458518400,11.97,11667,32526,2016-03-21 00:00:03 UTC,
3/22/2016,1458604800,10.96,10682,32875,2016-03-22 00:00:14 UTC,
3/23/2016,1458691200,12.29,11978,31786,2016-03-23 00:00:57 UTC,
3/24/2016,1458777600,11.13,10848,36947,2016-03-24 00:00:11 UTC,
3/25/2016,1458864000,10.69,10419,36762,2016-03-25 00:00:15 UTC,
3/26/2016,1458950400,11,10721,36646,2016-03-26 00:01:07 UTC,
3/27/2016,1459036800,10.5,10234,29974,2016-03-27 00:00:35 UTC,
3/28/2016,1459123200,11.58,11286,33613,2016-03-28 00:00:07 UTC,
3/29/2016,1459209600,11.73,11433,33945,2016-03-29 00:00:02 UTC,
3/30/2016,1459296000,11.88,11579,36737,2016-03-30 00:00:03 UTC,
3/31/2016,1459382400,11.41,11121,32259,2016-03-31 00:00:07 UTC,
4/1/2016,1459468800,11.63,11335,33320,2016-04-01 00:00:11 UTC,
4/2/2016,1459555200,11.61,11316,29358,2016-04-02 00:00:06 UTC,
4/3/2016,1459641600,11.58,11286,29588,2016-04-03 00:01:18 UTC,
4/4/2016,1459728000,11.1,10819,34907,2016-04-04 00:00:07 UTC,
4/5/2016,1459814400,10.39,10127,39173,2016-04-05 00:00:03 UTC,
4/6/2016,1459900800,10.79,10516,32078,2016-04-06 00:00:26 UTC,
4/7/2016,1459987200,10.08,9824,31893,2016-04-07 00:00:23 UTC,
4/8/2016,1460073600,9.74,9493,34010,2016-04-08 00:00:06 UTC,
4/9/2016,1460160000,9.16,8928,31923,2016-04-09 00:00:19 UTC,
4/10/2016,1460246400,8.8,8577,32237,2016-04-10 00:00:19 UTC,
4/11/2016,1460332800,8.72,8499,30327,2016-04-11 00:00:05 UTC,
4/12/2016,1460419200,7.53,7339,34673,2016-04-12 00:00:04 UTC,
4/13/2016,1460505600,8.02,7817,36051,2016-04-13 00:00:17 UTC,
4/14/2016,1460592000,8.48,8265,34781,2016-04-14 00:00:01 UTC,
4/15/2016,1460678400,8.22,8012,34959,2016-04-15 00:00:28 UTC,
4/16/2016,1460764800,8.48,8265,30483,2016-04-16 00:00:16 UTC,
4/17/2016,1460851200,9.45,9210,40203,2016-04-17 00:00:21 UTC,
4/18/2016,1460937600,8.92,8694,33513,2016-04-18 00:00:05 UTC,
4/19/2016,1461024000,8.77,8548,32622,2016-04-19 00:00:11 UTC,
4/20/2016,1461110400,8.54,8324,32944,2016-04-20 00:00:07 UTC,
4/21/2016,1461196800,8.15,7943,37181,2016-04-21 00:00:04 UTC,
4/22/2016,1461283200,7.83,7632,31678,2016-04-22 00:01:09 UTC,
4/23/2016,1461369600,8.31,8099,31845,2016-04-23 00:00:12 UTC,
4/24/2016,1461456000,8,7797,34046,2016-04-24 00:00:02 UTC,
4/25/2016,1461542400,7.43,7242,35430,2016-04-25 00:00:07 UTC,
4/26/2016,1461628800,7.5,7310,32582,2016-04-26 00:00:23 UTC,
4/27/2016,1461715200,7.77,7573,33847,2016-04-27 00:00:13 UTC,
4/28/2016,1461801600,7.3,7115,34343,2016-04-28 00:00:10 UTC,
4/29/2016,1461888000,7.51,7320,37332,2016-04-29 00:00:09 UTC,
4/30/2016,1461974400,8.83,8606,45769,2016-04-30 00:00:12 UTC,
5/1/2016,1462060800,8.76,8538,39578,2016-05-01 00:00:18 UTC,
5/2/2016,1462147200,10.03,9776,41748,2016-05-02 00:00:30 UTC,
5/3/2016,1462233600,9.37,9132,37821,2016-05-03 00:00:53 UTC,
5/4/2016,1462320000,9.43,9191,37484,2016-05-04 00:00:24 UTC,
5/5/2016,1462406400,9.79,9542,38707,2016-05-05 00:00:06 UTC,
5/6/2016,1462492800,9.27,9035,41271,2016-05-06 00:00:10 UTC,
5/7/2016,1462579200,9.3,9064,35864,2016-05-07 00:00:11 UTC,
5/8/2016,1462665600,9.44,9201,40063,2016-05-08 00:00:06 UTC,
5/9/2016,1462752000,9.32,9084,38560,2016-05-09 00:00:14 UTC,
5/10/2016,1462838400,9.39,9152,40684,2016-05-10 00:00:05 UTC,
5/11/2016,1462924800,9.97,9717,40811,2016-05-11 00:00:19 UTC,
5/12/2016,1463011200,10.1,9844,45002,2016-05-12 00:00:02 UTC,
5/13/2016,1463097600,10.48,10214,47739,2016-05-13 00:00:02 UTC,
5/14/2016,1463184000,10.14,9883,45745,2016-05-14 00:00:17 UTC,
5/15/2016,1463270400,9.94,9688,43073,2016-05-15 00:00:05 UTC,
5/16/2016,1463356800,11.04,10760,37424,2016-05-16 00:00:06 UTC,
5/17/2016,1463443200,12.26,11949,40309,2016-05-17 00:00:03 UTC,
5/18/2016,1463529600,13.29,12953,46033,2016-05-18 00:00:19 UTC,
5/19/2016,1463616000,14.49,14123,44523,2016-05-19 00:00:01 UTC,
5/20/2016,1463702400,13.73,13382,45182,2016-05-20 00:00:02 UTC,
5/21/2016,1463788800,13.95,13596,43616,2016-05-21 00:00:18 UTC,
5/22/2016,1463875200,14.21,13850,38895,2016-05-22 00:00:21 UTC,
5/23/2016,1463961600,13.45,13109,43806,2016-05-23 00:00:02 UTC,
5/24/2016,1464048000,12.62,12300,42911,2016-05-24 00:00:20 UTC,
5/25/2016,1464134400,12.53,12212,46443,2016-05-25 00:00:16 UTC,
5/26/2016,1464220800,12.37,12056,51147,2016-05-26 00:00:01 UTC,
5/28/2016,1464393600,11.56,11267,49006,2016-05-27 00:00:18 UTC,
5/27/2016,1464307200,11.11,10828,70148,2016-05-28 00:00:12 UTC,
5/29/2016,1464480000,12.28,11969,45890,2016-05-29 00:01:00 UTC,
5/30/2016,1464566400,12.48,12164,42927,2016-05-30 00:00:25 UTC,
5/31/2016,1464652800,13.85,13499,44386,2016-05-31 00:00:18 UTC,
6/1/2016,1464739200,13.83,13479,42221,2016-06-01 00:00:27 UTC,
6/2/2016,1464825600,13.78,13431,39666,2016-06-02 00:00:18 UTC,
6/3/2016,1464912000,13.78,13431,39834,2016-06-03 00:00:11 UTC,
6/4/2016,1464998400,13.66,13314,37875,2016-06-04 00:00:03 UTC,
6/5/2016,1465084800,13.85,13499,37896,2016-06-05 00:00:47 UTC,
6/6/2016,1465171200,13.96,13606,38957,2016-06-06 00:00:01 UTC,
6/7/2016,1465257600,14.41,14045,46141,2016-06-07 00:00:46 UTC,
6/8/2016,1465344000,14.44,14074,40433,2016-06-08 00:00:13 UTC,
6/9/2016,1465430400,14.49,14123,39854,2016-06-09 00:00:05 UTC,
6/10/2016,1465516800,13.97,13616,40145,2016-06-10 00:00:21 UTC,
6/11/2016,1465603200,14.01,13655,36901,2016-06-11 00:00:26 UTC,
6/12/2016,1465689600,15.57,15175,42581,2016-06-12 00:00:03 UTC,
6/13/2016,1465776000,17.55,17105,46185,2016-06-13 00:00:44 UTC,
6/14/2016,1465862400,18.7,18226,50335,2016-06-14 00:00:01 UTC,
6/15/2016,1465948800,18.3,17836,43251,2016-06-15 00:00:10 UTC,
6/16/2016,1466035200,20.61,20088,43392,2016-06-16 00:00:15 UTC,
6/17/2016,1466121600,15.49,15097,66558,2016-06-17 00:00:11 UTC,
6/18/2016,1466208000,11.36,11072,63083,2016-06-18 00:00:02 UTC,
6/19/2016,1466294400,12.33,12017,51035,2016-06-19 00:00:31 UTC,
6/20/2016,1466380800,11.7,11403,47118,2016-06-20 00:00:13 UTC,
6/21/2016,1466467200,12.71,12388,47323,2016-06-21 00:00:19 UTC,
6/22/2016,1466553600,13.21,12875,48617,2016-06-22 00:00:03 UTC,
6/24/2016,1466726400,14.25,13889,41906,2016-06-23 00:00:25 UTC,
6/23/2016,1466640000,13.58,13236,45331,2016-06-24 00:00:31 UTC,
6/25/2016,1466812800,14.28,13918,36684,2016-06-25 00:00:44 UTC,
6/26/2016,1466899200,13.82,13470,41613,2016-06-26 00:00:24 UTC,
6/27/2016,1466985600,14.04,13684,39663,2016-06-27 00:00:18 UTC,
6/28/2016,1467072000,12.15,11842,43089,2016-06-28 00:00:03 UTC,
6/29/2016,1467158400,12.76,12437,49897,2016-06-29 00:00:02 UTC,
6/30/2016,1467244800,12.4,12086,63952,2016-06-30 00:00:12 UTC,
7/1/2016,1467331200,12.23,11920,40085,2016-07-01 00:00:19 UTC,
7/2/2016,1467417600,12.04,11735,39257,2016-07-02 00:00:14 UTC,
7/3/2016,1467504000,11.85,11550,39757,2016-07-03 00:00:37 UTC,
7/4/2016,1467590400,11.34,11053,39950,2016-07-04 00:00:16 UTC,
7/5/2016,1467676800,10.45,10185,39270,2016-07-05 00:00:10 UTC,
7/6/2016,1467763200,10.51,10244,37900,2016-07-06 00:00:13 UTC,
7/7/2016,1467849600,10.07,9815,40433,2016-07-07 00:00:32 UTC,
7/8/2016,1467936000,11.3,11014,42506,2016-07-08 00:00:03 UTC,
7/9/2016,1468022400,10.92,10643,40410,2016-07-09 00:00:37 UTC,
7/10/2016,1468108800,10.97,10692,39358,2016-07-10 00:00:10 UTC,
7/11/2016,1468195200,10.58,10312,38582,2016-07-11 00:00:17 UTC,
7/12/2016,1468281600,10.54,10273,40811,2016-07-12 00:00:04 UTC,
7/13/2016,1468368000,10.44,10175,35740,2016-07-13 00:00:16 UTC,
7/14/2016,1468454400,11.55,11257,42809,2016-07-14 00:00:01 UTC,
7/15/2016,1468540800,11.88,11579,41110,2016-07-15 00:00:03 UTC,
7/16/2016,1468627200,11.59,11296,38062,2016-07-16 00:00:08 UTC,
7/17/2016,1468713600,11.19,10906,33914,2016-07-17 00:00:13 UTC,
7/18/2016,1468800000,11.03,10750,39198,2016-07-18 00:00:10 UTC,
7/19/2016,1468886400,11.63,11335,44184,2016-07-19 00:00:15 UTC,
7/20/2016,1468972800,12.54,12222,50631,2016-07-20 00:00:30 UTC,
7/21/2016,1469059200,12.66,12339,44882,2016-07-21 00:00:35 UTC,
7/22/2016,1469145600,14.82,14444,48458,2016-07-22 00:00:02 UTC,
7/23/2016,1469232000,14.4,14035,45006,2016-07-23 00:00:05 UTC,
7/24/2016,1469318400,12.63,12310,58215,2016-07-24 00:00:04 UTC,
7/25/2016,1469404800,13.84,13489,54864,2016-07-25 00:00:03 UTC,
7/26/2016,1469491200,12.08,11774,61922,2016-07-26 00:00:22 UTC,
7/27/2016,1469577600,13.05,12719,53035,2016-07-27 00:00:03 UTC,
7/28/2016,1469664000,12.87,12544,48555,2016-07-28 00:00:14 UTC,
7/29/2016,1469750400,12.87,12544,47243,2016-07-29 00:00:12 UTC,
7/30/2016,1469836800,12.57,12251,42023,2016-07-30 00:00:09 UTC,
7/31/2016,1469923200,11.86,11559,48737,2016-07-31 00:01:18 UTC,
8/1/2016,1470009600,11.04,10760,45978,2016-08-01 00:00:34 UTC,
8/2/2016,1470096000,8.3,8090,49041,2016-08-02 00:00:07 UTC,
8/3/2016,1470182400,10.42,10156,49475,2016-08-03 00:00:16 UTC,
8/4/2016,1470268800,11.21,10926,46761,2016-08-04 00:00:05 UTC,
8/5/2016,1470355200,11.05,10770,43212,2016-08-05 00:00:04 UTC,
8/6/2016,1470441600,10.95,10672,41487,2016-08-06 00:00:04 UTC,
8/7/2016,1470528000,10.98,10702,42955,2016-08-07 00:00:24 UTC,
8/8/2016,1470614400,11.29,11004,42984,2016-08-08 00:00:10 UTC,
8/10/2016,1470787200,12.22,11910,47062,2016-08-09 00:00:12 UTC,
8/9/2016,1470700800,12.22,11910,46285,2016-08-10 00:00:14 UTC,
8/11/2016,1470873600,11.68,11384,48171,2016-08-11 00:00:07 UTC,
8/12/2016,1470960000,11.78,11481,44400,2016-08-12 00:00:01 UTC,
8/13/2016,1471046400,11.56,11267,41088,2016-08-13 00:00:30 UTC,
8/14/2016,1471132800,11.21,10926,40577,2016-08-14 00:00:04 UTC,
8/15/2016,1471219200,11.21,10926,42302,2016-08-15 00:00:17 UTC,
8/16/2016,1471305600,11.17,10887,48949,2016-08-16 00:00:28 UTC,
8/17/2016,1471392000,10.77,10497,44867,2016-08-17 00:00:02 UTC,
8/18/2016,1471478400,10.77,10497,47799,2016-08-18 00:00:28 UTC,
8/19/2016,1471564800,10.71,10438,42948,2016-08-19 00:00:15 UTC,
8/20/2016,1471651200,11.28,10994,41318,2016-08-20 00:00:16 UTC,
8/21/2016,1471737600,11.14,10858,42543,2016-08-21 00:00:15 UTC,
8/22/2016,1471824000,11.07,10789,44250,2016-08-22 00:00:31 UTC,
8/23/2016,1471910400,11.01,10731,48434,2016-08-23 00:00:03 UTC,
8/24/2016,1471996800,11.01,10731,46817,2016-08-24 00:00:29 UTC,
8/25/2016,1472083200,11.35,11062,49868,2016-08-25 00:00:10 UTC,
8/26/2016,1472169600,11.26,10975,47292,2016-08-26 00:00:08 UTC,
8/27/2016,1472256000,11.19,10906,47938,2016-08-27 00:00:08 UTC,
8/28/2016,1472342400,10.99,10711,42607,2016-08-28 00:00:08 UTC,
8/29/2016,1472428800,10.95,10672,45510,2016-08-29 00:00:12 UTC,
8/30/2016,1472515200,11.21,10926,46979,2016-08-30 00:00:01 UTC,
8/31/2016,1472601600,11.55,11257,45846,2016-08-31 00:00:02 UTC,
9/1/2016,1472688000,12.21,11900,47491,2016-09-01 00:00:07 UTC,
9/2/2016,1472774400,12.08,11774,55413,2016-09-02 00:00:15 UTC,
9/3/2016,1472860800,11.85,11550,44796,2016-09-03 00:00:15 UTC,
9/4/2016,1472947200,11.71,11413,48124,2016-09-04 00:00:07 UTC,
9/5/2016,1473033600,11.75,11452,42667,2016-09-05 00:00:05 UTC,
9/6/2016,1473120000,11.7,11403,49102,2016-09-06 00:00:29 UTC,
9/7/2016,1473206400,11.59,11296,48701,2016-09-07 00:00:19 UTC,
9/8/2016,1473292800,11.39,11101,55970,2016-09-08 00:00:07 UTC,
9/9/2016,1473379200,11.72,11423,53918,2016-09-09 00:00:02 UTC,
9/10/2016,1473465600,12.05,11745,42875,2016-09-10 00:00:12 UTC,
9/11/2016,1473552000,11.64,11345,43345,2016-09-11 00:00:24 UTC,
9/12/2016,1473638400,11.89,11589,45123,2016-09-12 00:00:17 UTC,
9/13/2016,1473724800,11.92,11618,42591,2016-09-13 00:00:36 UTC,
9/14/2016,1473811200,11.97,11667,53859,2016-09-14 00:00:14 UTC,
9/15/2016,1473897600,11.96,11657,52622,2016-09-15 00:00:03 UTC,
9/16/2016,1473984000,12.61,12290,57532,2016-09-16 00:00:06 UTC,
9/17/2016,1474070400,12.83,12505,46882,2016-09-17 00:00:07 UTC,
9/18/2016,1474156800,12.39,12076,37893,2016-09-18 00:00:03 UTC,
9/19/2016,1474243200,12.93,12602,40505,2016-09-19 00:00:09 UTC,
9/20/2016,1474329600,14.72,14347,54067,2016-09-20 00:00:28 UTC,
9/21/2016,1474416000,13.72,13372,44550,2016-09-21 00:00:11 UTC,
9/22/2016,1474502400,13.11,12778,52656,2016-09-22 00:00:03 UTC,
9/23/2016,1474588800,13.36,13021,35219,2016-09-23 00:00:08 UTC,
9/24/2016,1474675200,12.91,12583,43418,2016-09-24 00:00:23 UTC,
9/25/2016,1474761600,13.05,12719,38713,2016-09-25 00:00:06 UTC,
9/26/2016,1474848000,12.89,12563,43514,2016-09-26 00:00:01 UTC,
9/27/2016,1474934400,13.09,12758,46817,2016-09-27 00:00:16 UTC,
9/29/2016,1475107200,13.17,12836,42797,2016-09-28 00:00:29 UTC,
9/28/2016,1475020800,13.3,12963,40416,2016-09-29 00:00:21 UTC,
9/30/2016,1475193600,13.24,12904,35836,2016-09-30 00:00:13 UTC,
10/1/2016,1475280000,13.21,12875,53076,2016-10-01 00:00:01 UTC,
10/2/2016,1475366400,13.23,12895,51105,2016-10-02 00:00:04 UTC,
10/3/2016,1475452800,13.45,13109,47672,2016-10-03 00:00:03 UTC,
10/4/2016,1475539200,13.32,12982,56662,2016-10-04 00:01:05 UTC,
10/5/2016,1475625600,13.09,12758,41719,2016-10-05 00:00:06 UTC,
10/6/2016,1475712000,12.87,12544,36826,2016-10-06 00:00:31 UTC,
10/7/2016,1475798400,12.68,12359,43708,2016-10-07 00:00:10 UTC,
10/8/2016,1475884800,12.24,11930,37690,2016-10-08 00:00:14 UTC,
10/9/2016,1475971200,12.06,11754,43940,2016-10-09 00:00:32 UTC,
10/10/2016,1476057600,11.74,11442,44940,2016-10-10 00:00:12 UTC,
10/11/2016,1476144000,11.75,11452,41063,2016-10-11 00:00:08 UTC,
10/12/2016,1476230400,11.77,11472,30017,2016-10-12 00:00:18 UTC,
10/13/2016,1476316800,12.02,11715,32219,2016-10-13 00:00:57 UTC,
10/14/2016,1476403200,11.9,11598,42006,2016-10-14 00:00:16 UTC,
10/15/2016,1476489600,11.96,11657,33662,2016-10-15 00:00:08 UTC,
10/16/2016,1476576000,11.93,11628,34990,2016-10-16 00:00:11 UTC,
10/17/2016,1476662400,11.98,11676,38136,2016-10-17 00:00:10 UTC,
10/18/2016,1476748800,12.5,12183,51898,2016-10-18 00:00:17 UTC,
10/19/2016,1476835200,11.98,11676,38506,2016-10-19 00:00:03 UTC,
10/20/2016,1476921600,12.05,11745,43429,2016-10-20 00:00:14 UTC,
10/21/2016,1477008000,12.07,11764,57780,2016-10-21 00:00:01 UTC,
10/22/2016,1477094400,12.06,11754,37772,2016-10-22 00:00:01 UTC,
10/23/2016,1477180800,11.95,11647,35364,2016-10-23 00:00:23 UTC,
10/24/2016,1477267200,11.93,11628,52547,2016-10-24 00:00:16 UTC,
10/25/2016,1477353600,11.38,11092,47610,2016-10-25 00:00:05 UTC,
10/26/2016,1477440000,11.5,11208,45158,2016-10-26 00:00:13 UTC,
10/27/2016,1477526400,11.43,11140,44353,2016-10-27 00:00:06 UTC,
10/28/2016,1477612800,11.08,10799,41522,2016-10-28 00:00:48 UTC,
10/29/2016,1477699200,10.39,10127,40011,2016-10-29 00:00:05 UTC,
10/30/2016,1477785600,11.22,10936,39435,2016-10-30 00:00:02 UTC,
10/31/2016,1477872000,10.91,10633,45031,2016-10-31 00:00:08 UTC,
11/1/2016,1477958400,10.75,10477,49025,2016-11-01 00:00:02 UTC,
11/2/2016,1478044800,10.82,10546,43519,2016-11-02 00:00:33 UTC,
11/3/2016,1478131200,10.86,10585,42346,2016-11-03 00:00:05 UTC,
11/4/2016,1478217600,11.13,10848,32572,2016-11-04 00:00:17 UTC,
11/5/2016,1478304000,11.11,10828,37691,2016-11-05 00:00:04 UTC,
11/6/2016,1478390400,10.97,10692,34390,2016-11-06 00:00:04 UTC,
11/7/2016,1478476800,10.9,10624,41941,2016-11-07 00:00:03 UTC,
11/8/2016,1478563200,10.86,10585,41569,2016-11-08 00:00:01 UTC,
11/9/2016,1478649600,10.64,10370,40517,2016-11-09 00:00:01 UTC,
11/10/2016,1478736000,10.52,10253,40167,2016-11-10 00:00:03 UTC,
11/11/2016,1478822400,10.29,10029,41067,2016-11-11 00:00:14 UTC,
11/12/2016,1478908800,9.96,9708,40882,2016-11-12 00:00:20 UTC,
11/13/2016,1478995200,10.13,9873,43673,2016-11-13 00:00:01 UTC,
11/15/2016,1479168000,10.22,9961,43876,2016-11-14 00:01:11 UTC,
11/14/2016,1479081600,10,9746,45330,2016-11-15 00:00:01 UTC,
11/16/2016,1479254400,10.01,9756,41684,2016-11-16 00:00:07 UTC,
11/17/2016,1479340800,9.95,9698,40738,2016-11-17 00:00:05 UTC,
11/18/2016,1479427200,9.53,9288,43785,2016-11-18 00:00:05 UTC,
11/19/2016,1479513600,9.7,9454,39289,2016-11-19 00:00:21 UTC,
11/20/2016,1479600000,9.57,9327,42125,2016-11-20 00:00:27 UTC,
11/21/2016,1479686400,9.56,9318,42735,2016-11-21 00:00:20 UTC,
11/22/2016,1479772800,9.84,9591,53585,2016-11-22 00:00:07 UTC,
11/23/2016,1479859200,9.78,9532,64289,2016-11-23 00:00:02 UTC,
11/24/2016,1479945600,9.22,8986,36861,2016-11-24 00:00:32 UTC,
11/25/2016,1480032000,9.39,9152,58075,2016-11-25 00:00:42 UTC,
11/26/2016,1480118400,9.34,9103,40804,2016-11-26 00:00:08 UTC,
11/27/2016,1480204800,8.91,8684,44449,2016-11-27 00:00:30 UTC,
11/28/2016,1480291200,8.66,8440,48389,2016-11-28 00:00:11 UTC,
11/29/2016,1480377600,8.18,7973,47035,2016-11-29 00:00:09 UTC,
11/30/2016,1480464000,8.59,8372,39178,2016-11-30 00:00:11 UTC,
12/1/2016,1480550400,8.44,8226,37121,2016-12-01 00:00:09 UTC,
12/2/2016,1480636800,7.65,7456,41642,2016-12-02 00:00:10 UTC,
12/3/2016,1480723200,7.9,7700,41357,2016-12-03 00:00:11 UTC,
12/4/2016,1480809600,7.54,7349,39643,2016-12-04 00:00:16 UTC,
12/5/2016,1480896000,6.69,6520,41613,2016-12-05 00:00:15 UTC,
12/6/2016,1480982400,7.61,7417,48200,2016-12-06 00:00:11 UTC,
12/7/2016,1481068800,8.35,8138,41757,2016-12-07 00:00:16 UTC,
12/8/2016,1481155200,8.3,8090,39587,2016-12-08 00:00:33 UTC,
12/9/2016,1481241600,8.52,8304,41444,2016-12-09 00:00:10 UTC,
12/10/2016,1481328000,8.09,7885,40564,2016-12-10 00:00:38 UTC,
12/11/2016,1481414400,8.2,7992,39164,2016-12-11 00:00:02 UTC,
12/12/2016,1481500800,8.45,8236,38741,2016-12-12 00:00:08 UTC,
12/13/2016,1481587200,8.4,8187,44664,2016-12-13 00:00:10 UTC,
12/14/2016,1481673600,8.23,8021,47294,2016-12-14 00:00:14 UTC,
12/15/2016,1481760000,7.76,7563,46102,2016-12-15 00:00:07 UTC,
12/16/2016,1481846400,7.85,7651,43953,2016-12-16 00:00:35 UTC,
12/17/2016,1481932800,7.66,7466,39444,2016-12-17 00:00:30 UTC,
12/18/2016,1482019200,7.89,7690,36638,2016-12-18 00:00:16 UTC,
12/19/2016,1482105600,7.61,7417,45599,2016-12-19 00:00:03 UTC,
12/20/2016,1482192000,7.59,7398,44241,2016-12-20 00:00:24 UTC,
12/21/2016,1482278400,7.87,7670,50793,2016-12-21 00:00:12 UTC,
12/22/2016,1482364800,7.64,7446,55173,2016-12-22 00:00:02 UTC,
12/23/2016,1482451200,7.16,6978,44391,2016-12-23 00:00:16 UTC,
12/24/2016,1482537600,7.23,7047,37757,2016-12-24 00:00:01 UTC,
12/25/2016,1482624000,7.19,7008,36601,2016-12-25 00:00:02 UTC,
12/26/2016,1482710400,7.21,7027,34565,2016-12-26 00:00:09 UTC,
12/27/2016,1482796800,7.15,6969,42370,2016-12-27 00:00:01 UTC,
12/28/2016,1482883200,7.57,7378,43386,2016-12-28 00:00:03 UTC,
12/29/2016,1482969600,8.21,8002,46546,2016-12-29 00:00:12 UTC,
12/30/2016,1483056000,8.16,7953,44561,2016-12-30 00:00:28 UTC,
12/31/2016,1483142400,8.05,7846,41220,2016-12-31 00:00:01 UTC,
1/1/2017,1483228800,8.14,7934,38730,2017-01-01 00:00:03 UTC,
1/2/2017,1483315200,8.33,8119,39652,2017-01-02 00:00:10 UTC,
1/3/2017,1483401600,9.59,9347,45883,2017-01-03 00:00:19 UTC,
1/4/2017,1483488000,10.88,10604,50673,2017-01-04 00:00:05 UTC,
1/5/2017,1483574400,10.2,9941,49596,2017-01-05 00:00:07 UTC,
1/6/2017,1483660800,10.07,9815,43804,2017-01-06 00:00:02 UTC,
1/7/2017,1483747200,9.78,9532,43622,2017-01-07 00:00:10 UTC,
1/8/2017,1483833600,10.27,10010,42727,2017-01-08 00:00:21 UTC,
1/9/2017,1483920000,10.2,9941,46188,2017-01-09 00:00:01 UTC,
1/10/2017,1484006400,10.55,10283,48179,2017-01-10 00:00:27 UTC,
1/11/2017,1484092800,9.83,9581,45221,2017-01-11 00:00:14 UTC,
1/12/2017,1484179200,9.81,9561,50589,2017-01-12 00:00:12 UTC,
1/13/2017,1484265600,9.78,9532,50833,2017-01-13 00:00:01 UTC,
1/14/2017,1484352000,9.78,9532,42044,2017-01-14 00:00:13 UTC,
1/15/2017,1484438400,9.88,9630,41748,2017-01-15 00:00:19 UTC,
1/16/2017,1484524800,9.59,9347,45384,2017-01-16 00:00:52 UTC,
1/17/2017,1484611200,10.14,9883,46662,2017-01-17 00:00:12 UTC,
1/18/2017,1484697600,10.19,9932,44994,2017-01-18 00:00:51 UTC,
1/19/2017,1484784000,10.43,10166,43628,2017-01-19 00:00:05 UTC,
1/20/2017,1484870400,10.6,10331,45775,2017-01-20 00:00:22 UTC,
1/21/2017,1484956800,10.91,10633,43302,2017-01-21 00:00:09 UTC,
1/22/2017,1485043200,10.71,10438,47432,2017-01-22 00:00:07 UTC,
1/23/2017,1485129600,10.78,10507,46076,2017-01-23 00:00:08 UTC,
1/24/2017,1485216000,10.51,10244,50414,2017-01-24 00:00:31 UTC,
1/25/2017,1485302400,10.51,10244,46256,2017-01-25 00:01:06 UTC,
1/26/2017,1485388800,10.65,10380,46856,2017-01-26 00:00:01 UTC,
1/27/2017,1485475200,10.51,10244,46680,2017-01-27 00:00:11 UTC,
1/28/2017,1485561600,10.54,10273,45189,2017-01-28 00:00:26 UTC,
1/29/2017,1485648000,10.47,10205,42509,2017-01-29 00:00:04 UTC,
1/30/2017,1485734400,10.62,10351,45369,2017-01-30 00:00:37 UTC,
1/31/2017,1485820800,10.71,10438,43649,2017-01-31 00:00:09 UTC,
2/1/2017,1485907200,10.71,10438,44541,2017-02-01 00:00:08 UTC,
2/2/2017,1485993600,10.78,10507,43709,2017-02-02 00:00:10 UTC,
2/3/2017,1486080000,10.95,10672,42778,2017-02-03 00:00:04 UTC,
2/4/2017,1486166400,11.32,11033,45410,2017-02-04 00:00:01 UTC,
2/5/2017,1486252800,11.22,10936,46542,2017-02-05 00:00:26 UTC,
2/6/2017,1486339200,11.32,11033,47306,2017-02-06 00:00:11 UTC,
2/7/2017,1486425600,11.45,11160,51866,2017-02-07 00:00:06 UTC,
2/8/2017,1486512000,11.39,11101,51089,2017-02-08 00:00:18 UTC,
2/9/2017,1486598400,10.94,10663,47873,2017-02-09 00:01:14 UTC,
2/10/2017,1486684800,11.34,11053,52222,2017-02-10 00:00:09 UTC,
2/11/2017,1486771200,11.43,11140,46560,2017-02-11 00:00:03 UTC,
2/12/2017,1486857600,11.42,11131,45319,2017-02-12 00:00:17 UTC,
2/13/2017,1486944000,11.39,11101,55990,2017-02-13 00:00:37 UTC,
2/14/2017,1487030400,13,12670,58298,2017-02-14 00:00:19 UTC,
2/15/2017,1487116800,12.97,12641,55320,2017-02-15 00:00:17 UTC,
2/16/2017,1487203200,12.95,12622,49674,2017-02-16 00:00:11 UTC,
2/17/2017,1487289600,12.72,12398,49406,2017-02-17 00:00:05 UTC,
2/18/2017,1487376000,12.83,12505,49398,2017-02-18 00:00:39 UTC,
2/19/2017,1487462400,12.82,12495,48227,2017-02-19 00:00:06 UTC,
2/20/2017,1487548800,12.52,12203,50152,2017-02-20 00:00:59 UTC,
2/21/2017,1487635200,12.77,12446,58434,2017-02-21 00:00:11 UTC,
2/22/2017,1487721600,12.69,12368,50372,2017-02-22 00:00:27 UTC,
2/23/2017,1487808000,13.13,12797,47601,2017-02-23 00:00:30 UTC,
2/24/2017,1487894400,13.11,12778,54081,2017-02-24 00:00:20 UTC,
2/25/2017,1487980800,13.57,13226,53245,2017-02-25 00:00:19 UTC,
2/26/2017,1488067200,14.59,14220,51716,2017-02-26 00:00:01 UTC,
2/27/2017,1488153600,15.55,15156,52642,2017-02-27 00:00:28 UTC,
2/28/2017,1488240000,16.07,15663,60277,2017-02-28 00:00:10 UTC,
3/1/2017,1488326400,17.55,17105,59774,2017-03-01 00:00:11 UTC,
3/2/2017,1488412800,19.08,18596,70779,2017-03-02 00:00:24 UTC,
3/3/2017,1488499200,19.48,18986,64294,2017-03-03 00:00:19 UTC,
3/4/2017,1488585600,18.61,18138,58756,2017-03-04 00:00:03 UTC,
3/5/2017,1488672000,19.22,18733,57031,2017-03-05 00:00:10 UTC,
3/6/2017,1488758400,19.75,19249,57020,2017-03-06 00:00:07 UTC,
3/7/2017,1488844800,18.91,18431,62589,2017-03-07 00:00:18 UTC,
3/8/2017,1488931200,16.54,16121,55386,2017-03-08 00:00:03 UTC,
3/9/2017,1489017600,17.71,17261,64272,2017-03-09 00:00:42 UTC,
3/10/2017,1489104000,19.13,18645,65126,2017-03-10 00:00:02 UTC,
3/11/2017,1489190400,21.45,20906,64803,2017-03-11 00:00:01 UTC,
3/12/2017,1489276800,23.31,22719,66646,2017-03-12 00:00:09 UTC,
3/13/2017,1489363200,28.45,27729,81718,2017-03-13 00:00:02 UTC,
3/14/2017,1489449600,28.58,27855,77155,2017-03-14 00:00:09 UTC,
3/15/2017,1489536000,35.18,34288,81205,2017-03-15 00:00:51 UTC,
3/16/2017,1489622400,45.51,44356,109950,2017-03-16 00:00:03 UTC,
3/17/2017,1489708800,44.48,43352,106635,2017-03-17 00:00:12 UTC,
3/18/2017,1489795200,34,33138,89920,2017-03-18 00:00:31 UTC,
3/19/2017,1489881600,43.12,42027,84599,2017-03-19 00:00:44 UTC,
3/20/2017,1489968000,42.51,41432,80264,2017-03-20 00:00:31 UTC,
3/21/2017,1490054400,42.67,41588,84298,2017-03-21 00:00:05 UTC,
3/22/2017,1490140800,41.65,40594,78821,2017-03-22 00:00:07 UTC,
3/23/2017,1490227200,43.2,42105,82434,2017-03-23 00:00:11 UTC,
3/24/2017,1490313600,53.19,51842,87775,2017-03-24 00:00:35 UTC,
3/25/2017,1490400000,50.62,49337,84394,2017-03-25 00:00:06 UTC,
3/26/2017,1490486400,50.63,49347,79555,2017-03-26 00:00:02 UTC,
3/27/2017,1490572800,49.06,47816,94549,2017-03-27 00:00:24 UTC,
3/28/2017,1490659200,50.25,48976,84348,2017-03-28 00:00:06 UTC,
3/29/2017,1490745600,53.07,51725,93064,2017-03-29 00:00:05 UTC,
3/30/2017,1490832000,51.91,50594,96209,2017-03-30 00:00:13 UTC,
3/31/2017,1490918400,49.91,48645,103102,2017-03-31 00:00:14 UTC,
4/1/2017,1491004800,50.6,49317,80572,2017-04-01 00:00:16 UTC,
4/2/2017,1491091200,48.55,47319,88948,2017-04-02 00:00:01 UTC,
4/3/2017,1491177600,44.13,43011,100221,2017-04-03 00:00:03 UTC,
4/4/2017,1491264000,44.43,43304,86279,2017-04-04 00:00:15 UTC,
4/5/2017,1491350400,44.9,43762,87411,2017-04-05 00:00:08 UTC,
4/6/2017,1491436800,43.23,42134,95177,2017-04-06 00:00:13 UTC,
4/7/2017,1491523200,42.31,41237,92846,2017-04-07 00:00:04 UTC,
4/8/2017,1491609600,44.37,43245,72144,2017-04-08 00:00:38 UTC,
4/9/2017,1491696000,43.72,42612,74557,2017-04-09 00:00:01 UTC,
4/10/2017,1491782400,43.74,42631,75487,2017-04-10 00:00:02 UTC,
4/11/2017,1491868800,43.74,42631,75891,2017-04-11 00:00:03 UTC,
4/12/2017,1491955200,46.38,45204,80347,2017-04-12 00:00:03 UTC,
4/13/2017,1492041600,49.97,48703,84124,2017-04-13 00:00:15 UTC,
4/14/2017,1492128000,47.32,46120,81155,2017-04-14 00:00:27 UTC,
4/15/2017,1492214400,48.89,47651,74820,2017-04-15 00:00:54 UTC,
4/16/2017,1492300800,48.22,46998,70634,2017-04-16 00:00:28 UTC,
4/17/2017,1492387200,47.94,46725,72546,2017-04-17 00:00:01 UTC,
4/18/2017,1492473600,49.88,48616,83303,2017-04-18 00:00:04 UTC,
4/19/2017,1492560000,47.88,46666,85734,2017-04-19 00:00:17 UTC,
4/20/2017,1492646400,49.36,48109,85450,2017-04-20 00:00:05 UTC,
4/21/2017,1492732800,48.27,47046,81278,2017-04-21 00:00:13 UTC,
4/22/2017,1492819200,48.41,47183,73539,2017-04-22 00:00:01 UTC,
4/23/2017,1492905600,48.75,47514,77073,2017-04-23 00:00:05 UTC,
4/24/2017,1492992000,49.94,48674,80531,2017-04-24 00:00:07 UTC,
4/25/2017,1493078400,50.09,48820,93033,2017-04-25 00:00:21 UTC,
4/26/2017,1493164800,53.28,51929,89642,2017-04-26 00:00:10 UTC,
4/27/2017,1493251200,63.14,61539,104494,2017-04-27 00:00:17 UTC,
4/28/2017,1493337600,72.42,70584,106193,2017-04-28 00:00:05 UTC,
4/29/2017,1493424000,69.83,68060,91335,2017-04-29 00:00:39 UTC,
4/30/2017,1493510400,79.83,77806,95202,2017-04-30 00:00:05 UTC,
5/1/2017,1493596800,77.53,75565,112202,2017-05-01 00:00:20 UTC,
5/2/2017,1493683200,77.25,75292,110354,2017-05-02 00:00:44 UTC,
5/3/2017,1493769600,80.37,78333,97334,2017-05-03 00:00:25 UTC,
5/4/2017,1493856000,94.55,92153,114877,2017-05-04 00:00:04 UTC,
5/5/2017,1493942400,90.79,88488,108514,2017-05-05 00:00:06 UTC,
5/6/2017,1494028800,94.82,92416,95014,2017-05-06 00:00:15 UTC,
5/7/2017,1494115200,90.46,88167,106631,2017-05-07 00:00:05 UTC,
5/8/2017,1494201600,88.39,86149,117509,2017-05-08 00:00:12 UTC,
5/9/2017,1494288000,86.27,84083,112933,2017-05-09 00:00:12 UTC,
5/10/2017,1494374400,87.83,85603,109673,2017-05-10 00:00:13 UTC,
5/11/2017,1494460800,88.2,85964,117189,2017-05-11 00:00:10 UTC,
5/12/2017,1494547200,85.15,82991,107241,2017-05-12 00:00:02 UTC,
5/13/2017,1494633600,87.96,85730,101332,2017-05-13 00:00:36 UTC,
5/14/2017,1494720000,88.72,86471,101348,2017-05-14 00:00:04 UTC,
5/15/2017,1494806400,90.32,88030,122792,2017-05-15 00:00:36 UTC,
5/16/2017,1494892800,87.8,85574,116341,2017-05-16 00:00:16 UTC,
5/17/2017,1494979200,86.98,84775,140135,2017-05-17 00:00:05 UTC,
5/18/2017,1495065600,95.88,93449,137409,2017-05-18 00:00:16 UTC,
5/19/2017,1495152000,124.38,121227,161568,2017-05-19 00:00:01 UTC,
5/20/2017,1495238400,123.06,119940,130912,2017-05-20 00:00:04 UTC,
5/21/2017,1495324800,148,144248,149699,2017-05-21 00:00:05 UTC,
5/22/2017,1495411200,160.39,156324,176255,2017-05-22 00:00:14 UTC,
5/23/2017,1495497600,169.5,165203,187121,2017-05-23 00:00:04 UTC,
5/24/2017,1495584000,193.03,188137,187293,2017-05-24 00:00:40 UTC,
5/25/2017,1495670400,177.33,172835,183010,2017-05-25 00:00:27 UTC,
5/26/2017,1495756800,162.83,158702,169818,2017-05-26 00:00:09 UTC,
5/27/2017,1495843200,156.63,152659,149450,2017-05-27 00:00:10 UTC,
5/28/2017,1495929600,172.86,168478,155271,2017-05-28 00:00:03 UTC,
5/29/2017,1496016000,194.17,189248,158547,2017-05-29 00:00:01 UTC,
5/30/2017,1496102400,228.58,222785,193618,2017-05-30 00:00:14 UTC,
5/31/2017,1496188800,228.64,222844,214126,2017-05-31 00:00:24 UTC,
6/1/2017,1496275200,220.7,215105,199160,2017-06-01 00:00:15 UTC,
6/2/2017,1496361600,222.04,216411,194933,2017-06-02 00:00:29 UTC,
6/3/2017,1496448000,224.3,218614,175644,2017-06-03 00:00:15 UTC,
6/4/2017,1496534400,244.96,238750,180136,2017-06-04 00:00:07 UTC,
6/5/2017,1496620800,247.75,241469,190305,2017-06-05 00:00:01 UTC,
6/6/2017,1496707200,264.26,257561,200523,2017-06-06 00:00:02 UTC,
6/7/2017,1496793600,255.77,249286,207180,2017-06-07 00:00:14 UTC,
6/8/2017,1496880000,259.41,252834,187700,2017-06-08 00:00:03 UTC,
6/9/2017,1496966400,279.11,272035,215831,2017-06-09 00:00:24 UTC,
6/10/2017,1497052800,335.95,327434,213356,2017-06-10 00:00:16 UTC,
6/11/2017,1497139200,339.68,331069,240490,2017-06-11 00:00:07 UTC,
6/12/2017,1497225600,394.66,384655,292941,2017-06-12 00:00:18 UTC,
6/13/2017,1497312000,388.09,378252,280127,2017-06-13 00:00:32 UTC,
6/14/2017,1497398400,343.84,335124,250337,2017-06-14 00:00:04 UTC,
6/15/2017,1497484800,344.68,335942,261617,2017-06-15 00:00:17 UTC,
6/16/2017,1497571200,353.61,344646,248003,2017-06-16 00:00:11 UTC,
6/17/2017,1497657600,368.1,358769,242022,2017-06-17 00:00:43 UTC,
6/18/2017,1497744000,351.53,342619,245957,2017-06-18 00:00:09 UTC,
6/19/2017,1497830400,358.2,349120,286280,2017-06-19 00:00:20 UTC,
6/20/2017,1497916800,350.53,341644,308417,2017-06-20 00:00:33 UTC,
6/21/2017,1498003200,325.3,317054,221289,2017-06-21 00:00:25 UTC,
6/22/2017,1498089600,320.97,312833,284225,2017-06-22 00:00:28 UTC,
6/23/2017,1498176000,326.85,318564,276012,2017-06-23 00:00:06 UTC,
6/24/2017,1498262400,304.54,296820,250570,2017-06-24 00:00:05 UTC,
6/25/2017,1498348800,279.36,272278,231135,2017-06-25 00:00:17 UTC,
6/26/2017,1498435200,253.68,247249,316788,2017-06-26 00:00:24 UTC,
6/27/2017,1498521600,286.14,278886,252995,2017-06-27 00:00:24 UTC,
6/28/2017,1498608000,315.86,307853,274241,2017-06-28 00:00:38 UTC,
6/29/2017,1498694400,292.9,285475,263791,2017-06-29 00:00:32 UTC,
6/30/2017,1498780800,280.68,273565,252652,2017-06-30 00:00:09 UTC,
7/1/2017,1498867200,261,254384,240465,2017-07-01 00:00:11 UTC,
7/2/2017,1498953600,283.99,276791,248617,2017-07-02 00:00:38 UTC,
7/3/2017,1499040000,276.41,269403,302032,2017-07-03 00:00:13 UTC,
7/4/2017,1499126400,269.05,262230,281465,2017-07-04 00:00:02 UTC,
7/5/2017,1499212800,266,259257,271606,2017-07-05 00:00:04 UTC,
7/6/2017,1499299200,265.88,259140,258791,2017-07-06 00:00:03 UTC,
7/7/2017,1499385600,240.94,234832,295389,2017-07-07 00:00:07 UTC,
7/8/2017,1499472000,245.67,239442,248142,2017-07-08 00:00:24 UTC,
7/9/2017,1499558400,237.72,231694,225189,2017-07-09 00:00:03 UTC,
7/10/2017,1499644800,205.76,200544,302633,2017-07-10 00:00:28 UTC,
7/11/2017,1499731200,190.55,185720,291677,2017-07-11 00:00:16 UTC,
7/12/2017,1499817600,224.15,218468,283828,2017-07-12 00:00:01 UTC,
7/13/2017,1499904000,205.41,200203,260745,2017-07-13 00:00:04 UTC,
7/14/2017,1499990400,197.14,192142,249381,2017-07-14 00:00:02 UTC,
7/15/2017,1500076800,169.1,164813,231961,2017-07-15 00:00:23 UTC,
7/16/2017,1500163200,155.42,151480,249138,2017-07-16 00:00:24 UTC,
7/17/2017,1500249600,189.97,185154,248473,2017-07-17 00:00:07 UTC,
7/18/2017,1500336000,227.09,221333,271055,2017-07-18 00:00:12 UTC,
7/19/2017,1500422400,194.41,189482,270122,2017-07-19 00:00:04 UTC,
7/20/2017,1500508800,226.33,220592,250065,2017-07-20 00:00:02 UTC,
7/21/2017,1500595200,216.33,210846,232560,2017-07-21 00:00:34 UTC,
7/22/2017,1500681600,230.47,224628,205574,2017-07-22 00:00:49 UTC,
7/23/2017,1500768000,228.32,222532,260490,2017-07-23 00:00:14 UTC,
7/24/2017,1500854400,225.48,219764,263129,2017-07-24 00:00:25 UTC,
7/25/2017,1500940800,203.59,198429,242984,2017-07-25 00:00:05 UTC,
7/26/2017,1501027200,202.88,197737,222948,2017-07-26 00:00:07 UTC,
7/27/2017,1501113600,202.93,197786,225435,2017-07-27 00:01:01 UTC,
7/28/2017,1501200000,191.21,186363,246494,2017-07-28 00:00:07 UTC,
7/29/2017,1501286400,206.14,200914,198773,2017-07-29 00:00:10 UTC,
7/30/2017,1501372800,196.78,191792,206626,2017-07-30 00:00:06 UTC,
7/31/2017,1501459200,201.33,196226,250088,2017-07-31 00:00:06 UTC,
8/1/2017,1501545600,225.9,220173,218582,2017-08-01 00:00:46 UTC,
8/2/2017,1501632000,218.12,212591,231068,2017-08-02 00:00:05 UTC,
8/3/2017,1501718400,224.39,218702,236335,2017-08-03 00:00:07 UTC,
8/4/2017,1501804800,220.6,215008,257160,2017-08-04 00:00:05 UTC,
8/5/2017,1501891200,253.09,246674,261400,2017-08-05 00:00:06 UTC,
8/6/2017,1501977600,264.56,257853,265127,2017-08-06 00:00:33 UTC,
8/7/2017,1502064000,269.94,263097,281172,2017-08-07 00:00:09 UTC,
8/8/2017,1502150400,296.51,288993,318866,2017-08-08 00:01:39 UTC,
8/9/2017,1502236800,295.28,287795,280308,2017-08-09 00:00:39 UTC,
8/10/2017,1502323200,298.28,290719,338241,2017-08-10 00:00:07 UTC,
8/11/2017,1502409600,309.32,301479,356682,2017-08-11 00:00:16 UTC,
8/12/2017,1502496000,308.02,300212,338660,2017-08-12 00:00:02 UTC,
8/13/2017,1502582400,296.62,289101,333005,2017-08-13 00:00:08 UTC,
8/14/2017,1502668800,299.16,291576,410061,2017-08-14 00:00:16 UTC,
8/15/2017,1502755200,286.52,279257,413246,2017-08-15 00:00:02 UTC,
8/16/2017,1502841600,301.38,293740,413624,2017-08-16 00:00:13 UTC,
8/17/2017,1502928000,300.3,292687,428007,2017-08-17 00:00:01 UTC,
8/18/2017,1503014400,292.62,285202,443356,2017-08-18 00:01:16 UTC,
8/19/2017,1503100800,293.02,285592,377418,2017-08-19 00:00:24 UTC,
8/20/2017,1503187200,298.2,290641,309926,2017-08-20 00:00:08 UTC,
8/21/2017,1503273600,321.85,313691,392880,2017-08-21 00:00:04 UTC,
8/22/2017,1503360000,313.37,305426,364727,2017-08-22 00:00:18 UTC,
8/23/2017,1503446400,317.4,309354,374711,2017-08-23 00:00:31 UTC,
8/24/2017,1503532800,325.28,317034,352465,2017-08-24 00:00:21 UTC,
8/25/2017,1503619200,330.06,321693,352621,2017-08-25 00:00:14 UTC,
8/26/2017,1503705600,332.86,324422,306268,2017-08-26 00:00:15 UTC,
8/27/2017,1503792000,347.88,339061,324298,2017-08-27 00:00:27 UTC,
8/28/2017,1503878400,347.66,338847,363674,2017-08-28 00:00:12 UTC,
8/29/2017,1503964800,372.35,362911,394649,2017-08-29 00:00:13 UTC,
8/30/2017,1504051200,383.86,374129,400220,2017-08-30 00:00:16 UTC,
8/31/2017,1504137600,388.33,378486,384421,2017-08-31 00:00:13 UTC,
9/1/2017,1504224000,391.42,381497,390997,2017-09-01 00:00:59 UTC,
9/2/2017,1504310400,351.03,342131,331797,2017-09-02 00:00:49 UTC,
9/3/2017,1504396800,352.45,343515,302525,2017-09-03 00:00:45 UTC,
9/4/2017,1504483200,303.7,296001,442592,2017-09-04 00:01:02 UTC,
9/5/2017,1504569600,317.94,309880,444572,2017-09-05 00:01:04 UTC,
9/6/2017,1504656000,338.92,330328,496376,2017-09-06 00:00:37 UTC,
9/7/2017,1504742400,335.37,326868,448347,2017-09-07 00:00:08 UTC,
9/8/2017,1504828800,306.72,298945,463670,2017-09-08 00:00:23 UTC,
9/9/2017,1504915200,303.79,296089,383654,2017-09-09 00:00:23 UTC,
9/10/2017,1505001600,299.21,291625,325128,2017-09-10 00:00:24 UTC,
9/11/2017,1505088000,297.95,290397,365384,2017-09-11 00:00:21 UTC,
9/12/2017,1505174400,294.1,286645,404898,2017-09-12 00:01:04 UTC,
9/13/2017,1505260800,275.84,268847,365679,2017-09-13 00:00:21 UTC,
9/14/2017,1505347200,223.14,217483,380251,2017-09-14 00:00:40 UTC,
9/15/2017,1505433600,259.57,252990,441767,2017-09-15 00:00:51 UTC,
9/16/2017,1505520000,254.49,248039,373764,2017-09-16 00:00:01 UTC,
9/17/2017,1505606400,258.4,251850,289517,2017-09-17 00:00:05 UTC,
9/18/2017,1505692800,297.53,289988,362764,2017-09-18 00:00:06 UTC,
9/19/2017,1505779200,283,275826,337752,2017-09-19 00:00:05 UTC,
9/20/2017,1505865600,283.56,276372,324984,2017-09-20 00:00:19 UTC,
9/21/2017,1505952000,257.77,251235,317074,2017-09-21 00:00:46 UTC,
9/22/2017,1506038400,262.94,256274,271470,2017-09-22 00:00:53 UTC,
9/23/2017,1506124800,286.14,278886,260107,2017-09-23 00:01:08 UTC,
9/24/2017,1506211200,282.6,275436,280929,2017-09-24 00:00:17 UTC,
9/25/2017,1506297600,294.89,287414,306614,2017-09-25 00:00:03 UTC,
9/26/2017,1506384000,288.64,281323,306075,2017-09-26 00:00:08 UTC,
9/27/2017,1506470400,309.97,302112,309047,2017-09-27 00:00:02 UTC,
9/28/2017,1506556800,302.77,295095,329208,2017-09-28 00:00:11 UTC,
9/29/2017,1506643200,292.58,285163,326502,2017-09-29 00:00:14 UTC,
9/30/2017,1506729600,302.77,295095,295798,2017-09-30 00:01:08 UTC,
10/1/2017,1506816000,303.95,296245,283871,2017-10-01 00:00:25 UTC,
10/2/2017,1506902400,296.81,289286,306095,2017-10-02 00:00:07 UTC,
10/3/2017,1506988800,291.81,284413,327996,2017-10-03 00:00:26 UTC,
10/4/2017,1507075200,291.68,284286,307309,2017-10-04 00:00:47 UTC,
10/5/2017,1507161600,294.99,287512,314808,2017-10-05 00:00:05 UTC,
10/6/2017,1507248000,308.33,300514,319882,2017-10-06 00:00:37 UTC,
10/7/2017,1507334400,311.26,303370,291091,2017-10-07 00:00:13 UTC,
10/8/2017,1507420800,309.49,301644,296829,2017-10-08 00:00:06 UTC,
10/9/2017,1507507200,296.95,289422,328172,2017-10-09 00:00:03 UTC,
10/10/2017,1507593600,298.46,290894,349605,2017-10-10 00:00:06 UTC,
10/11/2017,1507680000,302.86,295182,344305,2017-10-11 00:00:06 UTC,
10/12/2017,1507766400,302.89,295212,363411,2017-10-12 00:00:17 UTC,
10/13/2017,1507852800,336.83,328291,379136,2017-10-13 00:00:09 UTC,
10/14/2017,1507939200,338.81,330221,332169,2017-10-14 00:00:09 UTC,
10/15/2017,1508025600,336.58,328048,328921,2017-10-15 00:00:47 UTC,
10/16/2017,1508112000,334.23,325757,408297,2017-10-16 00:00:06 UTC,
10/17/2017,1508198400,316.14,308126,505611,2017-10-17 00:00:03 UTC,
10/18/2017,1508284800,313.54,305592,470449,2017-10-18 00:00:25 UTC,
10/19/2017,1508371200,307.41,299617,494184,2017-10-19 00:00:02 UTC,
10/20/2017,1508457600,303.08,295397,546837,2017-10-20 00:00:01 UTC,
10/21/2017,1508544000,299.55,291956,462902,2017-10-21 00:00:01 UTC,
10/22/2017,1508630400,294.03,286576,435493,2017-10-22 00:00:02 UTC,
10/23/2017,1508716800,285.27,278038,468168,2017-10-23 00:00:13 UTC,
10/24/2017,1508803200,296.5,288984,492288,2017-10-24 00:00:04 UTC,
10/25/2017,1508889600,296.35,288837,460419,2017-10-25 00:00:23 UTC,
10/26/2017,1508976000,295.54,288048,466406,2017-10-26 00:00:07 UTC,
10/27/2017,1509062400,296.36,288847,486147,2017-10-27 00:00:23 UTC,
10/28/2017,1509148800,293.35,285914,484554,2017-10-28 00:00:03 UTC,
10/29/2017,1509235200,304.04,296333,494176,2017-10-29 00:00:24 UTC,
10/30/2017,1509321600,306.8,299023,532626,2017-10-30 00:00:08 UTC,
10/31/2017,1509408000,303.64,295943,519906,2017-10-31 00:00:03 UTC,
11/1/2017,1509494400,289.42,282083,527783,2017-11-01 00:00:04 UTC,
11/2/2017,1509580800,284.92,277697,529325,2017-11-02 00:00:07 UTC,
11/3/2017,1509667200,304.51,296791,485742,2017-11-03 00:00:25 UTC,
11/4/2017,1509753600,300.04,292434,398758,2017-11-04 00:00:08 UTC,
11/5/2017,1509840000,296.23,288721,417102,2017-11-05 00:00:05 UTC,
11/6/2017,1509926400,296.82,289296,511663,2017-11-06 00:00:09 UTC,
11/7/2017,1510012800,291.84,284442,470418,2017-11-07 00:00:04 UTC,
11/8/2017,1510099200,307.35,299559,480413,2017-11-08 00:00:01 UTC,
11/9/2017,1510185600,319.66,311557,467172,2017-11-09 00:00:09 UTC,
11/10/2017,1510272000,296.86,289335,457427,2017-11-10 00:00:07 UTC,
11/11/2017,1510358400,314.23,306264,394378,2017-11-11 00:00:19 UTC,
11/12/2017,1510444800,306.02,298262,434380,2017-11-12 00:00:03 UTC,
11/13/2017,1510531200,314.6,306625,443176,2017-11-13 00:00:27 UTC,
11/14/2017,1510617600,334.72,326235,476047,2017-11-14 00:00:03 UTC,
11/15/2017,1510704000,331.2,322804,540530,2017-11-15 00:00:05 UTC,
11/16/2017,1510790400,330.32,321946,491482,2017-11-16 00:00:05 UTC,
11/17/2017,1510876800,331.72,323311,508590,2017-11-17 00:00:10 UTC,
11/18/2017,1510963200,346.65,337862,459679,2017-11-18 00:00:11 UTC,
11/19/2017,1511049600,354.6,345611,464563,2017-11-19 00:00:12 UTC,
11/20/2017,1511136000,367.71,358388,530141,2017-11-20 00:00:13 UTC,
11/21/2017,1511222400,360.52,351381,524044,2017-11-21 00:00:02 UTC,
11/22/2017,1511308800,380.84,371186,546489,2017-11-22 00:00:25 UTC,
11/23/2017,1511395200,406.57,396263,537151,2017-11-23 00:00:24 UTC,
11/24/2017,1511481600,470.43,458505,525473,2017-11-24 00:00:03 UTC,
11/25/2017,1511568000,464.61,452832,561139,2017-11-25 00:00:14 UTC,
11/26/2017,1511654400,470.54,458612,542484,2017-11-26 00:00:12 UTC,
11/27/2017,1511740800,475.24,463193,608695,2017-11-27 00:00:19 UTC,
11/28/2017,1511827200,466.27,454450,638989,2017-11-28 00:00:15 UTC,
11/29/2017,1511913600,427.42,416585,663579,2017-11-29 00:00:21 UTC,
11/30/2017,1512000000,434.85,423826,655457,2017-11-30 00:00:02 UTC,
12/1/2017,1512086400,461.58,449879,622720,2017-12-01 00:00:19 UTC,
12/2/2017,1512172800,457.96,446351,627785,2017-12-02 00:00:24 UTC,
12/3/2017,1512259200,462.81,451078,693808,2017-12-03 00:00:21 UTC,
12/4/2017,1512345600,466.93,455093,701834,2017-12-04 00:00:07 UTC,
12/5/2017,1512432000,453.96,442452,693090,2017-12-05 00:00:01 UTC,
12/6/2017,1512518400,422.48,411770,791746,2017-12-06 00:00:05 UTC,
12/7/2017,1512604800,421.15,410474,659068,2017-12-07 00:00:07 UTC,
12/8/2017,1512691200,451.74,440288,766411,2017-12-08 00:00:47 UTC,
12/9/2017,1512777600,472.86,460873,707223,2017-12-09 00:00:10 UTC,
12/10/2017,1512864000,436.49,425425,716575,2017-12-10 00:00:22 UTC,
12/11/2017,1512950400,513.29,500278,828899,2017-12-11 00:00:13 UTC,
12/12/2017,1513036800,656.52,639877,872340,2017-12-12 00:00:05 UTC,
12/13/2017,1513123200,699.09,681368,909631,2017-12-13 00:00:32 UTC,
12/14/2017,1513209600,693.58,675998,942559,2017-12-14 00:00:08 UTC,
12/15/2017,1513296000,684.27,666924,904346,2017-12-15 00:00:38 UTC,
12/16/2017,1513382400,692.83,675267,899857,2017-12-16 00:00:01 UTC,
12/17/2017,1513468800,717.71,699516,876574,2017-12-17 00:00:11 UTC,
12/18/2017,1513555200,785.99,766065,984021,2017-12-18 00:00:06 UTC,
12/19/2017,1513641600,812.5,791903,1092234,2017-12-19 00:00:07 UTC,
12/20/2017,1513728000,799.17,778911,986104,2017-12-20 00:00:08 UTC,
12/21/2017,1513814400,789.39,769379,1072665,2017-12-21 00:00:40 UTC,
12/22/2017,1513900800,657.83,641154,1103523,2017-12-22 00:00:14 UTC,
12/23/2017,1513987200,700.44,682684,918881,2017-12-23 00:00:04 UTC,
12/24/2017,1514073600,675.91,658776,758234,2017-12-24 00:00:03 UTC,
12/25/2017,1514160000,723.14,704808,752361,2017-12-25 00:00:36 UTC,
12/26/2017,1514246400,753.4,734301,813510,2017-12-26 00:00:53 UTC,
12/27/2017,1514332800,739.94,721182,912752,2017-12-27 00:00:06 UTC,
12/28/2017,1514419200,716.69,698522,949503,2017-12-28 00:00:32 UTC,
12/29/2017,1514505600,739.6,720851,1090191,2017-12-29 00:00:09 UTC,
12/30/2017,1514592000,692.99,675423,1136713,2017-12-30 00:00:12 UTC,
12/31/2017,1514678400,741.13,722342,946927,2017-12-31 00:00:03 UTC,
1/1/2018,1514764800,756.2,737030,908945,2018-01-01 00:00:02 UTC,
1/2/2018,1514851200,861.97,840119,1153936,2018-01-02 00:00:03 UTC,
1/3/2018,1514937600,941.1,917243,1238030,2018-01-03 00:00:04 UTC,
1/4/2018,1515024000,944.83,920878,1349890,2018-01-04 00:00:05 UTC,
1/5/2018,1515110400,967.13,942613,1271577,2018-01-05 00:00:02 UTC,
1/6/2018,1515196800,1006.41,980897,1226417,2018-01-06 00:00:05 UTC,
1/7/2018,1515283200,1117.75,1089415,1152722,2018-01-07 00:00:22 UTC,
1/8/2018,1515369600,1136.11,1107309,1215473,2018-01-08 00:00:20 UTC,
1/9/2018,1515456000,1289.24,1256558,1256240,2018-01-09 00:00:05 UTC,
1/10/2018,1515542400,1248.99,1217328,1177685,2018-01-10 00:00:15 UTC,
1/11/2018,1515628800,1139.32,1110438,1173965,2018-01-11 00:00:03 UTC,
1/12/2018,1515715200,1261.03,1229063,1118757,2018-01-12 00:00:04 UTC,
1/13/2018,1515801600,1385.02,1349909,1179321,2018-01-13 00:00:15 UTC,
1/14/2018,1515888000,1359.48,1325017,1081593,2018-01-14 00:00:15 UTC,
1/15/2018,1515974400,1278.69,1246275,1206420,2018-01-15 00:00:12 UTC,
1/16/2018,1516060800,1050.26,1023636,1277936,2018-01-16 00:00:24 UTC,
1/17/2018,1516147200,1024.69,998714,1277083,2018-01-17 00:00:11 UTC,
1/18/2018,1516233600,1012.97,987291,1205184,2018-01-18 00:00:37 UTC,
1/19/2018,1516320000,1037.36,1011063,1043257,2018-01-19 00:00:12 UTC,
1/20/2018,1516406400,1150.5,1121335,984489,2018-01-20 00:00:09 UTC,
1/21/2018,1516492800,1049.09,1022495,1006530,2018-01-21 00:00:08 UTC,
1/22/2018,1516579200,999.64,974299,972911,2018-01-22 00:00:27 UTC,
1/23/2018,1516665600,984.47,959514,928494,2018-01-23 00:00:12 UTC,
1/24/2018,1516752000,1061.78,1034864,913668,2018-01-24 00:00:02 UTC,
1/25/2018,1516838400,1046.37,1019844,788515,2018-01-25 00:00:06 UTC,
1/26/2018,1516924800,1048.58,1021998,953532,2018-01-26 00:00:13 UTC,
1/27/2018,1517011200,1109.08,1080965,831889,2018-01-27 00:00:16 UTC,
1/28/2018,1517097600,1231.58,1200359,889104,2018-01-28 00:00:10 UTC,
1/29/2018,1517184000,1169.96,1140301,936845,2018-01-29 00:00:07 UTC,
1/30/2018,1517270400,1063.75,1036784,906578,2018-01-30 00:00:28 UTC,
1/31/2018,1517356800,1111.31,1083138,877284,2018-01-31 00:00:01 UTC,
2/1/2018,1517443200,1026.19,1000176,1008759,2018-02-01 00:00:09 UTC,
2/2/2018,1517529600,917.47,894212,981133,2018-02-02 00:00:03 UTC,
2/3/2018,1517616000,970.87,946258,814497,2018-02-03 00:00:07 UTC,
2/4/2018,1517702400,827.59,806610,800865,2018-02-04 00:00:11 UTC,
2/5/2018,1517788800,695.08,677460,875761,2018-02-05 00:00:39 UTC,
2/6/2018,1517875200,785.01,765110,888219,2018-02-06 00:00:03 UTC,
2/7/2018,1517961600,751.81,732751,818625,2018-02-07 00:00:22 UTC,
2/8/2018,1518048000,813.55,792926,681344,2018-02-08 00:00:33 UTC,
2/9/2018,1518134400,877.88,855626,789807,2018-02-09 00:00:02 UTC,
2/10/2018,1518220800,850.75,829183,848390,2018-02-10 00:00:11 UTC,
2/11/2018,1518307200,811.24,790675,773496,2018-02-11 00:00:10 UTC,
2/12/2018,1518393600,865.27,843335,829081,2018-02-12 00:00:05 UTC,
2/13/2018,1518480000,840.98,819661,745761,2018-02-13 00:00:16 UTC,
2/14/2018,1518566400,920.11,896785,746384,2018-02-14 00:00:19 UTC,
2/15/2018,1518652800,927.95,904426,777318,2018-02-15 00:00:05 UTC,
2/16/2018,1518739200,938.02,914241,704758,2018-02-16 00:00:05 UTC,
2/17/2018,1518825600,974.77,950059,772079,2018-02-17 00:00:45 UTC,
2/18/2018,1518912000,913.9,890732,756092,2018-02-18 00:00:05 UTC,
2/19/2018,1518998400,939.79,915966,811384,2018-02-19 00:00:20 UTC,
2/20/2018,1519084800,885.52,863072,886897,2018-02-20 00:00:05 UTC,
2/21/2018,1519171200,840.1,818803,850504,2018-02-21 00:00:17 UTC,
2/22/2018,1519257600,804.63,784232,761893,2018-02-22 00:00:03 UTC,
2/23/2018,1519344000,854.7,833033,733084,2018-02-23 00:00:58 UTC,
2/24/2018,1519430400,833.49,812361,732861,2018-02-24 00:00:33 UTC,
2/25/2018,1519516800,840.28,818979,690582,2018-02-25 00:00:21 UTC,
2/26/2018,1519603200,867.62,845626,737453,2018-02-26 00:00:15 UTC,
2/27/2018,1519689600,871.58,849485,694583,2018-02-27 00:00:16 UTC,
2/28/2018,1519776000,851.5,829914,720368,2018-02-28 00:00:10 UTC,
3/1/2018,1519862400,869.87,847819,684404,2018-03-01 00:00:02 UTC,
3/2/2018,1519948800,855.6,833910,744666,2018-03-02 00:00:08 UTC,
3/3/2018,1520035200,855.65,833959,673465,2018-03-03 00:00:02 UTC,
3/4/2018,1520121600,864.83,842906,643241,2018-03-04 00:00:02 UTC,
3/5/2018,1520208000,849.42,827887,752756,2018-03-05 00:00:17 UTC,
3/6/2018,1520294400,815.69,795012,712591,2018-03-06 00:00:15 UTC,
3/7/2018,1520380800,751.13,732089,783757,2018-03-07 00:00:06 UTC,
3/8/2018,1520467200,698.83,681115,690139,2018-03-08 00:00:04 UTC,
3/9/2018,1520553600,726.92,708492,650058,2018-03-09 00:00:02 UTC,
3/10/2018,1520640000,682.3,665004,591377,2018-03-10 00:00:38 UTC,
3/11/2018,1520726400,720.36,702099,608899,2018-03-11 00:00:05 UTC,
3/12/2018,1520812800,697.02,679350,677908,2018-03-12 00:01:02 UTC,
3/13/2018,1520899200,689.96,672469,699093,2018-03-13 00:00:03 UTC,
3/14/2018,1520985600,613.15,597607,671198,2018-03-14 00:00:19 UTC,
3/15/2018,1521072000,610.56,595082,654531,2018-03-15 00:00:33 UTC,
3/16/2018,1521158400,600.53,585306,654584,2018-03-16 00:00:02 UTC,
3/17/2018,1521244800,549.79,535853,593333,2018-03-17 00:00:39 UTC,
3/18/2018,1521331200,537.38,523757,683964,2018-03-18 00:00:10 UTC,
3/19/2018,1521417600,555.55,541467,703891,2018-03-19 00:00:11 UTC,
3/20/2018,1521504000,557.57,543435,661791,2018-03-20 00:00:07 UTC,
3/21/2018,1521590400,559.91,545716,697872,2018-03-21 00:00:15 UTC,
3/22/2018,1521676800,539.89,526204,619453,2018-03-22 00:00:11 UTC,
3/23/2018,1521763200,543.83,530044,677103,2018-03-23 00:00:03 UTC,
3/24/2018,1521849600,520.16,506974,613203,2018-03-24 00:00:01 UTC,
3/25/2018,1521936000,523.01,509752,526372,2018-03-25 00:00:24 UTC,
3/26/2018,1522022400,486.25,473923,626615,2018-03-26 00:00:28 UTC,
3/27/2018,1522108800,448.78,437403,584055,2018-03-27 00:00:26 UTC,
3/28/2018,1522195200,445.93,434626,579858,2018-03-28 00:00:06 UTC,
3/29/2018,1522281600,383.9,374168,583673,2018-03-29 00:00:25 UTC,
3/30/2018,1522368000,393.82,383837,633616,2018-03-30 00:00:26 UTC,
3/31/2018,1522454400,394.07,384080,584396,2018-03-31 00:00:34 UTC,
4/1/2018,1522540800,378.85,369246,545141,2018-04-01 00:00:05 UTC,
4/2/2018,1522627200,384.68,374928,598558,2018-04-02 00:00:06 UTC,
4/3/2018,1522713600,415.93,405386,645924,2018-04-03 00:00:06 UTC,
4/4/2018,1522800000,378.65,369051,628441,2018-04-04 00:01:02 UTC,
4/5/2018,1522886400,381.36,371692,695871,2018-04-05 00:00:05 UTC,
4/6/2018,1522972800,370.35,360962,647981,2018-04-06 00:00:04 UTC,
4/7/2018,1523059200,384.98,375221,535865,2018-04-07 00:00:38 UTC,
4/8/2018,1523145600,400.72,390562,595733,2018-04-08 00:00:01 UTC,
4/9/2018,1523232000,399.02,388905,609799,2018-04-09 00:00:22 UTC,
4/10/2018,1523318400,415.65,405113,571388,2018-04-10 00:00:07 UTC,
4/11/2018,1523404800,430.42,419509,609102,2018-04-11 00:00:02 UTC,
4/12/2018,1523491200,493.95,481428,692606,2018-04-12 00:00:25 UTC,
4/13/2018,1523577600,494.96,482413,730344,2018-04-13 00:00:03 UTC,
4/14/2018,1523664000,502.79,490044,611188,2018-04-14 00:00:15 UTC,
4/15/2018,1523750400,534.15,520609,619985,2018-04-15 00:00:08 UTC,
4/16/2018,1523836800,511.67,498699,664402,2018-04-16 00:00:18 UTC,
4/17/2018,1523923200,503.03,490278,742823,2018-04-17 00:00:11 UTC,
4/18/2018,1524009600,525.78,512451,703293,2018-04-18 00:00:12 UTC,
4/19/2018,1524096000,567.25,552870,814318,2018-04-19 00:00:16 UTC,
4/20/2018,1524182400,617.16,601515,832220,2018-04-20 00:00:04 UTC,
4/21/2018,1524268800,605.17,589829,746104,2018-04-21 00:00:01 UTC,
4/22/2018,1524355200,621.33,605579,748858,2018-04-22 00:00:41 UTC,
4/23/2018,1524441600,644.13,627801,802941,2018-04-23 00:00:13 UTC,
4/24/2018,1524528000,703.35,685520,816286,2018-04-24 00:00:01 UTC,
4/25/2018,1524614400,617.73,602070,799014,2018-04-25 00:00:10 UTC,
4/26/2018,1524700800,661.45,644682,793873,2018-04-26 00:00:04 UTC,
4/27/2018,1524787200,643.33,627021,764479,2018-04-27 00:00:09 UTC,
4/28/2018,1524873600,683.02,665705,775321,2018-04-28 00:00:12 UTC,
4/29/2018,1524960000,689.31,671836,756651,2018-04-29 00:00:08 UTC,
4/30/2018,1525046400,670.04,653054,778133,2018-04-30 00:00:15 UTC,
5/1/2018,1525132800,670.81,653805,713839,2018-05-01 00:00:03 UTC,
5/2/2018,1525219200,686.74,669331,787722,2018-05-02 00:00:39 UTC,
5/3/2018,1525305600,777.62,757907,839586,2018-05-03 00:00:30 UTC,
5/4/2018,1525392000,784.21,764330,1000526,2018-05-04 00:00:12 UTC,
5/5/2018,1525478400,816.58,795880,789261,2018-05-05 00:00:02 UTC,
5/6/2018,1525564800,790.39,770353,691273,2018-05-06 00:00:01 UTC,
5/7/2018,1525651200,752.4,733327,789863,2018-05-07 00:00:02 UTC,
5/8/2018,1525737600,747.79,728833,820098,2018-05-08 00:00:15 UTC,
5/9/2018,1525824000,751.27,732225,831127,2018-05-09 00:00:06 UTC,
5/10/2018,1525910400,723.61,705266,854827,2018-05-10 00:00:33 UTC,
5/11/2018,1525996800,677.8,660618,826099,2018-05-11 00:00:05 UTC,
5/12/2018,1526083200,683.64,666310,788487,2018-05-12 00:00:09 UTC,
5/13/2018,1526169600,729.34,710851,762577,2018-05-13 00:00:15 UTC,
5/14/2018,1526256000,727.41,708970,801650,2018-05-14 00:00:06 UTC,
5/15/2018,1526342400,705.64,687752,779210,2018-05-15 00:00:30 UTC,
5/16/2018,1526428800,706.72,688805,807257,2018-05-16 00:00:07 UTC,
5/17/2018,1526515200,668.38,651436,835761,2018-05-17 00:00:24 UTC,
5/18/2018,1526601600,693.57,675988,831831,2018-05-18 00:00:11 UTC,
5/19/2018,1526688000,696.05,678405,846288,2018-05-19 00:00:11 UTC,
5/20/2018,1526774400,715.15,697021,777283,2018-05-20 00:00:32 UTC,
5/21/2018,1526860800,696.73,679068,802211,2018-05-21 00:00:02 UTC,
5/22/2018,1526947200,640.84,624595,822409,2018-05-22 00:00:13 UTC,
5/23/2018,1527033600,577.01,562383,833377,2018-05-23 00:00:24 UTC,
5/24/2018,1527120000,602.59,587314,811167,2018-05-24 00:00:07 UTC,
5/25/2018,1527206400,584.77,569946,800838,2018-05-25 00:00:15 UTC,
5/26/2018,1527292800,585.76,570911,761932,2018-05-26 00:00:15 UTC,
5/27/2018,1527379200,569.64,555200,776024,2018-05-27 00:00:06 UTC,
5/28/2018,1527465600,512.03,499050,861002,2018-05-28 00:00:07 UTC,
5/29/2018,1527552000,566.59,552227,812332,2018-05-29 00:00:29 UTC,
5/30/2018,1527638400,557.12,542997,817144,2018-05-30 00:00:33 UTC,
5/31/2018,1527724800,577.23,562597,832841,2018-05-31 00:00:07 UTC,
6/1/2018,1527811200,579.01,564332,758117,2018-06-01 00:00:29 UTC,
6/2/2018,1527897600,590.53,575560,768017,2018-06-02 00:00:01 UTC,
6/3/2018,1527984000,619.04,603347,809997,2018-06-03 00:00:13 UTC,
6/4/2018,1528070400,591.31,576320,807165,2018-06-04 00:00:02 UTC,
6/5/2018,1528156800,608.23,592811,780654,2018-06-05 00:00:17 UTC,
6/6/2018,1528243200,606.3,590930,754070,2018-06-06 00:00:11 UTC,
6/7/2018,1528329600,604.44,589117,775828,2018-06-07 00:00:25 UTC,
6/8/2018,1528416000,599.55,584351,720017,2018-06-08 00:00:22 UTC,
6/9/2018,1528502400,593.38,578338,769427,2018-06-09 00:00:06 UTC,
6/10/2018,1528588800,524.74,511438,771280,2018-06-10 00:00:01 UTC,
6/11/2018,1528675200,531.15,517685,768985,2018-06-11 00:00:23 UTC,
6/12/2018,1528761600,494.53,481994,770199,2018-06-12 00:00:12 UTC,
6/13/2018,1528848000,476.3,464226,797637,2018-06-13 00:00:05 UTC,
6/14/2018,1528934400,519.83,506652,765916,2018-06-14 00:00:07 UTC,
6/15/2018,1529020800,487.51,475152,763803,2018-06-15 00:00:05 UTC,
6/16/2018,1529107200,497.22,484615,639775,2018-06-16 00:00:09 UTC,
6/17/2018,1529193600,496.74,484148,648548,2018-06-17 00:00:06 UTC,
6/18/2018,1529280000,517.63,504508,695753,2018-06-18 00:00:13 UTC,
6/19/2018,1529366400,538.45,524800,778765,2018-06-19 00:00:01 UTC,
6/20/2018,1529452800,536.16,522568,803076,2018-06-20 00:00:01 UTC,
6/21/2018,1529539200,525.77,512442,752035,2018-06-21 00:00:21 UTC,
6/22/2018,1529625600,462.16,450444,770457,2018-06-22 00:00:02 UTC,
6/23/2018,1529712000,474.18,462159,675918,2018-06-23 00:00:34 UTC,
6/24/2018,1529798400,455.25,443709,671994,2018-06-24 00:00:19 UTC,
6/25/2018,1529884800,458.82,447189,837265,2018-06-25 00:00:16 UTC,
6/26/2018,1529971200,429.58,418690,732170,2018-06-26 00:00:10 UTC,
6/27/2018,1530057600,441.75,430552,771938,2018-06-27 00:00:14 UTC,
6/28/2018,1530144000,420.72,410055,744784,2018-06-28 00:00:07 UTC,
6/29/2018,1530230400,435.25,424216,735092,2018-06-29 00:00:02 UTC,
6/30/2018,1530316800,453.42,441926,632981,2018-06-30 00:00:16 UTC,
7/1/2018,1530403200,451.95,440493,622633,2018-07-01 00:00:05 UTC,
7/2/2018,1530489600,476.58,464499,489559,2018-07-02 00:00:09 UTC,
7/3/2018,1530576000,461.95,450239,573532,2018-07-03 00:00:03 UTC,
7/4/2018,1530662400,467.19,455347,447112,2018-07-04 00:00:24 UTC,
7/5/2018,1530748800,467.55,455698,527586,2018-07-05 00:00:05 UTC,
7/6/2018,1530835200,469.93,458017,459075,2018-07-06 00:00:28 UTC,
7/7/2018,1530921600,485.81,473495,484105,2018-07-07 00:00:21 UTC,
7/8/2018,1531008000,486.19,473865,631505,2018-07-08 00:00:13 UTC,
7/9/2018,1531094400,471.48,459528,651926,2018-07-09 00:00:02 UTC,
7/10/2018,1531180800,432.69,421721,691771,2018-07-10 00:00:16 UTC,
7/11/2018,1531267200,445.59,434294,643920,2018-07-11 00:00:10 UTC,
7/12/2018,1531353600,430.91,419986,566058,2018-07-12 00:00:05 UTC,
7/13/2018,1531440000,432.46,421497,563317,2018-07-13 00:00:01 UTC,
7/14/2018,1531526400,433.74,422745,508951,2018-07-14 00:00:09 UTC,
7/15/2018,1531612800,449.62,438222,453706,2018-07-15 00:00:47 UTC,
7/16/2018,1531699200,478.75,466614,703999,2018-07-16 00:00:05 UTC,
7/17/2018,1531785600,499.06,486409,701292,2018-07-17 00:00:09 UTC,
7/18/2018,1531872000,479.02,466877,746145,2018-07-18 00:00:32 UTC,
7/19/2018,1531958400,468.65,456770,734702,2018-07-19 00:00:29 UTC,
7/20/2018,1532044800,448.84,437462,671608,2018-07-20 00:00:07 UTC,
7/21/2018,1532131200,461.04,449353,620634,2018-07-21 00:00:10 UTC,
7/22/2018,1532217600,457.65,446048,675356,2018-07-22 00:00:12 UTC,
7/23/2018,1532304000,449.63,438232,758702,2018-07-23 00:00:05 UTC,
7/24/2018,1532390400,479.47,467315,784865,2018-07-24 00:00:21 UTC,
7/25/2018,1532476800,471.28,459333,787527,2018-07-25 00:00:06 UTC,
7/26/2018,1532563200,462.03,450317,725630,2018-07-26 00:00:05 UTC,
7/27/2018,1532649600,469.69,457783,788715,2018-07-27 00:00:08 UTC,
7/28/2018,1532736000,468.55,456672,704019,2018-07-28 00:00:37 UTC,
7/29/2018,1532822400,466.2,454382,716308,2018-07-29 00:00:21 UTC,
7/30/2018,1532908800,456.56,444986,757712,2018-07-30 00:00:31 UTC,
7/31/2018,1532995200,431.99,421039,745063,2018-07-31 00:00:21 UTC,
8/1/2018,1533081600,419.87,409226,757758,2018-08-01 00:00:17 UTC,
8/2/2018,1533168000,410.83,400415,779928,2018-08-02 00:00:17 UTC,
8/3/2018,1533254400,417.62,407033,753190,2018-08-03 00:00:10 UTC,
8/4/2018,1533340800,406.91,396595,720548,2018-08-04 00:00:03 UTC,
8/5/2018,1533427200,408.81,398447,704249,2018-08-05 00:00:02 UTC,
8/6/2018,1533513600,404.95,394684,699536,2018-08-06 00:00:04 UTC,
8/7/2018,1533600000,377.94,368359,636342,2018-08-07 00:00:07 UTC,
8/8/2018,1533686400,355.57,346556,565663,2018-08-08 00:00:35 UTC,
8/9/2018,1533772800,363.51,354295,538530,2018-08-09 00:00:02 UTC,
8/10/2018,1533859200,331.57,323165,613892,2018-08-10 00:00:16 UTC,
8/11/2018,1533945600,309.01,301177,657312,2018-08-11 00:00:34 UTC,
8/12/2018,1534032000,309.01,301177,641927,2018-08-12 00:00:14 UTC,
8/13/2018,1534118400,284.03,276830,694941,2018-08-13 00:00:04 UTC,
8/14/2018,1534204800,278.31,271255,690348,2018-08-14 00:00:10 UTC,
8/15/2018,1534291200,281.24,274111,648565,2018-08-15 00:00:13 UTC,
8/16/2018,1534377600,286.8,279530,716732,2018-08-16 00:00:02 UTC,
8/17/2018,1534464000,317.57,309520,607270,2018-08-17 00:00:08 UTC,
8/18/2018,1534550400,294.85,287375,627522,2018-08-18 00:00:08 UTC,
8/19/2018,1534636800,299.62,292025,599660,2018-08-19 00:00:10 UTC,
8/20/2018,1534723200,270.81,263945,663769,2018-08-20 00:00:07 UTC,
8/21/2018,1534809600,281.13,274003,605685,2018-08-21 00:00:10 UTC,
8/22/2018,1534896000,270.37,263516,594872,2018-08-22 00:00:16 UTC,
8/23/2018,1534982400,275.83,268838,599557,2018-08-23 00:00:18 UTC,
8/24/2018,1535068800,281.37,274237,596227,2018-08-24 00:00:10 UTC,
8/25/2018,1535155200,277.56,270524,577239,2018-08-25 00:00:11 UTC,
8/26/2018,1535241600,274.3,267346,574117,2018-08-26 00:00:06 UTC,
8/27/2018,1535328000,288.02,280719,645890,2018-08-27 00:00:16 UTC,
8/28/2018,1535414400,295.55,288058,613844,2018-08-28 00:00:01 UTC,
8/29/2018,1535500800,288.67,281352,546841,2018-08-29 00:00:03 UTC,
8/30/2018,1535587200,284.15,276947,592847,2018-08-30 00:00:29 UTC,
8/31/2018,1535673600,281.66,274520,577258,2018-08-31 00:00:02 UTC,
9/1/2018,1535760000,295.36,287873,656254,2018-09-01 00:00:13 UTC,
9/2/2018,1535846400,295.02,287541,620267,2018-09-02 00:00:26 UTC,
9/3/2018,1535932800,288.97,281645,631429,2018-09-03 00:00:01 UTC,
9/4/2018,1536019200,285.23,277999,589521,2018-09-04 00:00:07 UTC,
9/5/2018,1536105600,228.27,222483,626957,2018-09-05 00:00:09 UTC,
9/6/2018,1536192000,229.52,223702,588959,2018-09-06 00:00:16 UTC,
9/7/2018,1536278400,215.14,209686,582184,2018-09-07 00:01:18 UTC,
9/8/2018,1536364800,196.77,191782,543337,2018-09-08 00:00:01 UTC,
9/9/2018,1536451200,195.99,191022,565662,2018-09-09 00:00:27 UTC,
9/10/2018,1536537600,197.14,192142,561580,2018-09-10 00:00:18 UTC,
9/11/2018,1536624000,185.15,180456,557317,2018-09-11 00:00:08 UTC,
9/12/2018,1536710400,183.03,178390,570702,2018-09-12 00:00:23 UTC,
9/13/2018,1536796800,211.27,205914,555724,2018-09-13 00:00:03 UTC,
9/14/2018,1536883200,208.87,203575,514394,2018-09-14 00:00:15 UTC,
9/15/2018,1536969600,221.63,216012,479695,2018-09-15 00:00:01 UTC,
9/16/2018,1537056000,220.12,214540,458432,2018-09-16 00:00:19 UTC,
9/17/2018,1537142400,196.04,191070,553720,2018-09-17 00:00:14 UTC,
9/18/2018,1537228800,208.39,203107,500513,2018-09-18 00:00:55 UTC,
9/19/2018,1537315200,209.78,204462,507255,2018-09-19 00:00:04 UTC,
9/20/2018,1537401600,224.76,219062,498146,2018-09-20 00:00:05 UTC,
9/21/2018,1537488000,247.69,241411,544686,2018-09-21 00:00:31 UTC,
9/22/2018,1537574400,240.78,234676,470309,2018-09-22 00:00:07 UTC,
9/23/2018,1537660800,244.55,238351,468627,2018-09-23 00:00:05 UTC,
9/24/2018,1537747200,227.92,222142,480337,2018-09-24 00:00:16 UTC,
9/25/2018,1537833600,219.2,213643,519108,2018-09-25 00:00:05 UTC,
9/26/2018,1537920000,214.21,208780,493507,2018-09-26 00:00:03 UTC,
9/27/2018,1538006400,229.09,223283,504084,2018-09-27 00:00:14 UTC,
9/28/2018,1538092800,221.56,215943,500370,2018-09-28 00:00:07 UTC,
9/29/2018,1538179200,231.32,225456,434315,2018-09-29 00:00:07 UTC,
9/30/2018,1538265600,232.6,226704,479351,2018-09-30 00:00:26 UTC,
10/1/2018,1538352000,230.89,225037,476308,2018-10-01 00:00:12 UTC,
10/2/2018,1538438400,225.41,219696,490262,2018-10-02 00:00:02 UTC,
10/3/2018,1538524800,219.97,214394,559006,2018-10-03 00:00:03 UTC,
10/4/2018,1538611200,221.76,216138,559181,2018-10-04 00:00:01 UTC,
10/5/2018,1538697600,227.9,222123,595361,2018-10-05 00:00:10 UTC,
10/6/2018,1538784000,224.62,218926,596865,2018-10-06 00:00:09 UTC,
10/7/2018,1538870400,225.65,219930,497767,2018-10-07 00:00:03 UTC,
10/8/2018,1538956800,229.33,223516,542842,2018-10-08 00:00:15 UTC,
10/9/2018,1539043200,227.49,221723,537028,2018-10-09 00:00:07 UTC,
10/10/2018,1539129600,225.26,219550,516772,2018-10-10 00:00:01 UTC,
10/11/2018,1539216000,189.83,185018,570525,2018-10-11 00:00:03 UTC,
10/12/2018,1539302400,195.97,191002,562140,2018-10-12 00:00:10 UTC,
10/13/2018,1539388800,199.45,194394,541797,2018-10-13 00:00:28 UTC,
10/14/2018,1539475200,194.99,190047,511719,2018-10-14 00:00:09 UTC,
10/15/2018,1539561600,210.8,205456,562040,2018-10-15 00:00:11 UTC,
10/16/2018,1539648000,210.22,204891,575433,2018-10-16 00:00:08 UTC,
10/17/2018,1539734400,207.6,202337,580342,2018-10-17 00:00:09 UTC,
10/18/2018,1539820800,202.49,197357,565791,2018-10-18 00:00:02 UTC,
10/19/2018,1539907200,202.86,197717,601119,2018-10-19 00:00:02 UTC,
10/20/2018,1539993600,205.08,199881,534080,2018-10-20 00:00:25 UTC,
10/21/2018,1540080000,204.77,199579,508014,2018-10-21 00:00:11 UTC,
10/22/2018,1540166400,203.6,198439,577314,2018-10-22 00:00:20 UTC,
10/23/2018,1540252800,203.7,198536,556231,2018-10-23 00:00:07 UTC,
10/24/2018,1540339200,202.92,197776,532747,2018-10-24 00:00:03 UTC,
10/25/2018,1540425600,201.23,196129,537198,2018-10-25 00:00:43 UTC,
10/26/2018,1540512000,203.37,198215,551218,2018-10-26 00:00:03 UTC,
10/27/2018,1540598400,202.79,197649,499165,2018-10-27 00:00:22 UTC,
10/28/2018,1540684800,203.72,198556,509862,2018-10-28 00:00:02 UTC,
10/29/2018,1540771200,195.67,190710,614695,2018-10-29 00:00:06 UTC,
10/30/2018,1540857600,196.19,191217,608397,2018-10-30 00:00:11 UTC,
10/31/2018,1540944000,197.85,192834,585707,2018-10-31 00:00:01 UTC,
11/1/2018,1541030400,198.73,193692,589096,2018-11-01 00:00:20 UTC,
11/2/2018,1541116800,201.02,195924,548548,2018-11-02 00:00:27 UTC,
11/3/2018,1541203200,199.47,194413,505001,2018-11-03 00:00:04 UTC,
11/4/2018,1541289600,211.3,205944,510848,2018-11-04 00:00:12 UTC,
11/5/2018,1541376000,209.7,204384,582354,2018-11-05 00:00:37 UTC,
11/6/2018,1541462400,219.56,213994,597166,2018-11-06 00:00:28 UTC,
11/7/2018,1541548800,217.99,212464,564602,2018-11-07 00:00:02 UTC,
11/8/2018,1541635200,211.29,205934,555392,2018-11-08 00:00:41 UTC,
11/9/2018,1541721600,209.39,204082,547848,2018-11-09 00:00:23 UTC,
